image_path,mask_path,label,folder,view,stone_id,pred,true,fold,prob_COM,prob_COD,prob_Mixto,prob_Infeccioso,prob_Urico
/home/ikk/renal-calculi-classificaction/DATASET/RESIZED/6/surface/6_2662SE_surface.png,/home/ikk/renal-calculi-classificaction/DATASET/RESIZED/6/surface/MASKS/6_2662SE_surface_mask.png,3,6,surface,6_2662SE,1,3,1,0.018829342,0.5534615,0.22975722,0.16683146,0.031120498
/home/ikk/renal-calculi-classificaction/DATASET/RESIZED/6/surface/6_3260SE.jpg,/home/ikk/renal-calculi-classificaction/DATASET/RESIZED/6/surface/MASKS/6_3260SE_mask.png,3,6,surface,6_3260SE,3,3,1,0.0033261785,0.00087872054,0.0044291522,0.99061006,0.00075590133
/home/ikk/renal-calculi-classificaction/DATASET/RESIZED/6/surface/6_2365SE_1.png,/home/ikk/renal-calculi-classificaction/DATASET/RESIZED/6/surface/MASKS/6_2365SE_1_mask.png,3,6,surface,6_2365SE,3,3,1,0.023736384,0.0038475904,0.018798374,0.93230635,0.021311285
/home/ikk/renal-calculi-classificaction/DATASET/RESIZED/6/section/6_2535SE_1.png,/home/ikk/renal-calculi-classificaction/DATASET/RESIZED/6/section/MASKS/6_2535SE_1_mask.png,3,6,section,6_2535SE,2,3,1,0.029413931,0.012464335,0.6253755,0.3226075,0.010138746
/home/ikk/renal-calculi-classificaction/DATASET/RESIZED/6/section/6_2662SE_section.png,/home/ikk/renal-calculi-classificaction/DATASET/RESIZED/6/section/MASKS/6_2662SE_section_mask.png,3,6,section,6_2662SE,3,3,1,0.064808674,0.0263154,0.25121355,0.648008,0.00965436
/home/ikk/renal-calculi-classificaction/DATASET/RESIZED/6/section/6_2535SE_2.png,/home/ikk/renal-calculi-classificaction/DATASET/RESIZED/6/section/MASKS/6_2535SE_2_mask.png,3,6,section,6_2535SE,3,3,1,0.005607409,0.0023727329,0.042859107,0.94501895,0.0041418625
/home/ikk/renal-calculi-classificaction/DATASET/RESIZED/6/section/6_3198SE.jpg,/home/ikk/renal-calculi-classificaction/DATASET/RESIZED/6/section/MASKS/6_3198SE_mask.png,3,6,section,6_3198SE,0,3,1,0.85214245,0.03193939,0.045698293,0.009591518,0.060628295
/home/ikk/renal-calculi-classificaction/DATASET/RESIZED/6/section/6_2365SE_2.png,/home/ikk/renal-calculi-classificaction/DATASET/RESIZED/6/section/MASKS/6_2365SE_2_mask.png,3,6,section,6_2365SE,3,3,1,0.03937902,0.008955339,0.23966612,0.6731597,0.038839772
/home/ikk/renal-calculi-classificaction/DATASET/RESIZED/6/section/6_2212SE.jpg,/home/ikk/renal-calculi-classificaction/DATASET/RESIZED/6/section/MASKS/6_2212SE_mask.png,3,6,section,6_2212SE,3,3,1,0.0050817835,0.0011992208,0.007493101,0.9855387,0.00068711553
/home/ikk/renal-calculi-classificaction/DATASET/RESIZED/8aI - 8aII/surface/8aII_2951SE.jpg,/home/ikk/renal-calculi-classificaction/DATASET/RESIZED/8aI - 8aII/surface/MASKS/8aII_2951SE_mask.png,4,8aI - 8aII,surface,8aII_2951SE,4,4,1,0.012259415,0.0024088833,0.0018874445,0.0031860792,0.9802581
/home/ikk/renal-calculi-classificaction/DATASET/RESIZED/8aI - 8aII/surface/8aI_2044SE_1.jpg,/home/ikk/renal-calculi-classificaction/DATASET/RESIZED/8aI - 8aII/surface/MASKS/8aI_2044SE_1_mask.png,4,8aI - 8aII,surface,8aI_2044SE,2,4,1,0.03540311,0.017195014,0.89818597,0.030807408,0.018408526
/home/ikk/renal-calculi-classificaction/DATASET/RESIZED/8aI - 8aII/surface/8aII_2826SE.jpg,/home/ikk/renal-calculi-classificaction/DATASET/RESIZED/8aI - 8aII/surface/MASKS/8aII_2826SE_mask.png,4,8aI - 8aII,surface,8aII_2826SE,4,4,1,0.016667979,0.003189726,0.0017285341,0.003153984,0.9752597
/home/ikk/renal-calculi-classificaction/DATASET/RESIZED/8aI - 8aII/section/8aII_2106SE.jpg,/home/ikk/renal-calculi-classificaction/DATASET/RESIZED/8aI - 8aII/section/MASKS/8aII_2106SE_mask.png,4,8aI - 8aII,section,8aII_2106SE,0,4,1,0.31726593,0.10307604,0.29773468,0.08234396,0.19957939
/home/ikk/renal-calculi-classificaction/DATASET/RESIZED/8aI - 8aII/section/8aI_2044SE_2.jpg,/home/ikk/renal-calculi-classificaction/DATASET/RESIZED/8aI - 8aII/section/MASKS/8aI_2044SE_2_mask.png,4,8aI - 8aII,section,8aI_2044SE,0,4,1,0.51868397,0.017425645,0.18018308,0.020721646,0.26298562
/home/ikk/renal-calculi-classificaction/DATASET/RESIZED/8aI - 8aII/section/8aII_2515SE.png,/home/ikk/renal-calculi-classificaction/DATASET/RESIZED/8aI - 8aII/section/MASKS/8aII_2515SE_mask.png,4,8aI - 8aII,section,8aII_2515SE,4,4,1,0.3758148,0.04879407,0.08513276,0.030682245,0.45957613
/home/ikk/renal-calculi-classificaction/DATASET/RESIZED/8aI - 8aII/section/8aII_3102SE.png,/home/ikk/renal-calculi-classificaction/DATASET/RESIZED/8aI - 8aII/section/MASKS/8aII_3102SE_mask.png,4,8aI - 8aII,section,8aII_3102SE,4,4,1,0.0039953855,0.007798578,0.0043992205,0.005359593,0.97844726
/home/ikk/renal-calculi-classificaction/DATASET/RESIZED/3aII/surface/3aII_2047SE.jpg,/home/ikk/renal-calculi-classificaction/DATASET/RESIZED/3aII/surface/MASKS/3aII_2047SE_mask.png,1,3aII,surface,3aII_2047SE,2,1,1,0.068805344,0.07643066,0.8454754,0.0037694406,0.0055191964
/home/ikk/renal-calculi-classificaction/DATASET/RESIZED/3aII/surface/3aII_3381SE.jpg,/home/ikk/renal-calculi-classificaction/DATASET/RESIZED/3aII/surface/MASKS/3aII_3381SE_mask.png,1,3aII,surface,3aII_3381SE,2,1,1,0.16133603,0.22411804,0.57353055,0.02814627,0.012869095
/home/ikk/renal-calculi-classificaction/DATASET/RESIZED/3aII/surface/3aII_2682SE.png,/home/ikk/renal-calculi-classificaction/DATASET/RESIZED/3aII/surface/MASKS/3aII_2682SE_mask.png,1,3aII,surface,3aII_2682SE,0,1,1,0.5461799,0.072543584,0.083095565,0.03673892,0.26144204
/home/ikk/renal-calculi-classificaction/DATASET/RESIZED/3bII/surface/3bII_2024SE.jpg,/home/ikk/renal-calculi-classificaction/DATASET/RESIZED/3bII/surface/MASKS/3bII_2024SE_mask.png,2,3bII,surface,3bII_2024SE,2,2,1,0.17165811,0.08529493,0.7290423,0.0070874603,0.0069172075
/home/ikk/renal-calculi-classificaction/DATASET/RESIZED/3bII/surface/3bII_1863SE.jpg,/home/ikk/renal-calculi-classificaction/DATASET/RESIZED/3bII/surface/MASKS/3bII_1863SE_mask.png,2,3bII,surface,3bII_1863SE,0,2,1,0.5686432,0.037191804,0.3035388,0.008696648,0.08192954
/home/ikk/renal-calculi-classificaction/DATASET/RESIZED/3bII/surface/3bII_2434SE.png,/home/ikk/renal-calculi-classificaction/DATASET/RESIZED/3bII/surface/MASKS/3bII_2434SE_mask.png,2,3bII,surface,3bII_2434SE,0,2,1,0.63941824,0.07784039,0.23909636,0.016929802,0.026715206
/home/ikk/renal-calculi-classificaction/DATASET/RESIZED/3bII/surface/3bII_3007SE.jpg,/home/ikk/renal-calculi-classificaction/DATASET/RESIZED/3bII/surface/MASKS/3bII_3007SE_mask.png,2,3bII,surface,3bII_3007SE,2,2,1,0.013757846,0.011764921,0.910646,0.06102128,0.0028099387
/home/ikk/renal-calculi-classificaction/DATASET/RESIZED/3bII/surface/3bII_2258SE.png,/home/ikk/renal-calculi-classificaction/DATASET/RESIZED/3bII/surface/MASKS/3bII_2258SE_mask.png,2,3bII,surface,3bII_2258SE,2,2,1,0.017536776,0.01305893,0.66911316,0.28472945,0.015561697
/home/ikk/renal-calculi-classificaction/DATASET/RESIZED/3bII/surface/3bII_2699SE.jpg,/home/ikk/renal-calculi-classificaction/DATASET/RESIZED/3bII/surface/MASKS/3bII_2699SE_mask.png,2,3bII,surface,3bII_2699SE,1,2,1,0.34479454,0.37012893,0.22307865,0.028747236,0.033250626
/home/ikk/renal-calculi-classificaction/DATASET/RESIZED/3bII/surface/3bII_2251SE.png,/home/ikk/renal-calculi-classificaction/DATASET/RESIZED/3bII/surface/MASKS/3bII_2251SE_mask.png,2,3bII,surface,3bII_2251SE,2,2,1,0.00863262,0.040206224,0.7594257,0.18932907,0.0024063606
/home/ikk/renal-calculi-classificaction/DATASET/RESIZED/3bII/surface/3bII_1985SE_1.jpg,/home/ikk/renal-calculi-classificaction/DATASET/RESIZED/3bII/surface/MASKS/3bII_1985SE_1_mask.png,2,3bII,surface,3bII_1985SE,2,2,1,0.06417679,0.006159432,0.91542673,0.007956901,0.0062801135
/home/ikk/renal-calculi-classificaction/DATASET/RESIZED/3bII/section/3bII_3069SE.png,/home/ikk/renal-calculi-classificaction/DATASET/RESIZED/3bII/section/MASKS/3bII_3069SE_mask.png,2,3bII,section,3bII_3069SE,2,2,1,0.097186446,0.13732381,0.3580037,0.079354726,0.3281313
/home/ikk/renal-calculi-classificaction/DATASET/RESIZED/3bII/section/3bII_1985SE_2.jpg,/home/ikk/renal-calculi-classificaction/DATASET/RESIZED/3bII/section/MASKS/3bII_1985SE_2_mask.png,2,3bII,section,3bII_1985SE,2,2,1,0.12843665,0.16397902,0.57950354,0.11579191,0.012288856
/home/ikk/renal-calculi-classificaction/DATASET/RESIZED/3bII/section/3bII_MO_1868SE.jpg,/home/ikk/renal-calculi-classificaction/DATASET/RESIZED/3bII/section/MASKS/3bII_MO_1868SE_mask.png,2,3bII,section,3bII_MO_1868SE,1,2,1,0.036842622,0.650497,0.25044572,0.022022516,0.040192094
/home/ikk/renal-calculi-classificaction/DATASET/RESIZED/3bII/section/3bII_1804SE.jpg,/home/ikk/renal-calculi-classificaction/DATASET/RESIZED/3bII/section/MASKS/3bII_1804SE_mask.png,2,3bII,section,3bII_1804SE,2,2,1,0.18077497,0.15337643,0.5850341,0.007943486,0.07287106
/home/ikk/renal-calculi-classificaction/DATASET/RESIZED/3bII/section/3bII_1941SE.jpg,/home/ikk/renal-calculi-classificaction/DATASET/RESIZED/3bII/section/MASKS/3bII_1941SE_mask.png,2,3bII,section,3bII_1941SE,2,2,1,0.11738068,0.01858175,0.84509677,0.010908963,0.008031872
/home/ikk/renal-calculi-classificaction/DATASET/RESIZED/3bII/section/3bII_2759SE.jpg,/home/ikk/renal-calculi-classificaction/DATASET/RESIZED/3bII/section/MASKS/3bII_2759SE_mask.png,2,3bII,section,3bII_2759SE,2,2,1,0.12665732,0.009133147,0.8007929,0.05869568,0.0047210115
/home/ikk/renal-calculi-classificaction/DATASET/RESIZED/2a/surface/2a_1796SE_2.jpg,/home/ikk/renal-calculi-classificaction/DATASET/RESIZED/2a/surface/MASKS/2a_1796SE_2_mask.png,0,2a,surface,2a_1796SE,0,0,1,0.41946077,0.0719426,0.2908054,0.009681102,0.20811014
/home/ikk/renal-calculi-classificaction/DATASET/RESIZED/2a/surface/2a_2156SE.jpg,/home/ikk/renal-calculi-classificaction/DATASET/RESIZED/2a/surface/MASKS/2a_2156SE_mask.png,0,2a,surface,2a_2156SE,0,0,1,0.756879,0.015114413,0.15415663,0.04275515,0.031094845
/home/ikk/renal-calculi-classificaction/DATASET/RESIZED/2a/surface/2a_1782SE_surface.jpg,/home/ikk/renal-calculi-classificaction/DATASET/RESIZED/2a/surface/MASKS/2a_1782SE_surface_mask.png,0,2a,surface,2a_1782SE,2,0,1,0.30858377,0.09652124,0.5411112,0.0076120356,0.046171818
/home/ikk/renal-calculi-classificaction/DATASET/RESIZED/2a/surface/2a_1939SE.jpg,/home/ikk/renal-calculi-classificaction/DATASET/RESIZED/2a/surface/MASKS/2a_1939SE_mask.png,0,2a,surface,2a_1939SE,0,0,1,0.3777679,0.02498741,0.2667146,0.3048816,0.025648454
/home/ikk/renal-calculi-classificaction/DATASET/RESIZED/2a/surface/2a_3387SE.jpg,/home/ikk/renal-calculi-classificaction/DATASET/RESIZED/2a/surface/MASKS/2a_3387SE_mask.png,0,2a,surface,2a_3387SE,3,0,1,0.035663098,0.005887388,0.16708855,0.7832461,0.0081148455
/home/ikk/renal-calculi-classificaction/DATASET/RESIZED/2a/surface/2a_1796SE.jpg,/home/ikk/renal-calculi-classificaction/DATASET/RESIZED/2a/surface/MASKS/2a_1796SE_mask.png,0,2a,surface,2a_1796SE,0,0,1,0.6964033,0.081429,0.09724651,0.009283854,0.115637265
/home/ikk/renal-calculi-classificaction/DATASET/RESIZED/2a/section/2a_2883SE.jpg,/home/ikk/renal-calculi-classificaction/DATASET/RESIZED/2a/section/MASKS/2a_2883SE_mask.png,0,2a,section,2a_2883SE,0,0,1,0.9266696,0.003512384,0.021553999,0.002590603,0.04567344
/home/ikk/renal-calculi-classificaction/DATASET/RESIZED/2a/section/2a_1782SE_section.jpg,/home/ikk/renal-calculi-classificaction/DATASET/RESIZED/2a/section/MASKS/2a_1782SE_section_mask.png,0,2a,section,2a_1782SE,0,0,1,0.83761626,0.018200547,0.122583054,0.0025763945,0.019023765
/home/ikk/renal-calculi-classificaction/DATASET/RESIZED/2a/section/2a_2149SE_1.jpg,/home/ikk/renal-calculi-classificaction/DATASET/RESIZED/2a/section/MASKS/2a_2149SE_1_mask.png,0,2a,section,2a_2149SE,0,0,1,0.9902311,0.0015078519,0.00584094,0.0006766839,0.0017433934
/home/ikk/renal-calculi-classificaction/DATASET/RESIZED/2a/section/2a_1939SE_3.jpg,/home/ikk/renal-calculi-classificaction/DATASET/RESIZED/2a/section/MASKS/2a_1939SE_3_mask.png,0,2a,section,2a_1939SE,0,0,1,0.8525705,0.007830478,0.078299746,0.0047304532,0.056568813
/home/ikk/renal-calculi-classificaction/DATASET/RESIZED/2a/section/2a_1910SE.jpg,/home/ikk/renal-calculi-classificaction/DATASET/RESIZED/2a/section/MASKS/2a_1910SE_mask.png,0,2a,section,2a_1910SE,0,0,1,0.78578603,0.0056135156,0.07756404,0.12202991,0.009006435
/home/ikk/renal-calculi-classificaction/DATASET/RESIZED/2a/section/2a_1960SE.jpg,/home/ikk/renal-calculi-classificaction/DATASET/RESIZED/2a/section/MASKS/2a_1960SE_mask.png,0,2a,section,2a_1960SE,0,0,1,0.519795,0.058976695,0.3996771,0.006708328,0.014842835
/home/ikk/renal-calculi-classificaction/DATASET/RESIZED/2a/section/2a_2218SE.jpg,/home/ikk/renal-calculi-classificaction/DATASET/RESIZED/2a/section/MASKS/2a_2218SE_mask.png,0,2a,section,2a_2218SE,0,0,1,0.8128816,0.015473142,0.16441293,0.0030074283,0.004224907
/home/ikk/renal-calculi-classificaction/DATASET/RESIZED/2a/section/2a_3345SE.jpg,/home/ikk/renal-calculi-classificaction/DATASET/RESIZED/2a/section/MASKS/2a_3345SE_mask.png,0,2a,section,2a_3345SE,0,0,1,0.5500591,0.020009596,0.39526796,0.021168523,0.013494852
/home/ikk/renal-calculi-classificaction/DATASET/RESIZED/2a/section/2a_2149SE_2.jpg,/home/ikk/renal-calculi-classificaction/DATASET/RESIZED/2a/section/MASKS/2a_2149SE_2_mask.png,0,2a,section,2a_2149SE,0,0,1,0.8548153,0.0053666066,0.13210441,0.0022027995,0.0055108657
/home/ikk/renal-calculi-classificaction/DATASET/RESIZED/2a/section/2a_2708SE.jpg,/home/ikk/renal-calculi-classificaction/DATASET/RESIZED/2a/section/MASKS/2a_2708SE_mask.png,0,2a,section,2a_2708SE,0,0,1,0.5455158,0.07674848,0.16944993,0.16259272,0.045693107
/home/ikk/renal-calculi-classificaction/DATASET/RESIZED/2a/section/2a_2060SE.jpg,/home/ikk/renal-calculi-classificaction/DATASET/RESIZED/2a/section/MASKS/2a_2060SE_mask.png,0,2a,section,2a_2060SE,0,0,1,0.8923737,0.014280197,0.085569255,0.0022310128,0.00554588
/home/ikk/renal-calculi-classificaction/DATASET/RESIZED/2a/section/2a_2790SE.jpg,/home/ikk/renal-calculi-classificaction/DATASET/RESIZED/2a/section/MASKS/2a_2790SE_mask.png,0,2a,section,2a_2790SE,0,0,1,0.8255542,0.005098519,0.15807681,0.003584397,0.007686063
/home/ikk/renal-calculi-classificaction/DATASET/RESIZED/2a/section/2a_1980SE.jpg,/home/ikk/renal-calculi-classificaction/DATASET/RESIZED/2a/section/MASKS/2a_1980SE_mask.png,0,2a,section,2a_1980SE,1,0,1,0.13053216,0.60496444,0.16132204,0.059776355,0.043405045
/home/ikk/renal-calculi-classificaction/DATASET/RESIZED/2a/section/2a_3382SE.jpg,/home/ikk/renal-calculi-classificaction/DATASET/RESIZED/2a/section/MASKS/2a_3382SE_mask.png,0,2a,section,2a_3382SE,2,0,1,0.33653778,0.09341637,0.47776133,0.01518622,0.07709834
/home/ikk/renal-calculi-classificaction/DATASET/RESIZED/2a/section/2a_1939SE_2.jpg,/home/ikk/renal-calculi-classificaction/DATASET/RESIZED/2a/section/MASKS/2a_1939SE_2_mask.png,0,2a,section,2a_1939SE,0,0,1,0.967705,0.0028285594,0.012041658,0.001974342,0.015450371
/home/ikk/renal-calculi-classificaction/DATASET/RESIZED/4II-4I/surface/4II_2731SE.jpg,/home/ikk/renal-calculi-classificaction/DATASET/RESIZED/4II-4I/surface/MASKS/4II_2731SE_mask.png,2,4II-4I,surface,4II_2731SE,2,2,1,0.20448838,0.26900142,0.31132886,0.07172021,0.14346117
/home/ikk/renal-calculi-classificaction/DATASET/RESIZED/4II-4I/surface/4II_1906SE.jpg,/home/ikk/renal-calculi-classificaction/DATASET/RESIZED/4II-4I/surface/MASKS/4II_1906SE_mask.png,2,4II-4I,surface,4II_1906SE,2,2,1,0.073011994,0.33298442,0.5005022,0.046915013,0.046586335
/home/ikk/renal-calculi-classificaction/DATASET/RESIZED/4II-4I/surface/4II_1906SE_2.jpg,/home/ikk/renal-calculi-classificaction/DATASET/RESIZED/4II-4I/surface/MASKS/4II_1906SE_2_mask.png,2,4II-4I,surface,4II_1906SE,2,2,1,0.045411136,0.30981678,0.46173614,0.11919968,0.063836254
/home/ikk/renal-calculi-classificaction/DATASET/RESIZED/4II-4I/surface/4I_3506SE.png,/home/ikk/renal-calculi-classificaction/DATASET/RESIZED/4II-4I/surface/MASKS/4I_3506SE_mask.png,2,4II-4I,surface,4I_3506SE,1,2,1,0.008422095,0.73050493,0.07157921,0.021343026,0.16815078
/home/ikk/renal-calculi-classificaction/DATASET/RESIZED/4II-4I/section/4II_1933SE.jpg,/home/ikk/renal-calculi-classificaction/DATASET/RESIZED/4II-4I/section/MASKS/4II_1933SE_mask.png,2,4II-4I,section,4II_1933SE,2,2,1,0.055123325,0.035263553,0.7410916,0.16043645,0.008085079
/home/ikk/renal-calculi-classificaction/DATASET/RESIZED/4II-4I/section/4II_9.png,/home/ikk/renal-calculi-classificaction/DATASET/RESIZED/4II-4I/section/MASKS/4II_9_mask.png,2,4II-4I,section,4II_9,2,2,1,0.011261387,0.0067198654,0.501301,0.4770781,0.003639683
/home/ikk/renal-calculi-classificaction/DATASET/RESIZED/4II-4I/section/4I_2753SE.jpg,/home/ikk/renal-calculi-classificaction/DATASET/RESIZED/4II-4I/section/MASKS/4I_2753SE_mask.png,2,4II-4I,section,4I_2753SE,2,2,1,0.027647637,0.071440734,0.46856827,0.40002507,0.032318246
/home/ikk/renal-calculi-classificaction/DATASET/RESIZED/4II-4I/section/4II_3132SE.png,/home/ikk/renal-calculi-classificaction/DATASET/RESIZED/4II-4I/section/MASKS/4II_3132SE_mask.png,2,4II-4I,section,4II_3132SE,2,2,1,0.2833294,0.09220959,0.601151,0.010198463,0.0131115625
/home/ikk/renal-calculi-classificaction/DATASET/RESIZED/4II-4I/section/4I_COM_1898SE.jpg,/home/ikk/renal-calculi-classificaction/DATASET/RESIZED/4II-4I/section/MASKS/4I_COM_1898SE_mask.png,2,4II-4I,section,4I_COM_1898SE,4,2,1,0.3605168,0.020083668,0.22876754,0.0069025825,0.38372943
/home/ikk/renal-calculi-classificaction/DATASET/RESIZED/4II-4I/section/4II_1933SE_2.jpg,/home/ikk/renal-calculi-classificaction/DATASET/RESIZED/4II-4I/section/MASKS/4II_1933SE_2_mask.png,2,4II-4I,section,4II_1933SE,2,2,1,0.005491613,0.0022947476,0.98072356,0.010316949,0.0011731327
/home/ikk/renal-calculi-classificaction/DATASET/RESIZED/4II-4I/section/4II_3166SE.jpg,/home/ikk/renal-calculi-classificaction/DATASET/RESIZED/4II-4I/section/MASKS/4II_3166SE_mask.png,2,4II-4I,section,4II_3166SE,2,2,1,0.018032577,0.0077303424,0.8725513,0.095352404,0.0063333362
/home/ikk/renal-calculi-classificaction/DATASET/RESIZED/1aI/surface/1aI_COD_sup_1828SE.jpg,/home/ikk/renal-calculi-classificaction/DATASET/RESIZED/1aI/surface/MASKS/1aI_COD_sup_1828SE_mask.png,0,1aI,surface,1aI_COD_sup_1828SE,0,0,1,0.44483313,0.0630451,0.42052022,0.013888741,0.057712782
/home/ikk/renal-calculi-classificaction/DATASET/RESIZED/1aI/surface/1aI_3111SE.png,/home/ikk/renal-calculi-classificaction/DATASET/RESIZED/1aI/surface/MASKS/1aI_3111SE_mask.png,0,1aI,surface,1aI_3111SE,0,0,1,0.96620685,0.0026715468,0.011158133,0.016265,0.0036984787
/home/ikk/renal-calculi-classificaction/DATASET/RESIZED/1aI/surface/1aI_COD_sup_2524SE.png,/home/ikk/renal-calculi-classificaction/DATASET/RESIZED/1aI/surface/MASKS/1aI_COD_sup_2524SE_mask.png,0,1aI,surface,1aI_COD_sup_2524SE,0,0,1,0.79266703,0.035471957,0.14940996,0.009816858,0.012634249
/home/ikk/renal-calculi-classificaction/DATASET/RESIZED/1aI/surface/1aI_COD_sup_1929SE.jpg,/home/ikk/renal-calculi-classificaction/DATASET/RESIZED/1aI/surface/MASKS/1aI_COD_sup_1929SE_mask.png,0,1aI,surface,1aI_COD_sup_1929SE,0,0,1,0.9834705,0.0032274337,0.007563634,0.0015325244,0.004205912
/home/ikk/renal-calculi-classificaction/DATASET/RESIZED/1aI/surface/1aI_1992SE_2.jpg,/home/ikk/renal-calculi-classificaction/DATASET/RESIZED/1aI/surface/MASKS/1aI_1992SE_2_mask.png,0,1aI,surface,1aI_1992SE,0,0,1,0.8200844,0.036774863,0.10730762,0.011653031,0.02418008
/home/ikk/renal-calculi-classificaction/DATASET/RESIZED/1aI/surface/1aI_1794SE.jpg,/home/ikk/renal-calculi-classificaction/DATASET/RESIZED/1aI/surface/MASKS/1aI_1794SE_mask.png,0,1aI,surface,1aI_1794SE,2,0,1,0.30952317,0.023867622,0.38329762,0.0194631,0.2638485
/home/ikk/renal-calculi-classificaction/DATASET/RESIZED/1aI/surface/1aI_2411SE_1.png,/home/ikk/renal-calculi-classificaction/DATASET/RESIZED/1aI/surface/MASKS/1aI_2411SE_1_mask.png,0,1aI,surface,1aI_2411SE,2,0,1,0.027664619,0.022736851,0.9023034,0.042418502,0.004876682
/home/ikk/renal-calculi-classificaction/DATASET/RESIZED/1aI/surface/1aI_1992SE_1.jpg,/home/ikk/renal-calculi-classificaction/DATASET/RESIZED/1aI/surface/MASKS/1aI_1992SE_1_mask.png,0,1aI,surface,1aI_1992SE,0,0,1,0.9792731,0.0014755414,0.013903345,0.0010953075,0.0042527155
/home/ikk/renal-calculi-classificaction/DATASET/RESIZED/1aI/section/1aI_2014SE.jpg,/home/ikk/renal-calculi-classificaction/DATASET/RESIZED/1aI/section/MASKS/1aI_2014SE_mask.png,0,1aI,section,1aI_2014SE,0,0,1,0.58462036,0.014125905,0.37130883,0.007335583,0.022609306
/home/ikk/renal-calculi-classificaction/DATASET/RESIZED/1aI/section/1aI_2408SE_1.png,/home/ikk/renal-calculi-classificaction/DATASET/RESIZED/1aI/section/MASKS/1aI_2408SE_1_mask.png,0,1aI,section,1aI_2408SE,4,0,1,0.18112434,0.015146958,0.2155798,0.013564952,0.574584
/home/ikk/renal-calculi-classificaction/DATASET/RESIZED/1aI/section/1aI_2411SE_2.png,/home/ikk/renal-calculi-classificaction/DATASET/RESIZED/1aI/section/MASKS/1aI_2411SE_2_mask.png,0,1aI,section,1aI_2411SE,2,0,1,0.01407375,0.025024308,0.9053153,0.04603256,0.009554136
/home/ikk/renal-calculi-classificaction/DATASET/RESIZED/1aI/section/1aI_2408SE_2.png,/home/ikk/renal-calculi-classificaction/DATASET/RESIZED/1aI/section/MASKS/1aI_2408SE_2_mask.png,0,1aI,section,1aI_2408SE,0,0,1,0.97623265,0.0058670393,0.009738354,0.0021920628,0.0059698755
/home/ikk/renal-calculi-classificaction/DATASET/RESIZED/6/surface/6_3002SE.jpg,/home/ikk/renal-calculi-classificaction/DATASET/RESIZED/6/surface/MASKS/6_3002SE_mask.png,3,6,surface,6_3002SE,3,3,2,0.012111823,0.0024076395,0.016384125,0.96299666,0.00609976
/home/ikk/renal-calculi-classificaction/DATASET/RESIZED/6/surface/6_2023SE_3.jpg,/home/ikk/renal-calculi-classificaction/DATASET/RESIZED/6/surface/MASKS/6_2023SE_3_mask.png,3,6,surface,6_2023SE,3,3,2,0.09949021,0.009097444,0.07551415,0.80508816,0.010810083
/home/ikk/renal-calculi-classificaction/DATASET/RESIZED/6/surface/6_2430SE.png,/home/ikk/renal-calculi-classificaction/DATASET/RESIZED/6/surface/MASKS/6_2430SE_mask.png,3,6,surface,6_2430SE,2,3,2,0.023105744,0.012855113,0.57417846,0.378208,0.011652714
/home/ikk/renal-calculi-classificaction/DATASET/RESIZED/6/section/6_3001SE.jpg,/home/ikk/renal-calculi-classificaction/DATASET/RESIZED/6/section/MASKS/6_3001SE_mask.png,3,6,section,6_3001SE,3,3,2,0.048664287,0.015913349,0.26689902,0.6149354,0.053587962
/home/ikk/renal-calculi-classificaction/DATASET/RESIZED/6/section/6_3265SE.jpg,/home/ikk/renal-calculi-classificaction/DATASET/RESIZED/6/section/MASKS/6_3265SE_mask.png,3,6,section,6_3265SE,3,3,2,0.0040212576,0.0020995315,0.08154139,0.9099126,0.0024252546
/home/ikk/renal-calculi-classificaction/DATASET/RESIZED/6/section/6_2023SE_1.jpg,/home/ikk/renal-calculi-classificaction/DATASET/RESIZED/6/section/MASKS/6_2023SE_1_mask.png,3,6,section,6_2023SE,2,3,2,0.2076492,0.03555541,0.29987466,0.2652337,0.19168705
/home/ikk/renal-calculi-classificaction/DATASET/RESIZED/6/section/6_2023SE_2.jpg,/home/ikk/renal-calculi-classificaction/DATASET/RESIZED/6/section/MASKS/6_2023SE_2_mask.png,3,6,section,6_2023SE,2,3,2,0.0062016854,0.006175752,0.89681333,0.08681113,0.003998105
/home/ikk/renal-calculi-classificaction/DATASET/RESIZED/6/section/6_2548SE.png,/home/ikk/renal-calculi-classificaction/DATASET/RESIZED/6/section/MASKS/6_2548SE_mask.png,3,6,section,6_2548SE,3,3,2,0.0050274977,0.0015916688,0.0047978964,0.9840252,0.004557786
/home/ikk/renal-calculi-classificaction/DATASET/RESIZED/6/section/6_1860SE.jpg,/home/ikk/renal-calculi-classificaction/DATASET/RESIZED/6/section/MASKS/6_1860SE_mask.png,3,6,section,6_1860SE,2,3,2,0.00630316,0.03479638,0.89179075,0.015066783,0.052042946
/home/ikk/renal-calculi-classificaction/DATASET/RESIZED/8aI - 8aII/surface/8aII_2041SE.jpg,/home/ikk/renal-calculi-classificaction/DATASET/RESIZED/8aI - 8aII/surface/MASKS/8aII_2041SE_mask.png,4,8aI - 8aII,surface,8aII_2041SE,1,4,2,0.09623703,0.47099116,0.056080334,0.100901894,0.27578962
/home/ikk/renal-calculi-classificaction/DATASET/RESIZED/8aI - 8aII/surface/8aII_1866SE.jpg,/home/ikk/renal-calculi-classificaction/DATASET/RESIZED/8aI - 8aII/surface/MASKS/8aII_1866SE_mask.png,4,8aI - 8aII,surface,8aII_1866SE,1,4,2,0.011121382,0.86944246,0.08846186,0.0080478825,0.022926405
/home/ikk/renal-calculi-classificaction/DATASET/RESIZED/8aI - 8aII/section/8aII_and_COM_minim_1977SE_2.jpg,/home/ikk/renal-calculi-classificaction/DATASET/RESIZED/8aI - 8aII/section/MASKS/8aII_and_COM_minim_1977SE_2_mask.png,4,8aI - 8aII,section,8aII_and_COM_minim_1977SE,4,4,2,0.042187482,0.0043267524,0.042747,0.0059458814,0.9047929
/home/ikk/renal-calculi-classificaction/DATASET/RESIZED/8aI - 8aII/section/8aI_1871SE_2.jpg,/home/ikk/renal-calculi-classificaction/DATASET/RESIZED/8aI - 8aII/section/MASKS/8aI_1871SE_2_mask.png,4,8aI - 8aII,section,8aI_1871SE,4,4,2,0.08237176,0.13805288,0.11709559,0.004208732,0.6582711
/home/ikk/renal-calculi-classificaction/DATASET/RESIZED/8aI - 8aII/section/8aII_2796SE.jpg,/home/ikk/renal-calculi-classificaction/DATASET/RESIZED/8aI - 8aII/section/MASKS/8aII_2796SE_mask.png,4,8aI - 8aII,section,8aII_2796SE,4,4,2,0.003093262,0.0007851205,0.0014699181,0.0019490658,0.9927026
/home/ikk/renal-calculi-classificaction/DATASET/RESIZED/8aI - 8aII/section/8aII_and_COM_minim_1977SE_1.jpg,/home/ikk/renal-calculi-classificaction/DATASET/RESIZED/8aI - 8aII/section/MASKS/8aII_and_COM_minim_1977SE_1_mask.png,4,8aI - 8aII,section,8aII_and_COM_minim_1977SE,0,4,2,0.44715127,0.043502986,0.25372848,0.041303176,0.21431413
/home/ikk/renal-calculi-classificaction/DATASET/RESIZED/3aII/surface/3aII_1912SE_2.jpg,/home/ikk/renal-calculi-classificaction/DATASET/RESIZED/3aII/surface/MASKS/3aII_1912SE_2_mask.png,1,3aII,surface,3aII_1912SE,0,1,2,0.49483237,0.03135129,0.21084604,0.0840494,0.1789209
/home/ikk/renal-calculi-classificaction/DATASET/RESIZED/3aII/surface/3aII_1913SE.jpg,/home/ikk/renal-calculi-classificaction/DATASET/RESIZED/3aII/surface/MASKS/3aII_1913SE_mask.png,1,3aII,surface,3aII_1913SE,2,1,2,0.019054629,0.009944191,0.95328915,0.014008313,0.0037037167
/home/ikk/renal-calculi-classificaction/DATASET/RESIZED/3aII/surface/3aII_1912SE.jpg,/home/ikk/renal-calculi-classificaction/DATASET/RESIZED/3aII/surface/MASKS/3aII_1912SE_mask.png,1,3aII,surface,3aII_1912SE,2,1,2,0.35075703,0.14202671,0.38837993,0.038943797,0.07989257
/home/ikk/renal-calculi-classificaction/DATASET/RESIZED/3aII/surface/3aII_2107SE.jpg,/home/ikk/renal-calculi-classificaction/DATASET/RESIZED/3aII/surface/MASKS/3aII_2107SE_mask.png,1,3aII,surface,3aII_2107SE,2,1,2,0.16328745,0.039567865,0.5551586,0.04095157,0.2010345
/home/ikk/renal-calculi-classificaction/DATASET/RESIZED/3aII/surface/3aII_2354SE.png,/home/ikk/renal-calculi-classificaction/DATASET/RESIZED/3aII/surface/MASKS/3aII_2354SE_mask.png,1,3aII,surface,3aII_2354SE,0,1,2,0.5857018,0.31242922,0.08086605,0.009875059,0.01112786
/home/ikk/renal-calculi-classificaction/DATASET/RESIZED/3aII/surface/3aII_3114SE.png,/home/ikk/renal-calculi-classificaction/DATASET/RESIZED/3aII/surface/MASKS/3aII_3114SE_mask.png,1,3aII,surface,3aII_3114SE,2,1,2,0.003776322,0.02928696,0.84284407,0.119883925,0.0042087277
/home/ikk/renal-calculi-classificaction/DATASET/RESIZED/3bII/surface/3bII_2102SE.jpg,/home/ikk/renal-calculi-classificaction/DATASET/RESIZED/3bII/surface/MASKS/3bII_2102SE_mask.png,2,3bII,surface,3bII_2102SE,2,2,2,0.19521226,0.017187307,0.6614048,0.01621515,0.10998049
/home/ikk/renal-calculi-classificaction/DATASET/RESIZED/3bII/surface/3bII_1819SE.jpg,/home/ikk/renal-calculi-classificaction/DATASET/RESIZED/3bII/surface/MASKS/3bII_1819SE_mask.png,2,3bII,surface,3bII_1819SE,1,2,2,0.35929552,0.374449,0.15838751,0.00634494,0.10152304
/home/ikk/renal-calculi-classificaction/DATASET/RESIZED/3bII/surface/3bII_2584SE.png,/home/ikk/renal-calculi-classificaction/DATASET/RESIZED/3bII/surface/MASKS/3bII_2584SE_mask.png,2,3bII,surface,3bII_2584SE,2,2,2,0.07745282,0.03321625,0.66432387,0.21094003,0.014067082
/home/ikk/renal-calculi-classificaction/DATASET/RESIZED/3bII/surface/3bII_3047SE_surface.png,/home/ikk/renal-calculi-classificaction/DATASET/RESIZED/3bII/surface/MASKS/3bII_3047SE_surface_mask.png,2,3bII,surface,3bII_3047SE,0,2,2,0.5772262,0.06702686,0.3061466,0.034065403,0.0155349225
/home/ikk/renal-calculi-classificaction/DATASET/RESIZED/3bII/section/3bII_1818SE_2.jpg,/home/ikk/renal-calculi-classificaction/DATASET/RESIZED/3bII/section/MASKS/3bII_1818SE_2_mask.png,2,3bII,section,3bII_1818SE,0,2,2,0.9578543,0.0040166443,0.029181302,0.004485559,0.004462221
/home/ikk/renal-calculi-classificaction/DATASET/RESIZED/3bII/section/3bII_3471SE.png,/home/ikk/renal-calculi-classificaction/DATASET/RESIZED/3bII/section/MASKS/3bII_3471SE_mask.png,2,3bII,section,3bII_3471SE,3,2,2,0.027379967,0.007206537,0.059423156,0.89805734,0.0079330215
/home/ikk/renal-calculi-classificaction/DATASET/RESIZED/3bII/section/3bII_2850SE.jpg,/home/ikk/renal-calculi-classificaction/DATASET/RESIZED/3bII/section/MASKS/3bII_2850SE_mask.png,2,3bII,section,3bII_2850SE,2,2,2,0.016681712,0.044306114,0.64130175,0.26681313,0.030897252
/home/ikk/renal-calculi-classificaction/DATASET/RESIZED/3bII/section/3bII_3047SE_section.png,/home/ikk/renal-calculi-classificaction/DATASET/RESIZED/3bII/section/MASKS/3bII_3047SE_section_mask.png,2,3bII,section,3bII_3047SE,1,2,2,0.04851575,0.5028385,0.13525768,0.04155693,0.27183115
/home/ikk/renal-calculi-classificaction/DATASET/RESIZED/3bII/section/3bII_2492SE.png,/home/ikk/renal-calculi-classificaction/DATASET/RESIZED/3bII/section/MASKS/3bII_2492SE_mask.png,2,3bII,section,3bII_2492SE,2,2,2,0.12577072,0.01798159,0.82468307,0.009301081,0.022263514
/home/ikk/renal-calculi-classificaction/DATASET/RESIZED/3bII/section/3bII_1961SE.jpg,/home/ikk/renal-calculi-classificaction/DATASET/RESIZED/3bII/section/MASKS/3bII_1961SE_mask.png,2,3bII,section,3bII_1961SE,2,2,2,0.3590884,0.014085183,0.6062765,0.014035831,0.0065140687
/home/ikk/renal-calculi-classificaction/DATASET/RESIZED/3bII/section/3bII_5.jpg,/home/ikk/renal-calculi-classificaction/DATASET/RESIZED/3bII/section/MASKS/3bII_5_mask.png,2,3bII,section,3bII_5,2,2,2,0.055905968,0.025637904,0.65597385,0.23662022,0.02586203
/home/ikk/renal-calculi-classificaction/DATASET/RESIZED/3bII/section/3bII_1959SE.jpg,/home/ikk/renal-calculi-classificaction/DATASET/RESIZED/3bII/section/MASKS/3bII_1959SE_mask.png,2,3bII,section,3bII_1959SE,2,2,2,0.073476635,0.123893045,0.7679447,0.021092435,0.013593172
/home/ikk/renal-calculi-classificaction/DATASET/RESIZED/3bII/section/3bII_2071SE.jpg,/home/ikk/renal-calculi-classificaction/DATASET/RESIZED/3bII/section/MASKS/3bII_2071SE_mask.png,2,3bII,section,3bII_2071SE,2,2,2,0.016435314,0.0048117354,0.9677223,0.006512094,0.0045185564
/home/ikk/renal-calculi-classificaction/DATASET/RESIZED/2a/surface/2a_2145SE.jpg,/home/ikk/renal-calculi-classificaction/DATASET/RESIZED/2a/surface/MASKS/2a_2145SE_mask.png,0,2a,surface,2a_2145SE,0,0,2,0.990772,0.0012655602,0.005021876,0.0007594118,0.0021811144
/home/ikk/renal-calculi-classificaction/DATASET/RESIZED/2a/surface/2aCOD_sup_1783SE.jpg,/home/ikk/renal-calculi-classificaction/DATASET/RESIZED/2a/surface/MASKS/2aCOD_sup_1783SE_mask.png,0,2a,surface,2aCOD_sup_1783SE,4,0,2,0.022002244,0.008611214,0.25152624,0.006812113,0.7110482
/home/ikk/renal-calculi-classificaction/DATASET/RESIZED/2a/surface/2aCOD_sup_3187SE_1.jpg,/home/ikk/renal-calculi-classificaction/DATASET/RESIZED/2a/surface/MASKS/2aCOD_sup_3187SE_1_mask.png,0,2a,surface,2aCOD_sup_3187SE,0,0,2,0.979783,0.0014816363,0.016577248,0.0013295629,0.00082852575
/home/ikk/renal-calculi-classificaction/DATASET/RESIZED/2a/surface/2a_1964SE.jpg,/home/ikk/renal-calculi-classificaction/DATASET/RESIZED/2a/surface/MASKS/2a_1964SE_mask.png,0,2a,surface,2a_1964SE,0,0,2,0.99420655,0.00090637256,0.0027227325,0.0005336635,0.0016306284
/home/ikk/renal-calculi-classificaction/DATASET/RESIZED/2a/surface/2aCOD_sup_3187SE_2.jpg,/home/ikk/renal-calculi-classificaction/DATASET/RESIZED/2a/surface/MASKS/2aCOD_sup_3187SE_2_mask.png,0,2a,surface,2aCOD_sup_3187SE,0,0,2,0.9854425,0.001376935,0.010205552,0.0013855426,0.0015894605
/home/ikk/renal-calculi-classificaction/DATASET/RESIZED/2a/surface/2aCOD_sup_2247SE.jpg,/home/ikk/renal-calculi-classificaction/DATASET/RESIZED/2a/surface/MASKS/2aCOD_sup_2247SE_mask.png,0,2a,surface,2aCOD_sup_2247SE,0,0,2,0.9855546,0.0049908645,0.004379643,0.0016106858,0.0034642108
/home/ikk/renal-calculi-classificaction/DATASET/RESIZED/2a/surface/2a_3441SE.jpg,/home/ikk/renal-calculi-classificaction/DATASET/RESIZED/2a/surface/MASKS/2a_3441SE_mask.png,0,2a,surface,2a_3441SE,0,0,2,0.9734153,0.0066989763,0.0138400085,0.0034629155,0.0025827694
/home/ikk/renal-calculi-classificaction/DATASET/RESIZED/2a/surface/2a_1942SE.jpg,/home/ikk/renal-calculi-classificaction/DATASET/RESIZED/2a/surface/MASKS/2a_1942SE_mask.png,0,2a,surface,2a_1942SE,0,0,2,0.995978,0.00051273295,0.0015609416,0.00050507195,0.0014432165
/home/ikk/renal-calculi-classificaction/DATASET/RESIZED/2a/surface/2a_3169SE_1.jpg,/home/ikk/renal-calculi-classificaction/DATASET/RESIZED/2a/surface/MASKS/2a_3169SE_1_mask.png,0,2a,surface,2a_3169SE,2,0,2,0.12790279,0.036690425,0.40222278,0.06591366,0.36727032
/home/ikk/renal-calculi-classificaction/DATASET/RESIZED/2a/surface/2a_2348SE.png,/home/ikk/renal-calculi-classificaction/DATASET/RESIZED/2a/surface/MASKS/2a_2348SE_mask.png,0,2a,surface,2a_2348SE,0,0,2,0.7522861,0.051544618,0.11789785,0.046214588,0.032056835
/home/ikk/renal-calculi-classificaction/DATASET/RESIZED/2a/surface/2a_1_surface.jpg,/home/ikk/renal-calculi-classificaction/DATASET/RESIZED/2a/surface/MASKS/2a_1_surface_mask.png,0,2a,surface,2a_1,0,0,2,0.661003,0.015777212,0.21690771,0.054579433,0.051732644
/home/ikk/renal-calculi-classificaction/DATASET/RESIZED/2a/section/2a_3103SE_2.png,/home/ikk/renal-calculi-classificaction/DATASET/RESIZED/2a/section/MASKS/2a_3103SE_2_mask.png,0,2a,section,2a_3103SE,0,0,2,0.93600136,0.021351887,0.03208967,0.007827161,0.002729869
/home/ikk/renal-calculi-classificaction/DATASET/RESIZED/2a/section/2a_3169SE_2.jpg,/home/ikk/renal-calculi-classificaction/DATASET/RESIZED/2a/section/MASKS/2a_3169SE_2_mask.png,0,2a,section,2a_3169SE,2,0,2,0.29392934,0.11488243,0.5504352,0.029074578,0.011678469
/home/ikk/renal-calculi-classificaction/DATASET/RESIZED/2a/section/2a_2335SE.png,/home/ikk/renal-calculi-classificaction/DATASET/RESIZED/2a/section/MASKS/2a_2335SE_mask.png,0,2a,section,2a_2335SE,0,0,2,0.95158195,0.0035014404,0.03598419,0.005378874,0.0035535798
/home/ikk/renal-calculi-classificaction/DATASET/RESIZED/2a/section/2aCOD_sup_3187SE_4.jpg,/home/ikk/renal-calculi-classificaction/DATASET/RESIZED/2a/section/MASKS/2aCOD_sup_3187SE_4_mask.png,0,2a,section,2aCOD_sup_3187SE,0,0,2,0.9420705,0.004998119,0.043020006,0.0031183818,0.006792983
/home/ikk/renal-calculi-classificaction/DATASET/RESIZED/2a/section/2a_2703SE.jpg,/home/ikk/renal-calculi-classificaction/DATASET/RESIZED/2a/section/MASKS/2a_2703SE_mask.png,0,2a,section,2a_2703SE,2,0,2,0.11727396,0.052215334,0.7899936,0.025611615,0.014905512
/home/ikk/renal-calculi-classificaction/DATASET/RESIZED/2a/section/2a_1_section.jpg,/home/ikk/renal-calculi-classificaction/DATASET/RESIZED/2a/section/MASKS/2a_1_section_mask.png,0,2a,section,2a_1,0,0,2,0.9780496,0.0016961786,0.014614523,0.003567674,0.0020720745
/home/ikk/renal-calculi-classificaction/DATASET/RESIZED/2a/section/2a_2668SE.png,/home/ikk/renal-calculi-classificaction/DATASET/RESIZED/2a/section/MASKS/2a_2668SE_mask.png,0,2a,section,2a_2668SE,1,0,2,0.1865042,0.4439246,0.19445895,0.026107311,0.14900492
/home/ikk/renal-calculi-classificaction/DATASET/RESIZED/2a/section/2aCOD_sup_3187SE_3.jpg,/home/ikk/renal-calculi-classificaction/DATASET/RESIZED/2a/section/MASKS/2aCOD_sup_3187SE_3_mask.png,0,2a,section,2aCOD_sup_3187SE,0,0,2,0.98784584,0.0014094069,0.008000914,0.0013145363,0.00142931
/home/ikk/renal-calculi-classificaction/DATASET/RESIZED/2a/section/2a_1942SE_2.jpg,/home/ikk/renal-calculi-classificaction/DATASET/RESIZED/2a/section/MASKS/2a_1942SE_2_mask.png,0,2a,section,2a_1942SE,0,0,2,0.9720006,0.0025726212,0.017289553,0.0014307075,0.0067064897
/home/ikk/renal-calculi-classificaction/DATASET/RESIZED/2a/section/2aCOD_sup_1783SE_2.jpg,/home/ikk/renal-calculi-classificaction/DATASET/RESIZED/2a/section/MASKS/2aCOD_sup_1783SE_2_mask.png,0,2a,section,2aCOD_sup_1783SE,2,0,2,0.08890427,0.019703884,0.61150974,0.008129843,0.27175227
/home/ikk/renal-calculi-classificaction/DATASET/RESIZED/2a/section/2aCOD_sup_2578SE.png,/home/ikk/renal-calculi-classificaction/DATASET/RESIZED/2a/section/MASKS/2aCOD_sup_2578SE_mask.png,0,2a,section,2aCOD_sup_2578SE,3,0,2,0.0044668717,0.0024007584,0.012454438,0.97785145,0.0028265412
/home/ikk/renal-calculi-classificaction/DATASET/RESIZED/2a/section/2a_3103SE_1.png,/home/ikk/renal-calculi-classificaction/DATASET/RESIZED/2a/section/MASKS/2a_3103SE_1_mask.png,0,2a,section,2a_3103SE,0,0,2,0.90155447,0.035144717,0.030197363,0.016948795,0.016154673
/home/ikk/renal-calculi-classificaction/DATASET/RESIZED/2a/section/2aCOD_sup_3207SE.jpg,/home/ikk/renal-calculi-classificaction/DATASET/RESIZED/2a/section/MASKS/2aCOD_sup_3207SE_mask.png,0,2a,section,2aCOD_sup_3207SE,0,0,2,0.8711637,0.029714867,0.062832326,0.006742191,0.029546848
/home/ikk/renal-calculi-classificaction/DATASET/RESIZED/4II-4I/surface/4I_1879SE.jpg,/home/ikk/renal-calculi-classificaction/DATASET/RESIZED/4II-4I/surface/MASKS/4I_1879SE_mask.png,2,4II-4I,surface,4I_1879SE,2,2,2,0.0859908,0.21909697,0.65194297,0.032437958,0.0105313165
/home/ikk/renal-calculi-classificaction/DATASET/RESIZED/4II-4I/surface/4II_2.jpg,/home/ikk/renal-calculi-classificaction/DATASET/RESIZED/4II-4I/surface/MASKS/4II_2_mask.png,2,4II-4I,surface,4II_2,2,2,2,0.004316747,0.007509585,0.9004574,0.08026179,0.0074544605
/home/ikk/renal-calculi-classificaction/DATASET/RESIZED/4II-4I/section/4I_3373SE.jpg,/home/ikk/renal-calculi-classificaction/DATASET/RESIZED/4II-4I/section/MASKS/4I_3373SE_mask.png,2,4II-4I,section,4I_3373SE,2,2,2,0.040451363,0.014536642,0.8604758,0.07693327,0.0076029757
/home/ikk/renal-calculi-classificaction/DATASET/RESIZED/4II-4I/section/4II_6.jpg,/home/ikk/renal-calculi-classificaction/DATASET/RESIZED/4II-4I/section/MASKS/4II_6_mask.png,2,4II-4I,section,4II_6,2,2,2,0.00736526,0.005939058,0.7098449,0.27274704,0.004103832
/home/ikk/renal-calculi-classificaction/DATASET/RESIZED/4II-4I/section/4II_2705SE.jpg,/home/ikk/renal-calculi-classificaction/DATASET/RESIZED/4II-4I/section/MASKS/4II_2705SE_mask.png,2,4II-4I,section,4II_2705SE,2,2,2,0.010211045,0.0014272709,0.97705907,0.006289241,0.005013388
/home/ikk/renal-calculi-classificaction/DATASET/RESIZED/4II-4I/section/4II_3.jpg,/home/ikk/renal-calculi-classificaction/DATASET/RESIZED/4II-4I/section/MASKS/4II_3_mask.png,2,4II-4I,section,4II_3,2,2,2,0.4441399,0.040281348,0.48236617,0.01755014,0.015662475
/home/ikk/renal-calculi-classificaction/DATASET/RESIZED/4II-4I/section/4II_3338SE.jpg,/home/ikk/renal-calculi-classificaction/DATASET/RESIZED/4II-4I/section/MASKS/4II_3338SE_mask.png,2,4II-4I,section,4II_3338SE,0,2,2,0.68831134,0.045691125,0.23861858,0.012575222,0.014803715
/home/ikk/renal-calculi-classificaction/DATASET/RESIZED/1aI/surface/1aI_COD_sup_2088SE.jpg,/home/ikk/renal-calculi-classificaction/DATASET/RESIZED/1aI/surface/MASKS/1aI_COD_sup_2088SE_mask.png,0,1aI,surface,1aI_COD_sup_2088SE,0,0,2,0.98828155,0.0052873,0.0031029223,0.0010592005,0.0022689747
/home/ikk/renal-calculi-classificaction/DATASET/RESIZED/1aI/surface/1aI_1784SE_2.jpg,/home/ikk/renal-calculi-classificaction/DATASET/RESIZED/1aI/surface/MASKS/1aI_1784SE_2_mask.png,0,1aI,surface,1aI_1784SE,0,0,2,0.9232068,0.003903171,0.06337255,0.0021140445,0.0074034426
/home/ikk/renal-calculi-classificaction/DATASET/RESIZED/1aI/surface/1aI_2781SE.jpg,/home/ikk/renal-calculi-classificaction/DATASET/RESIZED/1aI/surface/MASKS/1aI_2781SE_mask.png,0,1aI,surface,1aI_2781SE,0,0,2,0.91099095,0.039003745,0.03138564,0.004123666,0.014496013
/home/ikk/renal-calculi-classificaction/DATASET/RESIZED/1aI/surface/1aI_2913SE.jpg,/home/ikk/renal-calculi-classificaction/DATASET/RESIZED/1aI/surface/MASKS/1aI_2913SE_mask.png,0,1aI,surface,1aI_2913SE,0,0,2,0.974182,0.0040311515,0.0143680265,0.0017184841,0.005700373
/home/ikk/renal-calculi-classificaction/DATASET/RESIZED/1aI/surface/1aI_COD_sup_2111SE_1.jpg,/home/ikk/renal-calculi-classificaction/DATASET/RESIZED/1aI/surface/MASKS/1aI_COD_sup_2111SE_1_mask.png,0,1aI,surface,1aI_COD_sup_2111SE,0,0,2,0.9917923,0.0023205052,0.0035159136,0.0006943878,0.0016768703
/home/ikk/renal-calculi-classificaction/DATASET/RESIZED/1aI/surface/1aI_3081SE_2_LB.png,/home/ikk/renal-calculi-classificaction/DATASET/RESIZED/1aI/surface/MASKS/1aI_3081SE_2_LB_mask.png,0,1aI,surface,1aI_3081SE,0,0,2,0.9922106,0.0021835223,0.001779492,0.0025999204,0.0012264457
/home/ikk/renal-calculi-classificaction/DATASET/RESIZED/1aI/surface/1aI_3302SE.jpg,/home/ikk/renal-calculi-classificaction/DATASET/RESIZED/1aI/surface/MASKS/1aI_3302SE_mask.png,0,1aI,surface,1aI_3302SE,0,0,2,0.7708966,0.07873493,0.02377345,0.0998625,0.026732516
/home/ikk/renal-calculi-classificaction/DATASET/RESIZED/1aI/surface/1aI_1937SE.jpg,/home/ikk/renal-calculi-classificaction/DATASET/RESIZED/1aI/surface/MASKS/1aI_1937SE_mask.png,0,1aI,surface,1aI_1937SE,0,0,2,0.9722734,0.011525833,0.008245811,0.0016643419,0.006290542
/home/ikk/renal-calculi-classificaction/DATASET/RESIZED/1aI/surface/1aI_2366SE_1.png,/home/ikk/renal-calculi-classificaction/DATASET/RESIZED/1aI/surface/MASKS/1aI_2366SE_1_mask.png,0,1aI,surface,1aI_2366SE,0,0,2,0.9836009,0.0035532475,0.0075990115,0.003533609,0.0017132468
/home/ikk/renal-calculi-classificaction/DATASET/RESIZED/1aI/surface/1aI_1917SE.jpg,/home/ikk/renal-calculi-classificaction/DATASET/RESIZED/1aI/surface/MASKS/1aI_1917SE_mask.png,0,1aI,surface,1aI_1917SE,0,0,2,0.9477856,0.01556122,0.025362473,0.0023817352,0.008908939
/home/ikk/renal-calculi-classificaction/DATASET/RESIZED/1aI/surface/1a_3366SE_1.jpg,/home/ikk/renal-calculi-classificaction/DATASET/RESIZED/1aI/surface/MASKS/1a_3366SE_1_mask.png,0,1aI,surface,1a_3366SE,0,0,2,0.8797686,0.013171559,0.051787585,0.050874628,0.004397557
/home/ikk/renal-calculi-classificaction/DATASET/RESIZED/1aI/surface/1aI_3081SE_3_LB.png,/home/ikk/renal-calculi-classificaction/DATASET/RESIZED/1aI/surface/MASKS/1aI_3081SE_3_LB_mask.png,0,1aI,surface,1aI_3081SE,0,0,2,0.99343807,0.0017011652,0.0015001453,0.0028566953,0.00050394825
/home/ikk/renal-calculi-classificaction/DATASET/RESIZED/1aI/surface/1aI_3081SE_4_LB.png,/home/ikk/renal-calculi-classificaction/DATASET/RESIZED/1aI/surface/MASKS/1aI_3081SE_4_LB_mask.png,0,1aI,surface,1aI_3081SE,0,0,2,0.944472,0.01864374,0.013268832,0.008537583,0.015077829
/home/ikk/renal-calculi-classificaction/DATASET/RESIZED/1aI/surface/1aI_3081SE_5_LB.png,/home/ikk/renal-calculi-classificaction/DATASET/RESIZED/1aI/surface/MASKS/1aI_3081SE_5_LB_mask.png,0,1aI,surface,1aI_3081SE,0,0,2,0.9908875,0.003107641,0.0029184844,0.001843089,0.0012432253
/home/ikk/renal-calculi-classificaction/DATASET/RESIZED/1aI/surface/1aI_1784SE_1.jpg,/home/ikk/renal-calculi-classificaction/DATASET/RESIZED/1aI/surface/MASKS/1aI_1784SE_1_mask.png,0,1aI,surface,1aI_1784SE,0,0,2,0.9693672,0.008261203,0.015328821,0.0012634727,0.005779348
/home/ikk/renal-calculi-classificaction/DATASET/RESIZED/1aI/surface/1aI_3081SE_1_LB.png,/home/ikk/renal-calculi-classificaction/DATASET/RESIZED/1aI/surface/MASKS/1aI_3081SE_1_LB_mask.png,0,1aI,surface,1aI_3081SE,0,0,2,0.9874707,0.0022241452,0.00405249,0.0052348925,0.0010177578
/home/ikk/renal-calculi-classificaction/DATASET/RESIZED/1aI/section/1aI_COD_sup_2111SE_2.jpg,/home/ikk/renal-calculi-classificaction/DATASET/RESIZED/1aI/section/MASKS/1aI_COD_sup_2111SE_2_mask.png,0,1aI,section,1aI_COD_sup_2111SE,0,0,2,0.96575034,0.0017715328,0.027350636,0.0009498162,0.0041776886
/home/ikk/renal-calculi-classificaction/DATASET/RESIZED/1aI/section/1aI_3081SE_6_LB.png,/home/ikk/renal-calculi-classificaction/DATASET/RESIZED/1aI/section/MASKS/1aI_3081SE_6_LB_mask.png,0,1aI,section,1aI_3081SE,0,0,2,0.62168705,0.015062553,0.31100285,0.025826745,0.026420796
/home/ikk/renal-calculi-classificaction/DATASET/RESIZED/1aI/section/1aI_3081SE_8_LB.png,/home/ikk/renal-calculi-classificaction/DATASET/RESIZED/1aI/section/MASKS/1aI_3081SE_8_LB_mask.png,0,1aI,section,1aI_3081SE,0,0,2,0.8440837,0.03765365,0.099129915,0.0050498284,0.014082855
/home/ikk/renal-calculi-classificaction/DATASET/RESIZED/1aI/section/1aI_2366SE_3.png,/home/ikk/renal-calculi-classificaction/DATASET/RESIZED/1aI/section/MASKS/1aI_2366SE_3_mask.png,0,1aI,section,1aI_2366SE,0,0,2,0.9621763,0.009269308,0.022503916,0.002579913,0.0034705715
/home/ikk/renal-calculi-classificaction/DATASET/RESIZED/1aI/section/1a_3366SE_2.jpg,/home/ikk/renal-calculi-classificaction/DATASET/RESIZED/1aI/section/MASKS/1a_3366SE_2_mask.png,0,1aI,section,1a_3366SE,0,0,2,0.6632817,0.010710741,0.27938667,0.03459089,0.012030014
/home/ikk/renal-calculi-classificaction/DATASET/RESIZED/1aI/section/1aI_2366SE_2.png,/home/ikk/renal-calculi-classificaction/DATASET/RESIZED/1aI/section/MASKS/1aI_2366SE_2_mask.png,0,1aI,section,1aI_2366SE,0,0,2,0.9540075,0.0068224715,0.028360942,0.006458903,0.0043501593
/home/ikk/renal-calculi-classificaction/DATASET/RESIZED/1aI/section/1aI_3081SE_7_LB.png,/home/ikk/renal-calculi-classificaction/DATASET/RESIZED/1aI/section/MASKS/1aI_3081SE_7_LB_mask.png,0,1aI,section,1aI_3081SE,0,0,2,0.8442557,0.008148848,0.11487325,0.00887606,0.02384614
/home/ikk/renal-calculi-classificaction/DATASET/RESIZED/1aI/section/1aI_1784SE_3.jpg,/home/ikk/renal-calculi-classificaction/DATASET/RESIZED/1aI/section/MASKS/1aI_1784SE_3_mask.png,0,1aI,section,1aI_1784SE,0,0,2,0.89708877,0.020647813,0.053044397,0.0034314508,0.025787562
/home/ikk/renal-calculi-classificaction/DATASET/RESIZED/1aI/section/1aI_1784SE_4.jpg,/home/ikk/renal-calculi-classificaction/DATASET/RESIZED/1aI/section/MASKS/1aI_1784SE_4_mask.png,0,1aI,section,1aI_1784SE,0,0,2,0.7160662,0.024588434,0.099111214,0.0054665967,0.15476754
/home/ikk/renal-calculi-classificaction/DATASET/RESIZED/6/surface/6_2031SE.jpg,/home/ikk/renal-calculi-classificaction/DATASET/RESIZED/6/surface/MASKS/6_2031SE_mask.png,3,6,surface,6_2031SE,3,3,3,0.0028872835,0.0013356527,0.011122742,0.98368984,0.0009644284
/home/ikk/renal-calculi-classificaction/DATASET/RESIZED/6/section/6_2009SE.jpg,/home/ikk/renal-calculi-classificaction/DATASET/RESIZED/6/section/MASKS/6_2009SE_mask.png,3,6,section,6_2009SE,3,3,3,0.08751538,0.017522909,0.17526335,0.6561989,0.06349944
/home/ikk/renal-calculi-classificaction/DATASET/RESIZED/6/section/6_3229SE.jpg,/home/ikk/renal-calculi-classificaction/DATASET/RESIZED/6/section/MASKS/6_3229SE_mask.png,3,6,section,6_3229SE,2,3,3,0.076708466,0.038667936,0.8119886,0.05143073,0.02120422
/home/ikk/renal-calculi-classificaction/DATASET/RESIZED/6/section/6_3186SE_3.jpg,/home/ikk/renal-calculi-classificaction/DATASET/RESIZED/6/section/MASKS/6_3186SE_3_mask.png,3,6,section,6_3186SE,2,3,3,0.018147228,0.16315679,0.6621118,0.1508845,0.0056996476
/home/ikk/renal-calculi-classificaction/DATASET/RESIZED/6/section/6_2278SE.png,/home/ikk/renal-calculi-classificaction/DATASET/RESIZED/6/section/MASKS/6_2278SE_mask.png,3,6,section,6_2278SE,0,3,3,0.7003757,0.07922735,0.07176079,0.01976171,0.12887445
/home/ikk/renal-calculi-classificaction/DATASET/RESIZED/6/section/6_3186SE_1.jpg,/home/ikk/renal-calculi-classificaction/DATASET/RESIZED/6/section/MASKS/6_3186SE_1_mask.png,3,6,section,6_3186SE,3,3,3,0.010441953,0.0019904599,0.014928122,0.96995294,0.0026865355
/home/ikk/renal-calculi-classificaction/DATASET/RESIZED/6/section/6_3088SE.png,/home/ikk/renal-calculi-classificaction/DATASET/RESIZED/6/section/MASKS/6_3088SE_mask.png,3,6,section,6_3088SE,0,3,3,0.89824003,0.018292714,0.042687908,0.03276359,0.008015728
/home/ikk/renal-calculi-classificaction/DATASET/RESIZED/6/section/6_3186SE_2.jpg,/home/ikk/renal-calculi-classificaction/DATASET/RESIZED/6/section/MASKS/6_3186SE_2_mask.png,3,6,section,6_3186SE,0,3,3,0.36818308,0.23723577,0.15909122,0.19607063,0.039419338
/home/ikk/renal-calculi-classificaction/DATASET/RESIZED/6/section/6_2616SE.png,/home/ikk/renal-calculi-classificaction/DATASET/RESIZED/6/section/MASKS/6_2616SE_mask.png,3,6,section,6_2616SE,3,3,3,0.01821799,0.0019966364,0.010687098,0.96668464,0.0024136642
/home/ikk/renal-calculi-classificaction/DATASET/RESIZED/8aI - 8aII/section/8aII_1951SE.jpg,/home/ikk/renal-calculi-classificaction/DATASET/RESIZED/8aI - 8aII/section/MASKS/8aII_1951SE_mask.png,4,8aI - 8aII,section,8aII_1951SE,4,4,3,0.013280491,0.069437034,0.007210634,0.05061217,0.85945964
/home/ikk/renal-calculi-classificaction/DATASET/RESIZED/8aI - 8aII/section/8aII_2279SE.png,/home/ikk/renal-calculi-classificaction/DATASET/RESIZED/8aI - 8aII/section/MASKS/8aII_2279SE_mask.png,4,8aI - 8aII,section,8aII_2279SE,4,4,3,0.06510448,0.05895856,0.028452633,0.08891639,0.758568
/home/ikk/renal-calculi-classificaction/DATASET/RESIZED/8aI - 8aII/section/8aII_3332SE.jpg,/home/ikk/renal-calculi-classificaction/DATASET/RESIZED/8aI - 8aII/section/MASKS/8aII_3332SE_mask.png,4,8aI - 8aII,section,8aII_3332SE,4,4,3,0.004727517,0.0006547915,0.0016277339,0.0043667527,0.9886232
/home/ikk/renal-calculi-classificaction/DATASET/RESIZED/3aII/surface/3aII_3117SE_2.png,/home/ikk/renal-calculi-classificaction/DATASET/RESIZED/3aII/surface/MASKS/3aII_3117SE_2_mask.png,1,3aII,surface,3aII_3117SE,1,1,3,0.058714166,0.8425868,0.07136607,0.014731715,0.012601275
/home/ikk/renal-calculi-classificaction/DATASET/RESIZED/3aII/surface/3aII_1976SE.jpg,/home/ikk/renal-calculi-classificaction/DATASET/RESIZED/3aII/surface/MASKS/3aII_1976SE_mask.png,1,3aII,surface,3aII_1976SE,0,1,3,0.48621285,0.11473765,0.36700204,0.007086813,0.024960611
/home/ikk/renal-calculi-classificaction/DATASET/RESIZED/3aII/surface/3aII_3044SE.png,/home/ikk/renal-calculi-classificaction/DATASET/RESIZED/3aII/surface/MASKS/3aII_3044SE_mask.png,1,3aII,surface,3aII_3044SE,2,1,3,0.10967963,0.08681826,0.6753104,0.06146943,0.0667223
/home/ikk/renal-calculi-classificaction/DATASET/RESIZED/3aII/surface/3aII_2530SE.png,/home/ikk/renal-calculi-classificaction/DATASET/RESIZED/3aII/surface/MASKS/3aII_2530SE_mask.png,1,3aII,surface,3aII_2530SE,1,1,3,0.13483568,0.67762965,0.1767556,0.0039415457,0.006837534
/home/ikk/renal-calculi-classificaction/DATASET/RESIZED/3aII/surface/3aII_3117SE_1.png,/home/ikk/renal-calculi-classificaction/DATASET/RESIZED/3aII/surface/MASKS/3aII_3117SE_1_mask.png,1,3aII,surface,3aII_3117SE,1,1,3,0.008348211,0.8348593,0.04406544,0.021587763,0.09113931
/home/ikk/renal-calculi-classificaction/DATASET/RESIZED/3aII/section/3aII_2536SE.png,/home/ikk/renal-calculi-classificaction/DATASET/RESIZED/3aII/section/MASKS/3aII_2536SE_mask.png,1,3aII,section,3aII_2536SE,0,1,3,0.4877409,0.027916122,0.31839126,0.0057036118,0.16024809
/home/ikk/renal-calculi-classificaction/DATASET/RESIZED/3bII/surface/3bII_1973SE.jpg,/home/ikk/renal-calculi-classificaction/DATASET/RESIZED/3bII/surface/MASKS/3bII_1973SE_mask.png,2,3bII,surface,3bII_1973SE,2,2,3,0.17027313,0.020073354,0.7111736,0.07550482,0.022975152
/home/ikk/renal-calculi-classificaction/DATASET/RESIZED/3bII/surface/3bII_2663SE.png,/home/ikk/renal-calculi-classificaction/DATASET/RESIZED/3bII/surface/MASKS/3bII_2663SE_mask.png,2,3bII,surface,3bII_2663SE,1,2,3,0.003746529,0.9474558,0.04335336,0.0035969974,0.0018472719
/home/ikk/renal-calculi-classificaction/DATASET/RESIZED/3bII/surface/3bII_2419SE.png,/home/ikk/renal-calculi-classificaction/DATASET/RESIZED/3bII/surface/MASKS/3bII_2419SE_mask.png,2,3bII,surface,3bII_2419SE,2,2,3,0.32970363,0.07519114,0.5777928,0.0056452127,0.011667198
/home/ikk/renal-calculi-classificaction/DATASET/RESIZED/3bII/surface/3bII_2305SE.png,/home/ikk/renal-calculi-classificaction/DATASET/RESIZED/3bII/surface/MASKS/3bII_2305SE_mask.png,2,3bII,surface,3bII_2305SE,1,2,3,0.016680427,0.94108,0.035331916,0.0032755714,0.0036321501
/home/ikk/renal-calculi-classificaction/DATASET/RESIZED/3bII/section/3bII_1862SE.jpg,/home/ikk/renal-calculi-classificaction/DATASET/RESIZED/3bII/section/MASKS/3bII_1862SE_mask.png,2,3bII,section,3bII_1862SE,0,2,3,0.7128849,0.021918042,0.22169162,0.0059720743,0.037533376
/home/ikk/renal-calculi-classificaction/DATASET/RESIZED/3bII/section/3bII_2450SE.png,/home/ikk/renal-calculi-classificaction/DATASET/RESIZED/3bII/section/MASKS/3bII_2450SE_mask.png,2,3bII,section,3bII_2450SE,0,2,3,0.75309145,0.0062855906,0.23739044,0.0013629657,0.0018695812
/home/ikk/renal-calculi-classificaction/DATASET/RESIZED/3bII/section/3bII_3364SE.jpg,/home/ikk/renal-calculi-classificaction/DATASET/RESIZED/3bII/section/MASKS/3bII_3364SE_mask.png,2,3bII,section,3bII_3364SE,2,2,3,0.047350843,0.0026055346,0.9320578,0.012321662,0.005664182
/home/ikk/renal-calculi-classificaction/DATASET/RESIZED/3bII/section/3bII_2187SE.jpg,/home/ikk/renal-calculi-classificaction/DATASET/RESIZED/3bII/section/MASKS/3bII_2187SE_mask.png,2,3bII,section,3bII_2187SE,0,2,3,0.9285938,0.003518469,0.049625833,0.005641933,0.012619946
/home/ikk/renal-calculi-classificaction/DATASET/RESIZED/3bII/section/3bII_2871SE.jpg,/home/ikk/renal-calculi-classificaction/DATASET/RESIZED/3bII/section/MASKS/3bII_2871SE_mask.png,2,3bII,section,3bII_2871SE,0,2,3,0.49882865,0.02780785,0.45209408,0.0050538876,0.016215498
/home/ikk/renal-calculi-classificaction/DATASET/RESIZED/3bII/section/3bII_4.jpg,/home/ikk/renal-calculi-classificaction/DATASET/RESIZED/3bII/section/MASKS/3bII_4_mask.png,2,3bII,section,3bII_4,2,2,3,0.04580428,0.06891796,0.8659254,0.00720797,0.012144394
/home/ikk/renal-calculi-classificaction/DATASET/RESIZED/2a/surface/2a_1800SE.jpg,/home/ikk/renal-calculi-classificaction/DATASET/RESIZED/2a/surface/MASKS/2a_1800SE_mask.png,0,2a,surface,2a_1800SE,0,0,3,0.726523,0.0063164947,0.04873081,0.008741457,0.20968826
/home/ikk/renal-calculi-classificaction/DATASET/RESIZED/2a/surface/2a_583CP.jpg,/home/ikk/renal-calculi-classificaction/DATASET/RESIZED/2a/surface/MASKS/2a_583CP_mask.png,0,2a,surface,2a_583CP,0,0,3,0.97337395,0.003371825,0.008325061,0.0038045996,0.01112453
/home/ikk/renal-calculi-classificaction/DATASET/RESIZED/2a/surface/2a_1802SE.jpg,/home/ikk/renal-calculi-classificaction/DATASET/RESIZED/2a/surface/MASKS/2a_1802SE_mask.png,0,2a,surface,2a_1802SE,0,0,3,0.8699854,0.009346189,0.0767357,0.0045936275,0.03933909
/home/ikk/renal-calculi-classificaction/DATASET/RESIZED/2a/surface/2a_2169SE.jpg,/home/ikk/renal-calculi-classificaction/DATASET/RESIZED/2a/surface/MASKS/2a_2169SE_mask.png,0,2a,surface,2a_2169SE,0,0,3,0.9877796,0.0012472987,0.007309939,0.0008477502,0.00281535
/home/ikk/renal-calculi-classificaction/DATASET/RESIZED/2a/surface/2a_3367SE.jpg,/home/ikk/renal-calculi-classificaction/DATASET/RESIZED/2a/surface/MASKS/2a_3367SE_mask.png,0,2a,surface,2a_3367SE,0,0,3,0.92995036,0.015310225,0.040518705,0.004423336,0.009797413
/home/ikk/renal-calculi-classificaction/DATASET/RESIZED/2a/surface/2a_2412SE_1.png,/home/ikk/renal-calculi-classificaction/DATASET/RESIZED/2a/surface/MASKS/2a_2412SE_1_mask.png,0,2a,surface,2a_2412SE,0,0,3,0.9869464,0.001644509,0.006270111,0.0012780118,0.0038609328
/home/ikk/renal-calculi-classificaction/DATASET/RESIZED/2a/surface/2a_1787SE.jpg,/home/ikk/renal-calculi-classificaction/DATASET/RESIZED/2a/surface/MASKS/2a_1787SE_mask.png,0,2a,surface,2a_1787SE,0,0,3,0.8727284,0.01614264,0.012109032,0.007462151,0.09155771
/home/ikk/renal-calculi-classificaction/DATASET/RESIZED/2a/surface/2a_1991SE_1.jpg,/home/ikk/renal-calculi-classificaction/DATASET/RESIZED/2a/surface/MASKS/2a_1991SE_1_mask.png,0,2a,surface,2a_1991SE,0,0,3,0.95468044,0.0039623547,0.034881223,0.0018963258,0.0045797066
/home/ikk/renal-calculi-classificaction/DATASET/RESIZED/2a/surface/2a_1918SE.jpg,/home/ikk/renal-calculi-classificaction/DATASET/RESIZED/2a/surface/MASKS/2a_1918SE_mask.png,0,2a,surface,2a_1918SE,0,0,3,0.9782056,0.0019151521,0.003261184,0.0021100717,0.0145079335
/home/ikk/renal-calculi-classificaction/DATASET/RESIZED/2a/section/2a_1802SE_2.jpg,/home/ikk/renal-calculi-classificaction/DATASET/RESIZED/2a/section/MASKS/2a_1802SE_2_mask.png,0,2a,section,2a_1802SE,0,0,3,0.9038639,0.01316561,0.030463163,0.0027893905,0.049717966
/home/ikk/renal-calculi-classificaction/DATASET/RESIZED/2a/section/2a_2867SE.jpg,/home/ikk/renal-calculi-classificaction/DATASET/RESIZED/2a/section/MASKS/2a_2867SE_mask.png,0,2a,section,2a_2867SE,0,0,3,0.8884404,0.0051089097,0.08616011,0.009765223,0.010525416
/home/ikk/renal-calculi-classificaction/DATASET/RESIZED/2a/section/2a_3157SE.png,/home/ikk/renal-calculi-classificaction/DATASET/RESIZED/2a/section/MASKS/2a_3157SE_mask.png,0,2a,section,2a_3157SE,1,0,3,0.099947006,0.8572389,0.026234146,0.009938413,0.006641586
/home/ikk/renal-calculi-classificaction/DATASET/RESIZED/2a/section/2a_2179SE.jpg,/home/ikk/renal-calculi-classificaction/DATASET/RESIZED/2a/section/MASKS/2a_2179SE_mask.png,0,2a,section,2a_2179SE,0,0,3,0.98392165,0.0017970465,0.0090338215,0.00097319466,0.0042742603
/home/ikk/renal-calculi-classificaction/DATASET/RESIZED/2a/section/2a_2.png,/home/ikk/renal-calculi-classificaction/DATASET/RESIZED/2a/section/MASKS/2a_2_mask.png,0,2a,section,2a_2,0,0,3,0.6106825,0.07661024,0.20273791,0.0390949,0.070874415
/home/ikk/renal-calculi-classificaction/DATASET/RESIZED/2a/section/2a_HAP_sup_3296SE.jpg,/home/ikk/renal-calculi-classificaction/DATASET/RESIZED/2a/section/MASKS/2a_HAP_sup_3296SE_mask.png,0,2a,section,2a_HAP_sup_3296SE,0,0,3,0.64288825,0.28759453,0.05642618,0.007333365,0.005757627
/home/ikk/renal-calculi-classificaction/DATASET/RESIZED/2a/section/2a_2148SE.jpg,/home/ikk/renal-calculi-classificaction/DATASET/RESIZED/2a/section/MASKS/2a_2148SE_mask.png,0,2a,section,2a_2148SE,0,0,3,0.9866306,0.0018578646,0.009403136,0.00070380804,0.0014045527
/home/ikk/renal-calculi-classificaction/DATASET/RESIZED/2a/section/2a_2412SE_2.png,/home/ikk/renal-calculi-classificaction/DATASET/RESIZED/2a/section/MASKS/2a_2412SE_2_mask.png,0,2a,section,2a_2412SE,0,0,3,0.66081864,0.0135531705,0.30950996,0.0036348247,0.012483455
/home/ikk/renal-calculi-classificaction/DATASET/RESIZED/2a/section/2a_2091SE.jpg,/home/ikk/renal-calculi-classificaction/DATASET/RESIZED/2a/section/MASKS/2a_2091SE_mask.png,0,2a,section,2a_2091SE,2,0,3,0.22203542,0.049776122,0.6419239,0.04186943,0.04439513
/home/ikk/renal-calculi-classificaction/DATASET/RESIZED/2a/section/2a_1991SE_2.jpg,/home/ikk/renal-calculi-classificaction/DATASET/RESIZED/2a/section/MASKS/2a_1991SE_2_mask.png,0,2a,section,2a_1991SE,0,0,3,0.98756427,0.001401231,0.0059183375,0.0010333143,0.004082813
/home/ikk/renal-calculi-classificaction/DATASET/RESIZED/2a/section/2a_2513SE.png,/home/ikk/renal-calculi-classificaction/DATASET/RESIZED/2a/section/MASKS/2a_2513SE_mask.png,0,2a,section,2a_2513SE,0,0,3,0.72714156,0.029013865,0.16333626,0.0039867554,0.07652159
/home/ikk/renal-calculi-classificaction/DATASET/RESIZED/4II-4I/surface/4I_3179SE.jpg,/home/ikk/renal-calculi-classificaction/DATASET/RESIZED/4II-4I/surface/MASKS/4I_3179SE_mask.png,2,4II-4I,surface,4I_3179SE,2,2,3,0.04303449,0.0034150062,0.94169724,0.009180139,0.0026730981
/home/ikk/renal-calculi-classificaction/DATASET/RESIZED/4II-4I/surface/4I_111111_inventado.jpg,/home/ikk/renal-calculi-classificaction/DATASET/RESIZED/4II-4I/surface/MASKS/4I_111111_inventado_mask.png,2,4II-4I,surface,4I_111111,4,2,3,0.18309376,0.008596029,0.030662118,0.0045080944,0.77314
/home/ikk/renal-calculi-classificaction/DATASET/RESIZED/4II-4I/surface/4II_2026SE.jpg,/home/ikk/renal-calculi-classificaction/DATASET/RESIZED/4II-4I/surface/MASKS/4II_2026SE_mask.png,2,4II-4I,surface,4II_2026SE,2,2,3,0.053348552,0.038975727,0.88049114,0.010671311,0.016513314
/home/ikk/renal-calculi-classificaction/DATASET/RESIZED/4II-4I/surface/4II_1.jpg,/home/ikk/renal-calculi-classificaction/DATASET/RESIZED/4II-4I/surface/MASKS/4II_1_mask.png,2,4II-4I,surface,4II_1,2,2,3,0.024745949,0.15177988,0.44701803,0.35409877,0.022357402
/home/ikk/renal-calculi-classificaction/DATASET/RESIZED/4II-4I/section/4I_1872SE.jpg,/home/ikk/renal-calculi-classificaction/DATASET/RESIZED/4II-4I/section/MASKS/4I_1872SE_mask.png,2,4II-4I,section,4I_1872SE,2,2,3,0.08903503,0.016426543,0.874692,0.012595228,0.007251185
/home/ikk/renal-calculi-classificaction/DATASET/RESIZED/4II-4I/section/4II_3046SE.png,/home/ikk/renal-calculi-classificaction/DATASET/RESIZED/4II-4I/section/MASKS/4II_3046SE_mask.png,2,4II-4I,section,4II_3046SE,3,2,3,0.0126047265,0.04338416,0.06172369,0.876785,0.005502469
/home/ikk/renal-calculi-classificaction/DATASET/RESIZED/4II-4I/section/4II_1993SE.jpg,/home/ikk/renal-calculi-classificaction/DATASET/RESIZED/4II-4I/section/MASKS/4II_1993SE_mask.png,2,4II-4I,section,4II_1993SE,2,2,3,0.098883435,0.012194319,0.7213532,0.15596001,0.01160907
/home/ikk/renal-calculi-classificaction/DATASET/RESIZED/4II-4I/section/4II_2168SE.jpg,/home/ikk/renal-calculi-classificaction/DATASET/RESIZED/4II-4I/section/MASKS/4II_2168SE_mask.png,2,4II-4I,section,4II_2168SE,2,2,3,0.2766327,0.12428287,0.39252666,0.095523424,0.11103433
/home/ikk/renal-calculi-classificaction/DATASET/RESIZED/4II-4I/section/4II_7.jpg,/home/ikk/renal-calculi-classificaction/DATASET/RESIZED/4II-4I/section/MASKS/4II_7_mask.png,2,4II-4I,section,4II_7,3,2,3,0.04706751,0.038780432,0.2595856,0.63227856,0.022287916
/home/ikk/renal-calculi-classificaction/DATASET/RESIZED/4II-4I/section/4II_2439SE.png,/home/ikk/renal-calculi-classificaction/DATASET/RESIZED/4II-4I/section/MASKS/4II_2439SE_mask.png,2,4II-4I,section,4II_2439SE,2,2,3,0.025956605,0.03305186,0.85319483,0.065129,0.022667702
/home/ikk/renal-calculi-classificaction/DATASET/RESIZED/4II-4I/section/4I_COM_1892SE_2.jpg,/home/ikk/renal-calculi-classificaction/DATASET/RESIZED/4II-4I/section/MASKS/4I_COM_1892SE_2_mask.png,2,4II-4I,section,4I_COM_1892SE,0,2,3,0.76605046,0.014862094,0.18252443,0.013035338,0.023527715
/home/ikk/renal-calculi-classificaction/DATASET/RESIZED/1aI/surface/1aI_2110SE_5_LB.png,/home/ikk/renal-calculi-classificaction/DATASET/RESIZED/1aI/surface/MASKS/1aI_2110SE_5_LB_mask.png,0,1aI,surface,1aI_2110SE,0,0,3,0.861001,0.04024475,0.08505736,0.008077359,0.0056195203
/home/ikk/renal-calculi-classificaction/DATASET/RESIZED/1aI/surface/1aI_2110SE_1_LB.png,/home/ikk/renal-calculi-classificaction/DATASET/RESIZED/1aI/surface/MASKS/1aI_2110SE_1_LB_mask.png,0,1aI,surface,1aI_2110SE,0,0,3,0.95559263,0.0042950865,0.03407413,0.004535114,0.0015030248
/home/ikk/renal-calculi-classificaction/DATASET/RESIZED/1aI/surface/1aI_2110SE_4_LB.png,/home/ikk/renal-calculi-classificaction/DATASET/RESIZED/1aI/surface/MASKS/1aI_2110SE_4_LB_mask.png,0,1aI,surface,1aI_2110SE,0,0,3,0.9890142,0.0016588796,0.006450978,0.0020981533,0.0007777218
/home/ikk/renal-calculi-classificaction/DATASET/RESIZED/1aI/surface/1aI_2109SE.jpg,/home/ikk/renal-calculi-classificaction/DATASET/RESIZED/1aI/surface/MASKS/1aI_2109SE_mask.png,0,1aI,surface,1aI_2109SE,0,0,3,0.726332,0.013974813,0.045436744,0.023365473,0.19089098
/home/ikk/renal-calculi-classificaction/DATASET/RESIZED/1aI/surface/1aI_COD_sup_2147SE_2.jpg,/home/ikk/renal-calculi-classificaction/DATASET/RESIZED/1aI/surface/MASKS/1aI_COD_sup_2147SE_2_mask.png,0,1aI,surface,1aI_COD_sup_2147SE,0,0,3,0.9312554,0.01148153,0.014449256,0.0074362042,0.03537766
/home/ikk/renal-calculi-classificaction/DATASET/RESIZED/1aI/surface/1aI_COD_sup_1928SE.jpg,/home/ikk/renal-calculi-classificaction/DATASET/RESIZED/1aI/surface/MASKS/1aI_COD_sup_1928SE_mask.png,0,1aI,surface,1aI_COD_sup_1928SE,0,0,3,0.96124583,0.0053754495,0.020955017,0.0022907094,0.010132988
/home/ikk/renal-calculi-classificaction/DATASET/RESIZED/1aI/surface/1aI_2110SE_3_LB.png,/home/ikk/renal-calculi-classificaction/DATASET/RESIZED/1aI/surface/MASKS/1aI_2110SE_3_LB_mask.png,0,1aI,surface,1aI_2110SE,0,0,3,0.97136253,0.0055293436,0.010617044,0.007323692,0.0051673558
/home/ikk/renal-calculi-classificaction/DATASET/RESIZED/1aI/surface/1aI_3196SE_1.jpg,/home/ikk/renal-calculi-classificaction/DATASET/RESIZED/1aI/surface/MASKS/1aI_3196SE_1_mask.png,0,1aI,surface,1aI_3196SE,0,0,3,0.76696444,0.015971001,0.14609039,0.039200343,0.031773847
/home/ikk/renal-calculi-classificaction/DATASET/RESIZED/1aI/surface/1aI_COD_sup_1928SE_2.jpg,/home/ikk/renal-calculi-classificaction/DATASET/RESIZED/1aI/surface/MASKS/1aI_COD_sup_1928SE_2_mask.png,0,1aI,surface,1aI_COD_sup_1928SE,0,0,3,0.988822,0.0026405235,0.0047854553,0.0006790615,0.0030730031
/home/ikk/renal-calculi-classificaction/DATASET/RESIZED/1aI/surface/1aI_2110SE_2_LB.png,/home/ikk/renal-calculi-classificaction/DATASET/RESIZED/1aI/surface/MASKS/1aI_2110SE_2_LB_mask.png,0,1aI,surface,1aI_2110SE,0,0,3,0.97437966,0.0036099665,0.015580271,0.00493466,0.0014954029
/home/ikk/renal-calculi-classificaction/DATASET/RESIZED/1aI/surface/1aI_2225SE_1.jpg,/home/ikk/renal-calculi-classificaction/DATASET/RESIZED/1aI/surface/MASKS/1aI_2225SE_1_mask.png,0,1aI,surface,1aI_2225SE,0,0,3,0.81330276,0.016329234,0.030954024,0.025712458,0.11370151
/home/ikk/renal-calculi-classificaction/DATASET/RESIZED/1aI/surface/1aI_1797SE.jpg,/home/ikk/renal-calculi-classificaction/DATASET/RESIZED/1aI/surface/MASKS/1aI_1797SE_mask.png,0,1aI,surface,1aI_1797SE,0,0,3,0.8669176,0.008611397,0.08067759,0.0072440784,0.036549345
/home/ikk/renal-calculi-classificaction/DATASET/RESIZED/1aI/surface/1aI_COD_sup_2147SE_1.jpg,/home/ikk/renal-calculi-classificaction/DATASET/RESIZED/1aI/surface/MASKS/1aI_COD_sup_2147SE_1_mask.png,0,1aI,surface,1aI_COD_sup_2147SE,0,0,3,0.8575008,0.0112510575,0.091008976,0.0065444466,0.033694737
/home/ikk/renal-calculi-classificaction/DATASET/RESIZED/1aI/surface/1aI_1934SE.jpg,/home/ikk/renal-calculi-classificaction/DATASET/RESIZED/1aI/surface/MASKS/1aI_1934SE_mask.png,0,1aI,surface,1aI_1934SE,0,0,3,0.56810194,0.023933783,0.3856935,0.005530114,0.016740713
/home/ikk/renal-calculi-classificaction/DATASET/RESIZED/1aI/surface/1aI_2676SE.png,/home/ikk/renal-calculi-classificaction/DATASET/RESIZED/1aI/surface/MASKS/1aI_2676SE_mask.png,0,1aI,surface,1aI_2676SE,0,0,3,0.9562976,0.009999696,0.018255847,0.011663707,0.0037831264
/home/ikk/renal-calculi-classificaction/DATASET/RESIZED/1aI/section/1aI_3196SE_2.jpg,/home/ikk/renal-calculi-classificaction/DATASET/RESIZED/1aI/section/MASKS/1aI_3196SE_2_mask.png,0,1aI,section,1aI_3196SE,0,0,3,0.9503869,0.005640479,0.026195677,0.004483948,0.013293054
/home/ikk/renal-calculi-classificaction/DATASET/RESIZED/1aI/section/1aI_2110SE_7_LB.png,/home/ikk/renal-calculi-classificaction/DATASET/RESIZED/1aI/section/MASKS/1aI_2110SE_7_LB_mask.png,0,1aI,section,1aI_2110SE,0,0,3,0.9227908,0.004803217,0.014980065,0.0023049833,0.055120856
/home/ikk/renal-calculi-classificaction/DATASET/RESIZED/1aI/section/1aI_2110SE_6_LB.png,/home/ikk/renal-calculi-classificaction/DATASET/RESIZED/1aI/section/MASKS/1aI_2110SE_6_LB_mask.png,0,1aI,section,1aI_2110SE,0,0,3,0.9160851,0.02333793,0.03059638,0.015930936,0.014049659
/home/ikk/renal-calculi-classificaction/DATASET/RESIZED/1aI/section/1aI_1934SE_2.jpg,/home/ikk/renal-calculi-classificaction/DATASET/RESIZED/1aI/section/MASKS/1aI_1934SE_2_mask.png,0,1aI,section,1aI_1934SE,0,0,3,0.96163595,0.0049358294,0.027743027,0.0012219901,0.004463164
/home/ikk/renal-calculi-classificaction/DATASET/RESIZED/1aI/section/1aI_2225SE_2.jpg,/home/ikk/renal-calculi-classificaction/DATASET/RESIZED/1aI/section/MASKS/1aI_2225SE_2_mask.png,0,1aI,section,1aI_2225SE,0,0,3,0.9410427,0.0021748801,0.022541707,0.0009098774,0.033330865
/home/ikk/renal-calculi-classificaction/DATASET/RESIZED/6/section/6_3230SE.jpg,/home/ikk/renal-calculi-classificaction/DATASET/RESIZED/6/section/MASKS/6_3230SE_mask.png,3,6,section,6_3230SE,2,3,4,0.086917356,0.032985836,0.5855801,0.2456581,0.04885863
/home/ikk/renal-calculi-classificaction/DATASET/RESIZED/6/section/6_2770SE.jpg,/home/ikk/renal-calculi-classificaction/DATASET/RESIZED/6/section/MASKS/6_2770SE_mask.png,3,6,section,6_2770SE,3,3,4,0.0954897,0.06653292,0.202883,0.4150153,0.22007906
/home/ikk/renal-calculi-classificaction/DATASET/RESIZED/6/section/6_2274SE.png,/home/ikk/renal-calculi-classificaction/DATASET/RESIZED/6/section/MASKS/6_2274SE_mask.png,3,6,section,6_2274SE,3,3,4,0.004909123,0.0012882069,0.008940624,0.9835813,0.0012807286
/home/ikk/renal-calculi-classificaction/DATASET/RESIZED/6/section/6_3059SE.png,/home/ikk/renal-calculi-classificaction/DATASET/RESIZED/6/section/MASKS/6_3059SE_mask.png,3,6,section,6_3059SE,3,3,4,0.00983934,0.006596378,0.092099644,0.8867462,0.004718415
/home/ikk/renal-calculi-classificaction/DATASET/RESIZED/8aI - 8aII/surface/8aII_2163SE.jpg,/home/ikk/renal-calculi-classificaction/DATASET/RESIZED/8aI - 8aII/surface/MASKS/8aII_2163SE_mask.png,4,8aI - 8aII,surface,8aII_2163SE,4,4,4,0.066083096,0.03858031,0.30546173,0.08899374,0.50088114
/home/ikk/renal-calculi-classificaction/DATASET/RESIZED/8aI - 8aII/surface/8aII_3026SE.jpg,/home/ikk/renal-calculi-classificaction/DATASET/RESIZED/8aI - 8aII/surface/MASKS/8aII_3026SE_mask.png,4,8aI - 8aII,surface,8aII_3026SE,4,4,4,0.005092259,0.0029860826,0.0037611914,0.0033313907,0.9848291
/home/ikk/renal-calculi-classificaction/DATASET/RESIZED/8aI - 8aII/surface/8aII_1874SE.jpg,/home/ikk/renal-calculi-classificaction/DATASET/RESIZED/8aI - 8aII/surface/MASKS/8aII_1874SE_mask.png,4,8aI - 8aII,surface,8aII_1874SE,4,4,4,0.14742103,0.07606765,0.1309742,0.09608088,0.54945624
/home/ikk/renal-calculi-classificaction/DATASET/RESIZED/8aI - 8aII/section/8aI_2316SE.png,/home/ikk/renal-calculi-classificaction/DATASET/RESIZED/8aI - 8aII/section/MASKS/8aI_2316SE_mask.png,4,8aI - 8aII,section,8aI_2316SE,4,4,4,0.14504284,0.013124466,0.026235092,0.037396997,0.7782006
/home/ikk/renal-calculi-classificaction/DATASET/RESIZED/8aI - 8aII/section/8aII_2146SE.jpg,/home/ikk/renal-calculi-classificaction/DATASET/RESIZED/8aI - 8aII/section/MASKS/8aII_2146SE_mask.png,4,8aI - 8aII,section,8aII_2146SE,4,4,4,0.068681754,0.0030244759,0.006805084,0.004263739,0.91722494
/home/ikk/renal-calculi-classificaction/DATASET/RESIZED/8aI - 8aII/section/8aII_1874SE_2.jpg,/home/ikk/renal-calculi-classificaction/DATASET/RESIZED/8aI - 8aII/section/MASKS/8aII_1874SE_2_mask.png,4,8aI - 8aII,section,8aII_1874SE,4,4,4,0.005640306,0.0019214659,0.023977382,0.00240822,0.96605265
/home/ikk/renal-calculi-classificaction/DATASET/RESIZED/3aII/surface/3aII_1786SE.jpg,/home/ikk/renal-calculi-classificaction/DATASET/RESIZED/3aII/surface/MASKS/3aII_1786SE_mask.png,1,3aII,surface,3aII_1786SE,2,1,4,0.047161993,0.023728676,0.6562379,0.012741165,0.26013032
/home/ikk/renal-calculi-classificaction/DATASET/RESIZED/3aII/surface/3aII_3049SE.png,/home/ikk/renal-calculi-classificaction/DATASET/RESIZED/3aII/surface/MASKS/3aII_3049SE_mask.png,1,3aII,surface,3aII_3049SE,1,1,4,0.05962754,0.4896259,0.08576162,0.26807255,0.09691232
/home/ikk/renal-calculi-classificaction/DATASET/RESIZED/3aII/surface/3aII_1969SE_2.jpg,/home/ikk/renal-calculi-classificaction/DATASET/RESIZED/3aII/surface/MASKS/3aII_1969SE_2_mask.png,1,3aII,surface,3aII_1969SE,3,1,4,0.09513051,0.1530177,0.24013536,0.46493673,0.04677975
/home/ikk/renal-calculi-classificaction/DATASET/RESIZED/3aII/surface/3aII_1969SE_1.jpg,/home/ikk/renal-calculi-classificaction/DATASET/RESIZED/3aII/surface/MASKS/3aII_1969SE_1_mask.png,1,3aII,surface,3aII_1969SE,1,1,4,0.010408102,0.6236229,0.2872044,0.070028566,0.008736037
/home/ikk/renal-calculi-classificaction/DATASET/RESIZED/3aII/surface/3aII_1820SE.jpg,/home/ikk/renal-calculi-classificaction/DATASET/RESIZED/3aII/surface/MASKS/3aII_1820SE_mask.png,1,3aII,surface,3aII_1820SE,2,1,4,0.109955095,0.033003356,0.52065533,0.03793133,0.29845488
/home/ikk/renal-calculi-classificaction/DATASET/RESIZED/3aII/section/3aII_2654SE.png,/home/ikk/renal-calculi-classificaction/DATASET/RESIZED/3aII/section/MASKS/3aII_2654SE_mask.png,1,3aII,section,3aII_2654SE,0,1,4,0.83399856,0.007451845,0.098700896,0.01557163,0.04427705
/home/ikk/renal-calculi-classificaction/DATASET/RESIZED/3bII/surface/3bII_2243SE.jpg,/home/ikk/renal-calculi-classificaction/DATASET/RESIZED/3bII/surface/MASKS/3bII_2243SE_mask.png,2,3bII,surface,3bII_2243SE,2,2,4,0.02872406,0.16640422,0.41746885,0.23963164,0.14777122
/home/ikk/renal-calculi-classificaction/DATASET/RESIZED/3bII/surface/3bII_3262SE.jpg,/home/ikk/renal-calculi-classificaction/DATASET/RESIZED/3bII/surface/MASKS/3bII_3262SE_mask.png,2,3bII,surface,3bII_3262SE,0,2,4,0.9624395,0.0023177231,0.028247729,0.0046394067,0.0023556144
/home/ikk/renal-calculi-classificaction/DATASET/RESIZED/3bII/surface/3bII_2768SE.jpg,/home/ikk/renal-calculi-classificaction/DATASET/RESIZED/3bII/surface/MASKS/3bII_2768SE_mask.png,2,3bII,surface,3bII_2768SE,0,2,4,0.9848011,0.001968453,0.008887363,0.0015480445,0.002794954
/home/ikk/renal-calculi-classificaction/DATASET/RESIZED/3bII/surface/3bII_1958SE.jpg,/home/ikk/renal-calculi-classificaction/DATASET/RESIZED/3bII/surface/MASKS/3bII_1958SE_mask.png,2,3bII,surface,3bII_1958SE,2,2,4,0.33944324,0.01107283,0.5958623,0.009796752,0.043824818
/home/ikk/renal-calculi-classificaction/DATASET/RESIZED/3bII/surface/3bII_1888SE.jpg,/home/ikk/renal-calculi-classificaction/DATASET/RESIZED/3bII/surface/MASKS/3bII_1888SE_mask.png,2,3bII,surface,3bII_1888SE,2,2,4,0.22766675,0.025971817,0.5957591,0.084036216,0.0665661
/home/ikk/renal-calculi-classificaction/DATASET/RESIZED/3bII/surface/3bII_MO_1895SE.jpg,/home/ikk/renal-calculi-classificaction/DATASET/RESIZED/3bII/surface/MASKS/3bII_MO_1895SE_mask.png,2,3bII,surface,3bII_MO_1895SE,0,2,4,0.49986324,0.029324071,0.14799064,0.024813442,0.29800856
/home/ikk/renal-calculi-classificaction/DATASET/RESIZED/3bII/section/3bII_1.jpg,/home/ikk/renal-calculi-classificaction/DATASET/RESIZED/3bII/section/MASKS/3bII_1_mask.png,2,3bII,section,3bII_1,3,2,4,0.042500574,0.08202438,0.29602122,0.55220306,0.02725078
/home/ikk/renal-calculi-classificaction/DATASET/RESIZED/3bII/section/3bII_2065SE.jpg,/home/ikk/renal-calculi-classificaction/DATASET/RESIZED/3bII/section/MASKS/3bII_2065SE_mask.png,2,3bII,section,3bII_2065SE,2,2,4,0.07858818,0.013642888,0.7319884,0.114077896,0.06170269
/home/ikk/renal-calculi-classificaction/DATASET/RESIZED/3bII/section/3bII_2451SE.png,/home/ikk/renal-calculi-classificaction/DATASET/RESIZED/3bII/section/MASKS/3bII_2451SE_mask.png,2,3bII,section,3bII_2451SE,1,2,4,0.37284535,0.37411556,0.071874514,0.0949071,0.086257495
/home/ikk/renal-calculi-classificaction/DATASET/RESIZED/3bII/section/3bII_6.jpg,/home/ikk/renal-calculi-classificaction/DATASET/RESIZED/3bII/section/MASKS/3bII_6_mask.png,2,3bII,section,3bII_6,2,2,4,0.013451326,0.08300966,0.6514936,0.24279156,0.009253852
/home/ikk/renal-calculi-classificaction/DATASET/RESIZED/3bII/section/3bII_3.jpg,/home/ikk/renal-calculi-classificaction/DATASET/RESIZED/3bII/section/MASKS/3bII_3_mask.png,2,3bII,section,3bII_3,3,2,4,0.012593689,0.015694316,0.43721893,0.50546366,0.029029408
/home/ikk/renal-calculi-classificaction/DATASET/RESIZED/2a/surface/2a_1940SE.jpg,/home/ikk/renal-calculi-classificaction/DATASET/RESIZED/2a/surface/MASKS/2a_1940SE_mask.png,0,2a,surface,2a_1940SE,4,0,4,0.14850967,0.021473082,0.0056890594,0.00870825,0.81561995
/home/ikk/renal-calculi-classificaction/DATASET/RESIZED/2a/surface/2a_3346SE_surface.jpg,/home/ikk/renal-calculi-classificaction/DATASET/RESIZED/2a/surface/MASKS/2a_3346SE_surface_mask.png,0,2a,surface,2a_3346SE,2,0,4,0.28199723,0.28836578,0.34260398,0.06526377,0.021769226
/home/ikk/renal-calculi-classificaction/DATASET/RESIZED/2a/surface/2a_3351SE_1._Imagen_general.jpg,/home/ikk/renal-calculi-classificaction/DATASET/RESIZED/2a/surface/MASKS/2a_3351SE_1._Imagen_general_mask.png,0,2a,surface,2a_3351SE,2,0,4,0.04918446,0.025655467,0.8305193,0.067820504,0.026820287
/home/ikk/renal-calculi-classificaction/DATASET/RESIZED/2a/surface/2a_2073SE.jpg,/home/ikk/renal-calculi-classificaction/DATASET/RESIZED/2a/surface/MASKS/2a_2073SE_mask.png,0,2a,surface,2a_2073SE,0,0,4,0.6944267,0.06997623,0.022156296,0.01585346,0.19758727
/home/ikk/renal-calculi-classificaction/DATASET/RESIZED/2a/surface/2a_2015SE.jpg,/home/ikk/renal-calculi-classificaction/DATASET/RESIZED/2a/surface/MASKS/2a_2015SE_mask.png,0,2a,surface,2a_2015SE,0,0,4,0.9780191,0.0032199891,0.014659448,0.00109434,0.0030070958
/home/ikk/renal-calculi-classificaction/DATASET/RESIZED/2a/surface/2a_2087SE.jpg,/home/ikk/renal-calculi-classificaction/DATASET/RESIZED/2a/surface/MASKS/2a_2087SE_mask.png,0,2a,surface,2a_2087SE,0,0,4,0.99242425,0.0018696075,0.003405875,0.00055308966,0.0017471146
/home/ikk/renal-calculi-classificaction/DATASET/RESIZED/2a/section/2a_2749SE.jpg,/home/ikk/renal-calculi-classificaction/DATASET/RESIZED/2a/section/MASKS/2a_2749SE_mask.png,0,2a,section,2a_2749SE,0,0,4,0.7506545,0.010612217,0.06793775,0.032138806,0.13865669
/home/ikk/renal-calculi-classificaction/DATASET/RESIZED/2a/section/2a_2133SE.jpg,/home/ikk/renal-calculi-classificaction/DATASET/RESIZED/2a/section/MASKS/2a_2133SE_mask.png,0,2a,section,2a_2133SE,0,0,4,0.9655911,0.002767718,0.025770448,0.0010899042,0.0047809156
/home/ikk/renal-calculi-classificaction/DATASET/RESIZED/2a/section/2a_1940SE_2.jpg,/home/ikk/renal-calculi-classificaction/DATASET/RESIZED/2a/section/MASKS/2a_1940SE_2_mask.png,0,2a,section,2a_1940SE,2,0,4,0.020031743,0.0054113236,0.95332307,0.008676886,0.012556951
/home/ikk/renal-calculi-classificaction/DATASET/RESIZED/2a/section/2a_3346SE_section.jpg,/home/ikk/renal-calculi-classificaction/DATASET/RESIZED/2a/section/MASKS/2a_3346SE_section_mask.png,0,2a,section,2a_3346SE,0,0,4,0.6927212,0.0045807473,0.29529843,0.002981443,0.004418149
/home/ikk/renal-calculi-classificaction/DATASET/RESIZED/2a/section/2a_3351SE_3._Seccion_2.jpg,/home/ikk/renal-calculi-classificaction/DATASET/RESIZED/2a/section/MASKS/2a_3351SE_3._Seccion_2_mask.png,0,2a,section,2a_3351SE,0,0,4,0.59706527,0.06659658,0.26458764,0.031233693,0.04051684
/home/ikk/renal-calculi-classificaction/DATASET/RESIZED/2a/section/2a_3266SE.jpg,/home/ikk/renal-calculi-classificaction/DATASET/RESIZED/2a/section/MASKS/2a_3266SE_mask.png,0,2a,section,2a_3266SE,0,0,4,0.883046,0.0025596155,0.10604778,0.001643924,0.006702705
/home/ikk/renal-calculi-classificaction/DATASET/RESIZED/2a/section/2a_2580SE.png,/home/ikk/renal-calculi-classificaction/DATASET/RESIZED/2a/section/MASKS/2a_2580SE_mask.png,0,2a,section,2a_2580SE,0,0,4,0.66501373,0.04002459,0.2162288,0.0085954135,0.070137516
/home/ikk/renal-calculi-classificaction/DATASET/RESIZED/2a/section/2a_2327SE.png,/home/ikk/renal-calculi-classificaction/DATASET/RESIZED/2a/section/MASKS/2a_2327SE_mask.png,0,2a,section,2a_2327SE,1,0,4,0.34577346,0.35028887,0.074975275,0.06589687,0.1630655
/home/ikk/renal-calculi-classificaction/DATASET/RESIZED/2a/section/2a_3351SE_2._Seccion_1.jpg,/home/ikk/renal-calculi-classificaction/DATASET/RESIZED/2a/section/MASKS/2a_3351SE_2._Seccion_1_mask.png,0,2a,section,2a_3351SE,0,0,4,0.77964056,0.041639853,0.025584996,0.1126194,0.040515155
/home/ikk/renal-calculi-classificaction/DATASET/RESIZED/2a/section/2a_1830SE.jpg,/home/ikk/renal-calculi-classificaction/DATASET/RESIZED/2a/section/MASKS/2a_1830SE_mask.png,0,2a,section,2a_1830SE,0,0,4,0.76295596,0.0057850536,0.22408223,0.0015232686,0.005653442
/home/ikk/renal-calculi-classificaction/DATASET/RESIZED/2a/section/2a_3025SE.jpg,/home/ikk/renal-calculi-classificaction/DATASET/RESIZED/2a/section/MASKS/2a_3025SE_mask.png,0,2a,section,2a_3025SE,4,0,4,0.031136742,0.019302625,0.07593278,0.019463392,0.8541644
/home/ikk/renal-calculi-classificaction/DATASET/RESIZED/2a/section/2a_2872SE.jpg,/home/ikk/renal-calculi-classificaction/DATASET/RESIZED/2a/section/MASKS/2a_2872SE_mask.png,0,2a,section,2a_2872SE,2,0,4,0.39840513,0.0019101145,0.58765805,0.0069096787,0.0051170234
/home/ikk/renal-calculi-classificaction/DATASET/RESIZED/4II-4I/surface/4I_1853SE.jpg,/home/ikk/renal-calculi-classificaction/DATASET/RESIZED/4II-4I/surface/MASKS/4I_1853SE_mask.png,2,4II-4I,surface,4I_1853SE,1,2,4,0.034968056,0.7020076,0.24058595,0.0048583047,0.017580107
/home/ikk/renal-calculi-classificaction/DATASET/RESIZED/4II-4I/surface/4II_5.jpg,/home/ikk/renal-calculi-classificaction/DATASET/RESIZED/4II-4I/surface/MASKS/4II_5_mask.png,2,4II-4I,surface,4II_5,3,2,4,0.027931424,0.034517564,0.37521568,0.53987706,0.022458259
/home/ikk/renal-calculi-classificaction/DATASET/RESIZED/4II-4I/surface/4II_2201SE.jpg,/home/ikk/renal-calculi-classificaction/DATASET/RESIZED/4II-4I/surface/MASKS/4II_2201SE_mask.png,2,4II-4I,surface,4II_2201SE,2,2,4,0.005000079,0.006489868,0.78632665,0.17556846,0.026614984
/home/ikk/renal-calculi-classificaction/DATASET/RESIZED/4II-4I/section/4II_1920SE.jpg,/home/ikk/renal-calculi-classificaction/DATASET/RESIZED/4II-4I/section/MASKS/4II_1920SE_mask.png,2,4II-4I,section,4II_1920SE,2,2,4,0.077683836,0.0047377576,0.8921271,0.009849345,0.015601959
/home/ikk/renal-calculi-classificaction/DATASET/RESIZED/4II-4I/section/4I_1853SE_2.jpg,/home/ikk/renal-calculi-classificaction/DATASET/RESIZED/4II-4I/section/MASKS/4I_1853SE_2_mask.png,2,4II-4I,section,4I_1853SE,2,2,4,0.16233672,0.086964734,0.5660843,0.010165699,0.1744485
/home/ikk/renal-calculi-classificaction/DATASET/RESIZED/4II-4I/section/4I_COM_2150SE.jpg,/home/ikk/renal-calculi-classificaction/DATASET/RESIZED/4II-4I/section/MASKS/4I_COM_2150SE_mask.png,2,4II-4I,section,4I_COM_2150SE,2,2,4,0.03763611,0.0078990245,0.74103206,0.19889227,0.01454052
/home/ikk/renal-calculi-classificaction/DATASET/RESIZED/4II-4I/section/4II_2659SE.png,/home/ikk/renal-calculi-classificaction/DATASET/RESIZED/4II-4I/section/MASKS/4II_2659SE_mask.png,2,4II-4I,section,4II_2659SE,2,2,4,0.037688732,0.12748292,0.70367086,0.12255097,0.008606538
/home/ikk/renal-calculi-classificaction/DATASET/RESIZED/4II-4I/section/4I_1931SE.jpg,/home/ikk/renal-calculi-classificaction/DATASET/RESIZED/4II-4I/section/MASKS/4I_1931SE_mask.png,2,4II-4I,section,4I_1931SE,0,2,4,0.5978735,0.019651512,0.18681636,0.024336297,0.1713223
/home/ikk/renal-calculi-classificaction/DATASET/RESIZED/4II-4I/section/4I_2531SE.png,/home/ikk/renal-calculi-classificaction/DATASET/RESIZED/4II-4I/section/MASKS/4I_2531SE_mask.png,2,4II-4I,section,4I_2531SE,3,2,4,0.011879546,0.0023809455,0.15388036,0.8285054,0.0033538053
/home/ikk/renal-calculi-classificaction/DATASET/RESIZED/4II-4I/section/4I_1931SE_2.jpg,/home/ikk/renal-calculi-classificaction/DATASET/RESIZED/4II-4I/section/MASKS/4I_1931SE_2_mask.png,2,4II-4I,section,4I_1931SE,2,2,4,0.4535216,0.0145217255,0.46575737,0.018174026,0.04802523
/home/ikk/renal-calculi-classificaction/DATASET/RESIZED/4II-4I/section/4I_3271SE.jpg,/home/ikk/renal-calculi-classificaction/DATASET/RESIZED/4II-4I/section/MASKS/4I_3271SE_mask.png,2,4II-4I,section,4I_3271SE,2,2,4,0.020389976,0.017117174,0.7149048,0.23926222,0.008325816
/home/ikk/renal-calculi-classificaction/DATASET/RESIZED/4II-4I/section/4I_2761SE.jpg,/home/ikk/renal-calculi-classificaction/DATASET/RESIZED/4II-4I/section/MASKS/4I_2761SE_mask.png,2,4II-4I,section,4I_2761SE,3,2,4,0.018342247,0.10985747,0.2266862,0.63556033,0.009553764
/home/ikk/renal-calculi-classificaction/DATASET/RESIZED/4II-4I/section/4II_3040SE.png,/home/ikk/renal-calculi-classificaction/DATASET/RESIZED/4II-4I/section/MASKS/4II_3040SE_mask.png,2,4II-4I,section,4II_3040SE,2,2,4,0.13796067,0.30958843,0.4159082,0.10271042,0.03383224
/home/ikk/renal-calculi-classificaction/DATASET/RESIZED/1aI/surface/1aI_COD_sup_1996SE.jpg,/home/ikk/renal-calculi-classificaction/DATASET/RESIZED/1aI/surface/MASKS/1aI_COD_sup_1996SE_mask.png,0,1aI,surface,1aI_COD_sup_1996SE,0,0,4,0.98653424,0.0020458556,0.0063399593,0.0012272014,0.0038527157
/home/ikk/renal-calculi-classificaction/DATASET/RESIZED/1aI/surface/1aI_1890SE.jpg,/home/ikk/renal-calculi-classificaction/DATASET/RESIZED/1aI/surface/MASKS/1aI_1890SE_mask.png,0,1aI,surface,1aI_1890SE,0,0,4,0.70639026,0.0077933283,0.22331564,0.046653632,0.0158472
/home/ikk/renal-calculi-classificaction/DATASET/RESIZED/1aI/surface/1aI_1986SE.jpg,/home/ikk/renal-calculi-classificaction/DATASET/RESIZED/1aI/surface/MASKS/1aI_1986SE_mask.png,0,1aI,surface,1aI_1986SE,0,0,4,0.9951525,0.0015405117,0.0019588445,0.0004500953,0.00089808716
/home/ikk/renal-calculi-classificaction/DATASET/RESIZED/1aI/surface/1aI_2895SE.jpg,/home/ikk/renal-calculi-classificaction/DATASET/RESIZED/1aI/surface/MASKS/1aI_2895SE_mask.png,0,1aI,surface,1aI_2895SE,2,0,4,0.35116795,0.02884421,0.4511494,0.12631357,0.042524897
/home/ikk/renal-calculi-classificaction/DATASET/RESIZED/1aI/surface/1aI_3199SE.jpg,/home/ikk/renal-calculi-classificaction/DATASET/RESIZED/1aI/surface/MASKS/1aI_3199SE_mask.png,0,1aI,surface,1aI_3199SE,0,0,4,0.92293894,0.0026582514,0.06760057,0.0036384251,0.0031637982
/home/ikk/renal-calculi-classificaction/DATASET/RESIZED/1aI/surface/1aI_1777SE.jpg,/home/ikk/renal-calculi-classificaction/DATASET/RESIZED/1aI/surface/MASKS/1aI_1777SE_mask.png,0,1aI,surface,1aI_1777SE,0,0,4,0.8124715,0.022302208,0.12697874,0.007740286,0.030507326
/home/ikk/renal-calculi-classificaction/DATASET/RESIZED/1aI/surface/1aI_1781SE.jpg,/home/ikk/renal-calculi-classificaction/DATASET/RESIZED/1aI/surface/MASKS/1aI_1781SE_mask.png,0,1aI,surface,1aI_1781SE,0,0,4,0.97395676,0.0067131044,0.009943899,0.0055873543,0.003798859
/home/ikk/renal-calculi-classificaction/DATASET/RESIZED/1aI/surface/1aI_COD_sup_1829SE.jpg,/home/ikk/renal-calculi-classificaction/DATASET/RESIZED/1aI/surface/MASKS/1aI_COD_sup_1829SE_mask.png,0,1aI,surface,1aI_COD_sup_1829SE,2,0,4,0.17733695,0.006985601,0.80320317,0.0014768179,0.010997483
/home/ikk/renal-calculi-classificaction/DATASET/RESIZED/1aI/surface/1aI_COD_sup_3317SE.jpg,/home/ikk/renal-calculi-classificaction/DATASET/RESIZED/1aI/surface/MASKS/1aI_COD_sup_3317SE_mask.png,0,1aI,surface,1aI_COD_sup_3317SE,0,0,4,0.8614448,0.07637657,0.02298041,0.022465643,0.01673263
/home/ikk/renal-calculi-classificaction/DATASET/RESIZED/1aI/surface/1aI_1947SE.jpg,/home/ikk/renal-calculi-classificaction/DATASET/RESIZED/1aI/surface/MASKS/1aI_1947SE_mask.png,0,1aI,surface,1aI_1947SE,0,0,4,0.5823142,0.31521934,0.046047922,0.0061465614,0.050272014
/home/ikk/renal-calculi-classificaction/DATASET/RESIZED/1aI/surface/1aI_2016SE.jpg,/home/ikk/renal-calculi-classificaction/DATASET/RESIZED/1aI/surface/MASKS/1aI_2016SE_mask.png,0,1aI,surface,1aI_2016SE,0,0,4,0.9413383,0.014936387,0.017250903,0.009563007,0.01691143
/home/ikk/renal-calculi-classificaction/DATASET/RESIZED/1aI/surface/1aI_2798SE.jpg,/home/ikk/renal-calculi-classificaction/DATASET/RESIZED/1aI/surface/MASKS/1aI_2798SE_mask.png,0,1aI,surface,1aI_2798SE,0,0,4,0.73613656,0.088263,0.14051072,0.02709326,0.007996484
/home/ikk/renal-calculi-classificaction/DATASET/RESIZED/1aI/section/1aI_2779SE.jpg,/home/ikk/renal-calculi-classificaction/DATASET/RESIZED/1aI/section/MASKS/1aI_2779SE_mask.png,0,1aI,section,1aI_2779SE,0,0,4,0.99054015,0.001135656,0.005567685,0.0014641418,0.0012924395
/home/ikk/renal-calculi-classificaction/DATASET/RESIZED/1aI/section/1aI_1947SE_2.jpg,/home/ikk/renal-calculi-classificaction/DATASET/RESIZED/1aI/section/MASKS/1aI_1947SE_2_mask.png,0,1aI,section,1aI_1947SE,0,0,4,0.934567,0.0070988755,0.053201213,0.0015350784,0.003597775
/home/ikk/renal-calculi-classificaction/DATASET/RESIZED/6/surface/6_2784SE.jpg,/home/ikk/renal-calculi-classificaction/DATASET/RESIZED/6/surface/MASKS/6_2784SE_mask.png,3,6,surface,6_2784SE,2,3,5,0.027950525,0.068186425,0.6117487,0.27459162,0.01752274
/home/ikk/renal-calculi-classificaction/DATASET/RESIZED/6/surface/6_2351SE.png,/home/ikk/renal-calculi-classificaction/DATASET/RESIZED/6/surface/MASKS/6_2351SE_mask.png,3,6,surface,6_2351SE,2,3,5,0.04810706,0.073214725,0.82434547,0.043592528,0.010740254
/home/ikk/renal-calculi-classificaction/DATASET/RESIZED/6/section/6_2061SE.jpg,/home/ikk/renal-calculi-classificaction/DATASET/RESIZED/6/section/MASKS/6_2061SE_mask.png,3,6,section,6_2061SE,3,3,5,0.0057655913,0.00082483474,0.0032189966,0.9886381,0.001552445
/home/ikk/renal-calculi-classificaction/DATASET/RESIZED/6/section/6_3253SE.jpg,/home/ikk/renal-calculi-classificaction/DATASET/RESIZED/6/section/MASKS/6_3253SE_mask.png,3,6,section,6_3253SE,3,3,5,0.0021402526,0.00070928776,0.0017156312,0.9943721,0.0010626687
/home/ikk/renal-calculi-classificaction/DATASET/RESIZED/8aI - 8aII/surface/8aII_1930SE.jpg,/home/ikk/renal-calculi-classificaction/DATASET/RESIZED/8aI - 8aII/surface/MASKS/8aII_1930SE_mask.png,4,8aI - 8aII,surface,8aII_1930SE,0,4,5,0.8275097,0.02292928,0.10538285,0.009396831,0.034781303
/home/ikk/renal-calculi-classificaction/DATASET/RESIZED/8aI - 8aII/surface/8aII_COM_min_1808SE.jpg,/home/ikk/renal-calculi-classificaction/DATASET/RESIZED/8aI - 8aII/surface/MASKS/8aII_COM_min_1808SE_mask.png,4,8aI - 8aII,surface,8aII_COM_min_1808SE,4,4,5,0.025411127,0.009973246,0.19096574,0.009822624,0.7638273
/home/ikk/renal-calculi-classificaction/DATASET/RESIZED/8aI - 8aII/surface/8aII_1936SE_surface.jpg,/home/ikk/renal-calculi-classificaction/DATASET/RESIZED/8aI - 8aII/surface/MASKS/8aII_1936SE_surface_mask.png,4,8aI - 8aII,surface,8aII_1936SE,0,4,5,0.9617268,0.0018660234,0.034119673,0.0014461115,0.0008414036
/home/ikk/renal-calculi-classificaction/DATASET/RESIZED/8aI - 8aII/section/8aII_1936SE_section.jpg,/home/ikk/renal-calculi-classificaction/DATASET/RESIZED/8aI - 8aII/section/MASKS/8aII_1936SE_section_mask.png,4,8aI - 8aII,section,8aII_1936SE,0,4,5,0.71031564,0.032249067,0.21445434,0.007488871,0.035492077
/home/ikk/renal-calculi-classificaction/DATASET/RESIZED/8aI - 8aII/section/8aII_1936SE_2_.jpg,/home/ikk/renal-calculi-classificaction/DATASET/RESIZED/8aI - 8aII/section/MASKS/8aII_1936SE_2__mask.png,4,8aI - 8aII,section,8aII_1936SE,0,4,5,0.93296826,0.005764706,0.05175902,0.0016762874,0.007831687
/home/ikk/renal-calculi-classificaction/DATASET/RESIZED/8aI - 8aII/section/8aII_1.jpg,/home/ikk/renal-calculi-classificaction/DATASET/RESIZED/8aI - 8aII/section/MASKS/8aII_1_mask.png,4,8aI - 8aII,section,8aII_1,4,4,5,0.12404783,0.01722062,0.047326986,0.035523653,0.77588093
/home/ikk/renal-calculi-classificaction/DATASET/RESIZED/8aI - 8aII/section/8aII_2520SE.png,/home/ikk/renal-calculi-classificaction/DATASET/RESIZED/8aI - 8aII/section/MASKS/8aII_2520SE_mask.png,4,8aI - 8aII,section,8aII_2520SE,1,4,5,0.10191476,0.7692977,0.10517542,0.007817225,0.015794812
/home/ikk/renal-calculi-classificaction/DATASET/RESIZED/8aI - 8aII/section/8aII_3053SE.png,/home/ikk/renal-calculi-classificaction/DATASET/RESIZED/8aI - 8aII/section/MASKS/8aII_3053SE_mask.png,4,8aI - 8aII,section,8aII_3053SE,4,4,5,0.011991546,0.025271213,0.0047424017,0.0076959385,0.9502989
/home/ikk/renal-calculi-classificaction/DATASET/RESIZED/8aI - 8aII/section/8aII_3118SE.png,/home/ikk/renal-calculi-classificaction/DATASET/RESIZED/8aI - 8aII/section/MASKS/8aII_3118SE_mask.png,4,8aI - 8aII,section,8aII_3118SE,4,4,5,0.0039461106,0.048847113,0.0038064534,0.010324962,0.93307537
/home/ikk/renal-calculi-classificaction/DATASET/RESIZED/3aII/surface/3aII_3176SE.jpg,/home/ikk/renal-calculi-classificaction/DATASET/RESIZED/3aII/surface/MASKS/3aII_3176SE_mask.png,1,3aII,surface,3aII_3176SE,4,1,5,0.010247524,0.24928367,0.16106121,0.0148216095,0.564586
/home/ikk/renal-calculi-classificaction/DATASET/RESIZED/3aII/surface/3aII_1994SE.jpg,/home/ikk/renal-calculi-classificaction/DATASET/RESIZED/3aII/surface/MASKS/3aII_1994SE_mask.png,1,3aII,surface,3aII_1994SE,1,1,5,0.047405247,0.39389342,0.23500712,0.13788268,0.18581152
/home/ikk/renal-calculi-classificaction/DATASET/RESIZED/3aII/surface/3aII_2224SE.jpg,/home/ikk/renal-calculi-classificaction/DATASET/RESIZED/3aII/surface/MASKS/3aII_2224SE_mask.png,1,3aII,surface,3aII_2224SE,0,1,5,0.47615904,0.42692575,0.07851402,0.00790322,0.010497965
/home/ikk/renal-calculi-classificaction/DATASET/RESIZED/3bII/surface/3bII_2318SE.png,/home/ikk/renal-calculi-classificaction/DATASET/RESIZED/3bII/surface/MASKS/3bII_2318SE_mask.png,2,3bII,surface,3bII_2318SE,1,2,5,0.15238105,0.6544701,0.1607103,0.024632107,0.007806492
/home/ikk/renal-calculi-classificaction/DATASET/RESIZED/3bII/surface/3bII_7.png,/home/ikk/renal-calculi-classificaction/DATASET/RESIZED/3bII/surface/MASKS/3bII_7_mask.png,2,3bII,surface,3bII_7,1,2,5,0.20278728,0.617891,0.14744172,0.022826029,0.00905394
/home/ikk/renal-calculi-classificaction/DATASET/RESIZED/3bII/surface/3bII_1995SE.jpg,/home/ikk/renal-calculi-classificaction/DATASET/RESIZED/3bII/surface/MASKS/3bII_1995SE_mask.png,2,3bII,surface,3bII_1995SE,2,2,5,0.09697929,0.3494482,0.43522176,0.01842573,0.09992499
/home/ikk/renal-calculi-classificaction/DATASET/RESIZED/3bII/surface/3bII_1914SE_2.jpg,/home/ikk/renal-calculi-classificaction/DATASET/RESIZED/3bII/surface/MASKS/3bII_1914SE_2_mask.png,2,3bII,surface,3bII_1914SE,2,2,5,0.032334004,0.016101275,0.81939894,0.10006388,0.032101862
/home/ikk/renal-calculi-classificaction/DATASET/RESIZED/3bII/surface/3bII_1914SE.jpg,/home/ikk/renal-calculi-classificaction/DATASET/RESIZED/3bII/surface/MASKS/3bII_1914SE_mask.png,2,3bII,surface,3bII_1914SE,2,2,5,0.0078042313,0.008171302,0.92156136,0.04617721,0.016285911
/home/ikk/renal-calculi-classificaction/DATASET/RESIZED/3bII/section/3bII_2.png,/home/ikk/renal-calculi-classificaction/DATASET/RESIZED/3bII/section/MASKS/3bII_2_mask.png,2,3bII,section,3bII_2,1,2,5,0.02558549,0.43433288,0.3345113,0.19729675,0.0082736
/home/ikk/renal-calculi-classificaction/DATASET/RESIZED/3bII/section/3bII_1816SE.jpg,/home/ikk/renal-calculi-classificaction/DATASET/RESIZED/3bII/section/MASKS/3bII_1816SE_mask.png,2,3bII,section,3bII_1816SE,4,2,5,0.044922024,0.018277984,0.043586638,0.01748311,0.8757303
/home/ikk/renal-calculi-classificaction/DATASET/RESIZED/3bII/section/3bII_2495SE.png,/home/ikk/renal-calculi-classificaction/DATASET/RESIZED/3bII/section/MASKS/3bII_2495SE_mask.png,2,3bII,section,3bII_2495SE,0,2,5,0.5008072,0.14499941,0.32334346,0.019756118,0.011093812
/home/ikk/renal-calculi-classificaction/DATASET/RESIZED/3bII/section/3bII_111111_inventado.jpg,/home/ikk/renal-calculi-classificaction/DATASET/RESIZED/3bII/section/MASKS/3bII_111111_inventado_mask.png,2,3bII,section,3bII_111111,0,2,5,0.9658103,0.0013222808,0.030749097,0.00066304,0.0014552991
/home/ikk/renal-calculi-classificaction/DATASET/RESIZED/3bII/section/3bII_2847SE.jpg,/home/ikk/renal-calculi-classificaction/DATASET/RESIZED/3bII/section/MASKS/3bII_2847SE_mask.png,2,3bII,section,3bII_2847SE,2,2,5,0.05403324,0.0461151,0.5926254,0.2963493,0.010876981
/home/ikk/renal-calculi-classificaction/DATASET/RESIZED/3bII/section/3bII_3476SE.png,/home/ikk/renal-calculi-classificaction/DATASET/RESIZED/3bII/section/MASKS/3bII_3476SE_mask.png,2,3bII,section,3bII_3476SE,1,2,5,0.01096624,0.9725266,0.011827106,0.002951867,0.0017281851
/home/ikk/renal-calculi-classificaction/DATASET/RESIZED/3bII/section/3bII_2043SE_2.jpg,/home/ikk/renal-calculi-classificaction/DATASET/RESIZED/3bII/section/MASKS/3bII_2043SE_2_mask.png,2,3bII,section,3bII_2043SE,0,2,5,0.96390057,0.0023900706,0.02030057,0.0011684082,0.012240342
/home/ikk/renal-calculi-classificaction/DATASET/RESIZED/2a/surface/2a_1878SE.jpg,/home/ikk/renal-calculi-classificaction/DATASET/RESIZED/2a/surface/MASKS/2a_1878SE_mask.png,0,2a,surface,2a_1878SE,0,0,5,0.9455106,0.0083343275,0.03763647,0.0019038443,0.006614761
/home/ikk/renal-calculi-classificaction/DATASET/RESIZED/2a/surface/2a_3500SE_1.png,/home/ikk/renal-calculi-classificaction/DATASET/RESIZED/2a/surface/MASKS/2a_3500SE_1_mask.png,0,2a,surface,2a_3500SE,0,0,5,0.97828764,0.0070128213,0.0052630906,0.00726506,0.0021714475
/home/ikk/renal-calculi-classificaction/DATASET/RESIZED/2a/surface/2a_3333SE.jpg,/home/ikk/renal-calculi-classificaction/DATASET/RESIZED/2a/surface/MASKS/2a_3333SE_mask.png,0,2a,surface,2a_3333SE,4,0,5,0.23461182,0.02437983,0.01425208,0.06527583,0.6614804
/home/ikk/renal-calculi-classificaction/DATASET/RESIZED/2a/surface/2a_2485SE_1.png,/home/ikk/renal-calculi-classificaction/DATASET/RESIZED/2a/surface/MASKS/2a_2485SE_1_mask.png,0,2a,surface,2a_2485SE,2,0,5,0.36878896,0.018769268,0.37700653,0.2198609,0.01557437
/home/ikk/renal-calculi-classificaction/DATASET/RESIZED/2a/surface/2a_3469SE_1.png,/home/ikk/renal-calculi-classificaction/DATASET/RESIZED/2a/surface/MASKS/2a_3469SE_1_mask.png,0,2a,surface,2a_3469SE,0,0,5,0.6601212,0.12849666,0.028252156,0.14943556,0.033694375
/home/ikk/renal-calculi-classificaction/DATASET/RESIZED/2a/surface/2a_3337SE.jpg,/home/ikk/renal-calculi-classificaction/DATASET/RESIZED/2a/surface/MASKS/2a_3337SE_mask.png,0,2a,surface,2a_3337SE,0,0,5,0.9416874,0.004731039,0.026328556,0.024817446,0.0024355624
/home/ikk/renal-calculi-classificaction/DATASET/RESIZED/2a/surface/2a_3098SE.png,/home/ikk/renal-calculi-classificaction/DATASET/RESIZED/2a/surface/MASKS/2a_3098SE_mask.png,0,2a,surface,2a_3098SE,0,0,5,0.94159186,0.03429822,0.010724681,0.010802767,0.002582508
/home/ikk/renal-calculi-classificaction/DATASET/RESIZED/2a/surface/2a_2297SE_1.png,/home/ikk/renal-calculi-classificaction/DATASET/RESIZED/2a/surface/MASKS/2a_2297SE_1_mask.png,0,2a,surface,2a_2297SE,0,0,5,0.85474205,0.028209966,0.048940748,0.057567496,0.010539743
/home/ikk/renal-calculi-classificaction/DATASET/RESIZED/2a/section/2a_3500SE_2.png,/home/ikk/renal-calculi-classificaction/DATASET/RESIZED/2a/section/MASKS/2a_3500SE_2_mask.png,0,2a,section,2a_3500SE,0,0,5,0.9753701,0.0062963334,0.014083528,0.002239733,0.002010275
/home/ikk/renal-calculi-classificaction/DATASET/RESIZED/2a/section/2a_COD_sup_2283SE.png,/home/ikk/renal-calculi-classificaction/DATASET/RESIZED/2a/section/MASKS/2a_COD_sup_2283SE_mask.png,0,2a,section,2a_COD_sup_2283SE,0,0,5,0.8937263,0.05392188,0.03242411,0.012915229,0.007012449
/home/ikk/renal-calculi-classificaction/DATASET/RESIZED/2a/section/2a_2077SE.jpg,/home/ikk/renal-calculi-classificaction/DATASET/RESIZED/2a/section/MASKS/2a_2077SE_mask.png,0,2a,section,2a_2077SE,0,0,5,0.9281917,0.00640975,0.05421679,0.002706048,0.008475713
/home/ikk/renal-calculi-classificaction/DATASET/RESIZED/2a/section/2aCOD_sup_1.jpg,/home/ikk/renal-calculi-classificaction/DATASET/RESIZED/2a/section/MASKS/2aCOD_sup_1_mask.png,0,2a,section,2aCOD_sup_1,0,0,5,0.96527994,0.0036034856,0.022184167,0.0068524913,0.0020799225
/home/ikk/renal-calculi-classificaction/DATASET/RESIZED/2a/section/2a_2602SE.png,/home/ikk/renal-calculi-classificaction/DATASET/RESIZED/2a/section/MASKS/2a_2602SE_mask.png,0,2a,section,2a_2602SE,0,0,5,0.981526,0.0071385745,0.005028572,0.00423468,0.002072129
/home/ikk/renal-calculi-classificaction/DATASET/RESIZED/2a/section/2a_2869SE.jpg,/home/ikk/renal-calculi-classificaction/DATASET/RESIZED/2a/section/MASKS/2a_2869SE_mask.png,0,2a,section,2a_2869SE,0,0,5,0.96379226,0.0029740164,0.030264003,0.002346332,0.0006233478
/home/ikk/renal-calculi-classificaction/DATASET/RESIZED/2a/section/2a_2049SE.jpg,/home/ikk/renal-calculi-classificaction/DATASET/RESIZED/2a/section/MASKS/2a_2049SE_mask.png,0,2a,section,2a_2049SE,0,0,5,0.9647212,0.0035172035,0.02657404,0.0017694687,0.003418083
/home/ikk/renal-calculi-classificaction/DATASET/RESIZED/2a/section/2a_2297SE_2.png,/home/ikk/renal-calculi-classificaction/DATASET/RESIZED/2a/section/MASKS/2a_2297SE_2_mask.png,0,2a,section,2a_2297SE,0,0,5,0.9626477,0.010155651,0.022437623,0.0026460832,0.0021130042
/home/ikk/renal-calculi-classificaction/DATASET/RESIZED/2a/section/2a_2485SE_2.png,/home/ikk/renal-calculi-classificaction/DATASET/RESIZED/2a/section/MASKS/2a_2485SE_2_mask.png,0,2a,section,2a_2485SE,0,0,5,0.8195295,0.05973789,0.1015255,0.013518252,0.005688881
/home/ikk/renal-calculi-classificaction/DATASET/RESIZED/2a/section/2a_3469SE_2.png,/home/ikk/renal-calculi-classificaction/DATASET/RESIZED/2a/section/MASKS/2a_3469SE_2_mask.png,0,2a,section,2a_3469SE,0,0,5,0.55795926,0.100434504,0.30882725,0.01433157,0.018447457
/home/ikk/renal-calculi-classificaction/DATASET/RESIZED/2a/section/2a_2710SE.jpg,/home/ikk/renal-calculi-classificaction/DATASET/RESIZED/2a/section/MASKS/2a_2710SE_mask.png,0,2a,section,2a_2710SE,0,0,5,0.8364581,0.025186615,0.042696334,0.06586685,0.029792165
/home/ikk/renal-calculi-classificaction/DATASET/RESIZED/2a/section/2a_1878SE_2.jpg,/home/ikk/renal-calculi-classificaction/DATASET/RESIZED/2a/section/MASKS/2a_1878SE_2_mask.png,0,2a,section,2a_1878SE,4,0,5,0.1563575,0.05450915,0.33320504,0.028048033,0.42788032
/home/ikk/renal-calculi-classificaction/DATASET/RESIZED/2a/section/2a_1938SE.jpg,/home/ikk/renal-calculi-classificaction/DATASET/RESIZED/2a/section/MASKS/2a_1938SE_mask.png,0,2a,section,2a_1938SE,0,0,5,0.93157786,0.0077121067,0.04919071,0.00235126,0.009168027
/home/ikk/renal-calculi-classificaction/DATASET/RESIZED/4II-4I/surface/4II_1825SE.jpg,/home/ikk/renal-calculi-classificaction/DATASET/RESIZED/4II-4I/surface/MASKS/4II_1825SE_mask.png,2,4II-4I,surface,4II_1825SE,2,2,5,0.4202705,0.025350168,0.50158584,0.012165186,0.040628314
/home/ikk/renal-calculi-classificaction/DATASET/RESIZED/4II-4I/surface/4II_4.jpg,/home/ikk/renal-calculi-classificaction/DATASET/RESIZED/4II-4I/surface/MASKS/4II_4_mask.png,2,4II-4I,surface,4II_4,2,2,5,0.001490425,0.005409766,0.9593842,0.03127186,0.0024437734
/home/ikk/renal-calculi-classificaction/DATASET/RESIZED/4II-4I/surface/4I_2157SE.jpg,/home/ikk/renal-calculi-classificaction/DATASET/RESIZED/4II-4I/surface/MASKS/4I_2157SE_mask.png,2,4II-4I,surface,4I_2157SE,1,2,5,0.09734342,0.4448393,0.37684745,0.03196766,0.049002163
/home/ikk/renal-calculi-classificaction/DATASET/RESIZED/4II-4I/section/4II_1825SE_2.jpg,/home/ikk/renal-calculi-classificaction/DATASET/RESIZED/4II-4I/section/MASKS/4II_1825SE_2_mask.png,2,4II-4I,section,4II_1825SE,2,2,5,0.031906225,0.008256558,0.9489191,0.003652235,0.007265852
/home/ikk/renal-calculi-classificaction/DATASET/RESIZED/4II-4I/section/4II_2995SE.jpg,/home/ikk/renal-calculi-classificaction/DATASET/RESIZED/4II-4I/section/MASKS/4II_2995SE_mask.png,2,4II-4I,section,4II_2995SE,2,2,5,0.005220539,0.005919836,0.97099847,0.01118971,0.0066714995
/home/ikk/renal-calculi-classificaction/DATASET/RESIZED/4II-4I/section/4I_2427SE.png,/home/ikk/renal-calculi-classificaction/DATASET/RESIZED/4II-4I/section/MASKS/4I_2427SE_mask.png,2,4II-4I,section,4I_2427SE,0,2,5,0.64931405,0.10080466,0.24314962,0.005021318,0.0017104135
/home/ikk/renal-calculi-classificaction/DATASET/RESIZED/4II-4I/section/4I_2021SE.jpg,/home/ikk/renal-calculi-classificaction/DATASET/RESIZED/4II-4I/section/MASKS/4I_2021SE_mask.png,2,4II-4I,section,4I_2021SE,2,2,5,0.15188515,0.10309693,0.71602553,0.016607009,0.012385381
/home/ikk/renal-calculi-classificaction/DATASET/RESIZED/4II-4I/section/4II_3012SE.jpg,/home/ikk/renal-calculi-classificaction/DATASET/RESIZED/4II-4I/section/MASKS/4II_3012SE_mask.png,2,4II-4I,section,4II_3012SE,3,2,5,0.014519841,0.005153372,0.31449547,0.66170233,0.004128995
/home/ikk/renal-calculi-classificaction/DATASET/RESIZED/4II-4I/section/4I_3380SE.jpg,/home/ikk/renal-calculi-classificaction/DATASET/RESIZED/4II-4I/section/MASKS/4I_3380SE_mask.png,2,4II-4I,section,4I_3380SE,0,2,5,0.7695477,0.0055072857,0.07563675,0.1460464,0.0032618651
/home/ikk/renal-calculi-classificaction/DATASET/RESIZED/4II-4I/section/4II_2213SE.jpg,/home/ikk/renal-calculi-classificaction/DATASET/RESIZED/4II-4I/section/MASKS/4II_2213SE_mask.png,2,4II-4I,section,4II_2213SE,2,2,5,0.035740525,0.006063756,0.92819756,0.014705608,0.015292551
/home/ikk/renal-calculi-classificaction/DATASET/RESIZED/4II-4I/section/4I_COM_3445SE.jpg,/home/ikk/renal-calculi-classificaction/DATASET/RESIZED/4II-4I/section/MASKS/4I_COM_3445SE_mask.png,2,4II-4I,section,4I_COM_3445SE,3,2,5,0.027210018,0.0062220697,0.36482626,0.59215564,0.009586039
/home/ikk/renal-calculi-classificaction/DATASET/RESIZED/4II-4I/section/4II_2620SE.png,/home/ikk/renal-calculi-classificaction/DATASET/RESIZED/4II-4I/section/MASKS/4II_2620SE_mask.png,2,4II-4I,section,4II_2620SE,1,2,5,0.030692875,0.83407974,0.10771626,0.022323685,0.005187453
/home/ikk/renal-calculi-classificaction/DATASET/RESIZED/4II-4I/section/4II_8.png,/home/ikk/renal-calculi-classificaction/DATASET/RESIZED/4II-4I/section/MASKS/4II_8_mask.png,2,4II-4I,section,4II_8,3,2,5,0.015349983,0.029770158,0.4248627,0.52031684,0.00970034
/home/ikk/renal-calculi-classificaction/DATASET/RESIZED/1aI/surface/1aI_2004SE_1.jpg,/home/ikk/renal-calculi-classificaction/DATASET/RESIZED/1aI/surface/MASKS/1aI_2004SE_1_mask.png,0,1aI,surface,1aI_2004SE,2,0,5,0.28883955,0.10823527,0.5777244,0.0109618,0.0142389545
/home/ikk/renal-calculi-classificaction/DATASET/RESIZED/1aI/surface/1aI_3206SE_1.jpg,/home/ikk/renal-calculi-classificaction/DATASET/RESIZED/1aI/surface/MASKS/1aI_3206SE_1_mask.png,0,1aI,surface,1aI_3206SE,0,0,5,0.3551834,0.14456001,0.06838796,0.20907651,0.2227921
/home/ikk/renal-calculi-classificaction/DATASET/RESIZED/1aI/surface/1aI_2857SE_1.jpg,/home/ikk/renal-calculi-classificaction/DATASET/RESIZED/1aI/surface/MASKS/1aI_2857SE_1_mask.png,0,1aI,surface,1aI_2857SE,0,0,5,0.83332956,0.02296095,0.027845895,0.101664506,0.014199117
/home/ikk/renal-calculi-classificaction/DATASET/RESIZED/1aI/surface/1aI_3369SE.jpg,/home/ikk/renal-calculi-classificaction/DATASET/RESIZED/1aI/surface/MASKS/1aI_3369SE_mask.png,0,1aI,surface,1aI_3369SE,0,0,5,0.7462947,0.0716506,0.09513721,0.03191286,0.055004627
/home/ikk/renal-calculi-classificaction/DATASET/RESIZED/1aI/surface/1aI_3292SE_2.jpg,/home/ikk/renal-calculi-classificaction/DATASET/RESIZED/1aI/surface/MASKS/1aI_3292SE_2_mask.png,0,1aI,surface,1aI_3292SE,4,0,5,0.024827808,0.009709269,0.015584496,0.031925894,0.9179525
/home/ikk/renal-calculi-classificaction/DATASET/RESIZED/1aI/surface/1aI_3292SE_1.jpg,/home/ikk/renal-calculi-classificaction/DATASET/RESIZED/1aI/surface/MASKS/1aI_3292SE_1_mask.png,0,1aI,surface,1aI_3292SE,4,0,5,0.14920041,0.013277137,0.14953466,0.016422758,0.671565
/home/ikk/renal-calculi-classificaction/DATASET/RESIZED/1aI/surface/1aI_2046SE_1.jpg,/home/ikk/renal-calculi-classificaction/DATASET/RESIZED/1aI/surface/MASKS/1aI_2046SE_1_mask.png,0,1aI,surface,1aI_2046SE,0,0,5,0.9471734,0.00500973,0.024625583,0.0036363807,0.01955494
/home/ikk/renal-calculi-classificaction/DATASET/RESIZED/1aI/surface/1aI_2138SE_1.jpg,/home/ikk/renal-calculi-classificaction/DATASET/RESIZED/1aI/surface/MASKS/1aI_2138SE_1_mask.png,0,1aI,surface,1aI_2138SE,0,0,5,0.5089937,0.015847104,0.45083493,0.008953262,0.015371061
/home/ikk/renal-calculi-classificaction/DATASET/RESIZED/1aI/surface/1aI_2004SE_2.jpg,/home/ikk/renal-calculi-classificaction/DATASET/RESIZED/1aI/surface/MASKS/1aI_2004SE_2_mask.png,0,1aI,surface,1aI_2004SE,0,0,5,0.74226576,0.16128536,0.0625447,0.021359889,0.012544317
/home/ikk/renal-calculi-classificaction/DATASET/RESIZED/1aI/surface/1aI_3292SE_3.jpg,/home/ikk/renal-calculi-classificaction/DATASET/RESIZED/1aI/surface/MASKS/1aI_3292SE_3_mask.png,0,1aI,surface,1aI_3292SE,4,0,5,0.058446057,0.056507327,0.048059043,0.05641294,0.7805746
/home/ikk/renal-calculi-classificaction/DATASET/RESIZED/1aI/section/1aI_3292SE_5.jpg,/home/ikk/renal-calculi-classificaction/DATASET/RESIZED/1aI/section/MASKS/1aI_3292SE_5_mask.png,0,1aI,section,1aI_3292SE,0,0,5,0.44703123,0.018943986,0.124061435,0.013537037,0.39642632
/home/ikk/renal-calculi-classificaction/DATASET/RESIZED/1aI/section/1aI_2046SE_3.jpg,/home/ikk/renal-calculi-classificaction/DATASET/RESIZED/1aI/section/MASKS/1aI_2046SE_3_mask.png,0,1aI,section,1aI_2046SE,0,0,5,0.9729138,0.0017394825,0.023979787,0.0006310277,0.0007358187
/home/ikk/renal-calculi-classificaction/DATASET/RESIZED/1aI/section/1aI_COD_sup_2058SE.jpg,/home/ikk/renal-calculi-classificaction/DATASET/RESIZED/1aI/section/MASKS/1aI_COD_sup_2058SE_mask.png,0,1aI,section,1aI_COD_sup_2058SE,2,0,5,0.21456838,0.15202688,0.61094135,0.009559369,0.012903982
/home/ikk/renal-calculi-classificaction/DATASET/RESIZED/1aI/section/1aI_COD_sup_3291SE_2.jpg,/home/ikk/renal-calculi-classificaction/DATASET/RESIZED/1aI/section/MASKS/1aI_COD_sup_3291SE_2_mask.png,0,1aI,section,1aI_COD_sup_3291SE,0,0,5,0.5148343,0.019601423,0.385894,0.070000015,0.009670299
/home/ikk/renal-calculi-classificaction/DATASET/RESIZED/1aI/section/1aI_2046SE_2.jpg,/home/ikk/renal-calculi-classificaction/DATASET/RESIZED/1aI/section/MASKS/1aI_2046SE_2_mask.png,0,1aI,section,1aI_2046SE,0,0,5,0.982137,0.0020610103,0.014544926,0.0005102536,0.00074678246
/home/ikk/renal-calculi-classificaction/DATASET/RESIZED/1aI/section/1aI_2138SE_2.jpg,/home/ikk/renal-calculi-classificaction/DATASET/RESIZED/1aI/section/MASKS/1aI_2138SE_2_mask.png,0,1aI,section,1aI_2138SE,0,0,5,0.99437684,0.001090089,0.0036028232,0.00046590593,0.00046430333
/home/ikk/renal-calculi-classificaction/DATASET/RESIZED/1aI/section/1aI_3292SE_4.jpg,/home/ikk/renal-calculi-classificaction/DATASET/RESIZED/1aI/section/MASKS/1aI_3292SE_4_mask.png,0,1aI,section,1aI_3292SE,0,0,5,0.7877967,0.022569666,0.05573089,0.013997101,0.11990566
