image_path,mask_path,label,folder,view,stone_id,pred,true,fold,prob_COM,prob_COD,prob_Mixto,prob_Infeccioso,prob_Urico
/home/ikk/renal-calculi-classificaction/DATASET/RESIZED/6/surface/6_2662SE_surface.png,/home/ikk/renal-calculi-classificaction/DATASET/RESIZED/6/surface/MASKS/6_2662SE_surface_mask.png,3,6,surface,6_2662SE,1,3,1,0.021434361,0.59222037,0.11160648,0.2159753,0.058763556
/home/ikk/renal-calculi-classificaction/DATASET/RESIZED/6/surface/6_3260SE.jpg,/home/ikk/renal-calculi-classificaction/DATASET/RESIZED/6/surface/MASKS/6_3260SE_mask.png,3,6,surface,6_3260SE,3,3,1,0.0033829776,0.0012055433,0.003964263,0.9904011,0.0010461842
/home/ikk/renal-calculi-classificaction/DATASET/RESIZED/6/surface/6_2365SE_1.png,/home/ikk/renal-calculi-classificaction/DATASET/RESIZED/6/surface/MASKS/6_2365SE_1_mask.png,3,6,surface,6_2365SE,3,3,1,0.008949987,0.0037802544,0.012666783,0.9689697,0.005633261
/home/ikk/renal-calculi-classificaction/DATASET/RESIZED/6/section/6_2535SE_1.png,/home/ikk/renal-calculi-classificaction/DATASET/RESIZED/6/section/MASKS/6_2535SE_1_mask.png,3,6,section,6_2535SE,2,3,1,0.014879757,0.012310355,0.8580173,0.10646716,0.008325363
/home/ikk/renal-calculi-classificaction/DATASET/RESIZED/6/section/6_2662SE_section.png,/home/ikk/renal-calculi-classificaction/DATASET/RESIZED/6/section/MASKS/6_2662SE_section_mask.png,3,6,section,6_2662SE,3,3,1,0.10073583,0.049788605,0.3107117,0.5138586,0.024905257
/home/ikk/renal-calculi-classificaction/DATASET/RESIZED/6/section/6_2535SE_2.png,/home/ikk/renal-calculi-classificaction/DATASET/RESIZED/6/section/MASKS/6_2535SE_2_mask.png,3,6,section,6_2535SE,3,3,1,0.008989209,0.004710512,0.05706509,0.9227613,0.006473891
/home/ikk/renal-calculi-classificaction/DATASET/RESIZED/6/section/6_3198SE.jpg,/home/ikk/renal-calculi-classificaction/DATASET/RESIZED/6/section/MASKS/6_3198SE_mask.png,3,6,section,6_3198SE,0,3,1,0.88133097,0.021578128,0.046800617,0.010271299,0.04001901
/home/ikk/renal-calculi-classificaction/DATASET/RESIZED/6/section/6_2365SE_2.png,/home/ikk/renal-calculi-classificaction/DATASET/RESIZED/6/section/MASKS/6_2365SE_2_mask.png,3,6,section,6_2365SE,3,3,1,0.024075076,0.010133104,0.11588419,0.83140683,0.018500805
/home/ikk/renal-calculi-classificaction/DATASET/RESIZED/6/section/6_2212SE.jpg,/home/ikk/renal-calculi-classificaction/DATASET/RESIZED/6/section/MASKS/6_2212SE_mask.png,3,6,section,6_2212SE,3,3,1,0.004720418,0.0018797496,0.006534956,0.9847926,0.002072263
/home/ikk/renal-calculi-classificaction/DATASET/RESIZED/8aI - 8aII/surface/8aII_2951SE.jpg,/home/ikk/renal-calculi-classificaction/DATASET/RESIZED/8aI - 8aII/surface/MASKS/8aII_2951SE_mask.png,4,8aI - 8aII,surface,8aII_2951SE,4,4,1,0.008359875,0.003334994,0.0019048419,0.0025933976,0.98380697
/home/ikk/renal-calculi-classificaction/DATASET/RESIZED/8aI - 8aII/surface/8aI_2044SE_1.jpg,/home/ikk/renal-calculi-classificaction/DATASET/RESIZED/8aI - 8aII/surface/MASKS/8aI_2044SE_1_mask.png,4,8aI - 8aII,surface,8aI_2044SE,2,4,1,0.028350497,0.015079979,0.70403665,0.177063,0.07546991
/home/ikk/renal-calculi-classificaction/DATASET/RESIZED/8aI - 8aII/surface/8aII_2826SE.jpg,/home/ikk/renal-calculi-classificaction/DATASET/RESIZED/8aI - 8aII/surface/MASKS/8aII_2826SE_mask.png,4,8aI - 8aII,surface,8aII_2826SE,4,4,1,0.034551717,0.024798682,0.004890081,0.010957744,0.9248018
/home/ikk/renal-calculi-classificaction/DATASET/RESIZED/8aI - 8aII/section/8aII_2106SE.jpg,/home/ikk/renal-calculi-classificaction/DATASET/RESIZED/8aI - 8aII/section/MASKS/8aII_2106SE_mask.png,4,8aI - 8aII,section,8aII_2106SE,1,4,1,0.31310204,0.40793929,0.19791625,0.029932713,0.051109742
/home/ikk/renal-calculi-classificaction/DATASET/RESIZED/8aI - 8aII/section/8aI_2044SE_2.jpg,/home/ikk/renal-calculi-classificaction/DATASET/RESIZED/8aI - 8aII/section/MASKS/8aI_2044SE_2_mask.png,4,8aI - 8aII,section,8aI_2044SE,4,4,1,0.1763156,0.062333107,0.33330992,0.06660935,0.361432
/home/ikk/renal-calculi-classificaction/DATASET/RESIZED/8aI - 8aII/section/8aII_2515SE.png,/home/ikk/renal-calculi-classificaction/DATASET/RESIZED/8aI - 8aII/section/MASKS/8aII_2515SE_mask.png,4,8aI - 8aII,section,8aII_2515SE,4,4,1,0.39623076,0.05624469,0.049121253,0.014912771,0.48349047
/home/ikk/renal-calculi-classificaction/DATASET/RESIZED/8aI - 8aII/section/8aII_3102SE.png,/home/ikk/renal-calculi-classificaction/DATASET/RESIZED/8aI - 8aII/section/MASKS/8aII_3102SE_mask.png,4,8aI - 8aII,section,8aII_3102SE,4,4,1,0.0046798177,0.008773462,0.0038796868,0.0042804545,0.9783865
/home/ikk/renal-calculi-classificaction/DATASET/RESIZED/3aII/surface/3aII_2047SE.jpg,/home/ikk/renal-calculi-classificaction/DATASET/RESIZED/3aII/surface/MASKS/3aII_2047SE_mask.png,1,3aII,surface,3aII_2047SE,2,1,1,0.24013403,0.23603903,0.51339245,0.0044714725,0.005963001
/home/ikk/renal-calculi-classificaction/DATASET/RESIZED/3aII/surface/3aII_3381SE.jpg,/home/ikk/renal-calculi-classificaction/DATASET/RESIZED/3aII/surface/MASKS/3aII_3381SE_mask.png,1,3aII,surface,3aII_3381SE,2,1,1,0.13176274,0.124324515,0.7196404,0.014186809,0.010085571
/home/ikk/renal-calculi-classificaction/DATASET/RESIZED/3aII/surface/3aII_2682SE.png,/home/ikk/renal-calculi-classificaction/DATASET/RESIZED/3aII/surface/MASKS/3aII_2682SE_mask.png,1,3aII,surface,3aII_2682SE,0,1,1,0.585501,0.15988575,0.113215,0.055494264,0.08590397
/home/ikk/renal-calculi-classificaction/DATASET/RESIZED/3bII/surface/3bII_2024SE.jpg,/home/ikk/renal-calculi-classificaction/DATASET/RESIZED/3bII/surface/MASKS/3bII_2024SE_mask.png,2,3bII,surface,3bII_2024SE,2,2,1,0.21953894,0.32938498,0.4289344,0.010433217,0.01170845
/home/ikk/renal-calculi-classificaction/DATASET/RESIZED/3bII/surface/3bII_1863SE.jpg,/home/ikk/renal-calculi-classificaction/DATASET/RESIZED/3bII/surface/MASKS/3bII_1863SE_mask.png,2,3bII,surface,3bII_1863SE,0,2,1,0.79256845,0.03135367,0.14980894,0.0030587271,0.02321015
/home/ikk/renal-calculi-classificaction/DATASET/RESIZED/3bII/surface/3bII_2434SE.png,/home/ikk/renal-calculi-classificaction/DATASET/RESIZED/3bII/surface/MASKS/3bII_2434SE_mask.png,2,3bII,surface,3bII_2434SE,0,2,1,0.613259,0.08546223,0.27027842,0.008085494,0.022914842
/home/ikk/renal-calculi-classificaction/DATASET/RESIZED/3bII/surface/3bII_3007SE.jpg,/home/ikk/renal-calculi-classificaction/DATASET/RESIZED/3bII/surface/MASKS/3bII_3007SE_mask.png,2,3bII,surface,3bII_3007SE,2,2,1,0.010886892,0.008374171,0.9487533,0.02959586,0.0023897416
/home/ikk/renal-calculi-classificaction/DATASET/RESIZED/3bII/surface/3bII_2258SE.png,/home/ikk/renal-calculi-classificaction/DATASET/RESIZED/3bII/surface/MASKS/3bII_2258SE_mask.png,2,3bII,surface,3bII_2258SE,2,2,1,0.010366841,0.008086269,0.9233616,0.048211835,0.009973517
/home/ikk/renal-calculi-classificaction/DATASET/RESIZED/3bII/surface/3bII_2699SE.jpg,/home/ikk/renal-calculi-classificaction/DATASET/RESIZED/3bII/surface/MASKS/3bII_2699SE_mask.png,2,3bII,surface,3bII_2699SE,0,2,1,0.41037497,0.25657573,0.29889137,0.01922607,0.014931815
/home/ikk/renal-calculi-classificaction/DATASET/RESIZED/3bII/surface/3bII_2251SE.png,/home/ikk/renal-calculi-classificaction/DATASET/RESIZED/3bII/surface/MASKS/3bII_2251SE_mask.png,2,3bII,surface,3bII_2251SE,2,2,1,0.008072861,0.027718296,0.73164797,0.22768976,0.004871107
/home/ikk/renal-calculi-classificaction/DATASET/RESIZED/3bII/surface/3bII_1985SE_1.jpg,/home/ikk/renal-calculi-classificaction/DATASET/RESIZED/3bII/surface/MASKS/3bII_1985SE_1_mask.png,2,3bII,surface,3bII_1985SE,2,2,1,0.07936166,0.008311716,0.8973504,0.008499958,0.0064763506
/home/ikk/renal-calculi-classificaction/DATASET/RESIZED/3bII/section/3bII_3069SE.png,/home/ikk/renal-calculi-classificaction/DATASET/RESIZED/3bII/section/MASKS/3bII_3069SE_mask.png,2,3bII,section,3bII_3069SE,2,2,1,0.10452055,0.37936577,0.4032133,0.051365435,0.061534982
/home/ikk/renal-calculi-classificaction/DATASET/RESIZED/3bII/section/3bII_1985SE_2.jpg,/home/ikk/renal-calculi-classificaction/DATASET/RESIZED/3bII/section/MASKS/3bII_1985SE_2_mask.png,2,3bII,section,3bII_1985SE,3,2,1,0.18546858,0.30187652,0.1628709,0.33108684,0.018697163
/home/ikk/renal-calculi-classificaction/DATASET/RESIZED/3bII/section/3bII_MO_1868SE.jpg,/home/ikk/renal-calculi-classificaction/DATASET/RESIZED/3bII/section/MASKS/3bII_MO_1868SE_mask.png,2,3bII,section,3bII_MO_1868SE,1,2,1,0.018604867,0.48596758,0.47482765,0.011244624,0.009355304
/home/ikk/renal-calculi-classificaction/DATASET/RESIZED/3bII/section/3bII_1804SE.jpg,/home/ikk/renal-calculi-classificaction/DATASET/RESIZED/3bII/section/MASKS/3bII_1804SE_mask.png,2,3bII,section,3bII_1804SE,1,2,1,0.095258,0.5107849,0.36726016,0.0068286657,0.019868203
/home/ikk/renal-calculi-classificaction/DATASET/RESIZED/3bII/section/3bII_1941SE.jpg,/home/ikk/renal-calculi-classificaction/DATASET/RESIZED/3bII/section/MASKS/3bII_1941SE_mask.png,2,3bII,section,3bII_1941SE,2,2,1,0.051899444,0.040639415,0.89204973,0.011376123,0.0040352917
/home/ikk/renal-calculi-classificaction/DATASET/RESIZED/3bII/section/3bII_2759SE.jpg,/home/ikk/renal-calculi-classificaction/DATASET/RESIZED/3bII/section/MASKS/3bII_2759SE_mask.png,2,3bII,section,3bII_2759SE,2,2,1,0.30111834,0.027748937,0.59070534,0.07390511,0.006522263
/home/ikk/renal-calculi-classificaction/DATASET/RESIZED/2a/surface/2a_1796SE_2.jpg,/home/ikk/renal-calculi-classificaction/DATASET/RESIZED/2a/surface/MASKS/2a_1796SE_2_mask.png,0,2a,surface,2a_1796SE,0,0,1,0.72431594,0.106960215,0.105108865,0.0069410233,0.05667392
/home/ikk/renal-calculi-classificaction/DATASET/RESIZED/2a/surface/2a_2156SE.jpg,/home/ikk/renal-calculi-classificaction/DATASET/RESIZED/2a/surface/MASKS/2a_2156SE_mask.png,0,2a,surface,2a_2156SE,0,0,1,0.7871428,0.02045113,0.10622152,0.07098198,0.015202527
/home/ikk/renal-calculi-classificaction/DATASET/RESIZED/2a/surface/2a_1782SE_surface.jpg,/home/ikk/renal-calculi-classificaction/DATASET/RESIZED/2a/surface/MASKS/2a_1782SE_surface_mask.png,0,2a,surface,2a_1782SE,2,0,1,0.27771553,0.26673713,0.42944962,0.0066657905,0.019431956
/home/ikk/renal-calculi-classificaction/DATASET/RESIZED/2a/surface/2a_1939SE.jpg,/home/ikk/renal-calculi-classificaction/DATASET/RESIZED/2a/surface/MASKS/2a_1939SE_mask.png,0,2a,surface,2a_1939SE,2,0,1,0.3682605,0.028925747,0.45524192,0.12735578,0.020216076
/home/ikk/renal-calculi-classificaction/DATASET/RESIZED/2a/surface/2a_3387SE.jpg,/home/ikk/renal-calculi-classificaction/DATASET/RESIZED/2a/surface/MASKS/2a_3387SE_mask.png,0,2a,surface,2a_3387SE,3,0,1,0.017747156,0.005155505,0.18445203,0.787094,0.005551276
/home/ikk/renal-calculi-classificaction/DATASET/RESIZED/2a/surface/2a_1796SE.jpg,/home/ikk/renal-calculi-classificaction/DATASET/RESIZED/2a/surface/MASKS/2a_1796SE_mask.png,0,2a,surface,2a_1796SE,0,0,1,0.8152202,0.08585041,0.04030832,0.0058806506,0.052740462
/home/ikk/renal-calculi-classificaction/DATASET/RESIZED/2a/section/2a_2883SE.jpg,/home/ikk/renal-calculi-classificaction/DATASET/RESIZED/2a/section/MASKS/2a_2883SE_mask.png,0,2a,section,2a_2883SE,0,0,1,0.9196678,0.0062357336,0.049821068,0.002759032,0.021516385
/home/ikk/renal-calculi-classificaction/DATASET/RESIZED/2a/section/2a_1782SE_section.jpg,/home/ikk/renal-calculi-classificaction/DATASET/RESIZED/2a/section/MASKS/2a_1782SE_section_mask.png,0,2a,section,2a_1782SE,0,0,1,0.6350327,0.23198524,0.120161116,0.0026745056,0.010146419
/home/ikk/renal-calculi-classificaction/DATASET/RESIZED/2a/section/2a_2149SE_1.jpg,/home/ikk/renal-calculi-classificaction/DATASET/RESIZED/2a/section/MASKS/2a_2149SE_1_mask.png,0,2a,section,2a_2149SE,0,0,1,0.9792245,0.0037844204,0.013678574,0.0012822881,0.0020302408
/home/ikk/renal-calculi-classificaction/DATASET/RESIZED/2a/section/2a_1939SE_3.jpg,/home/ikk/renal-calculi-classificaction/DATASET/RESIZED/2a/section/MASKS/2a_1939SE_3_mask.png,0,2a,section,2a_1939SE,0,0,1,0.5726399,0.018929033,0.36804834,0.013297718,0.027085003
/home/ikk/renal-calculi-classificaction/DATASET/RESIZED/2a/section/2a_1910SE.jpg,/home/ikk/renal-calculi-classificaction/DATASET/RESIZED/2a/section/MASKS/2a_1910SE_mask.png,0,2a,section,2a_1910SE,0,0,1,0.5258828,0.01817788,0.22124007,0.21883416,0.015865063
/home/ikk/renal-calculi-classificaction/DATASET/RESIZED/2a/section/2a_1960SE.jpg,/home/ikk/renal-calculi-classificaction/DATASET/RESIZED/2a/section/MASKS/2a_1960SE_mask.png,0,2a,section,2a_1960SE,2,0,1,0.196713,0.10688776,0.66713184,0.009589315,0.0196781
/home/ikk/renal-calculi-classificaction/DATASET/RESIZED/2a/section/2a_2218SE.jpg,/home/ikk/renal-calculi-classificaction/DATASET/RESIZED/2a/section/MASKS/2a_2218SE_mask.png,0,2a,section,2a_2218SE,0,0,1,0.59609205,0.15047844,0.24352534,0.004519127,0.005385027
/home/ikk/renal-calculi-classificaction/DATASET/RESIZED/2a/section/2a_3345SE.jpg,/home/ikk/renal-calculi-classificaction/DATASET/RESIZED/2a/section/MASKS/2a_3345SE_mask.png,0,2a,section,2a_3345SE,2,0,1,0.2561524,0.031669136,0.7004285,0.00871585,0.0030341498
/home/ikk/renal-calculi-classificaction/DATASET/RESIZED/2a/section/2a_2149SE_2.jpg,/home/ikk/renal-calculi-classificaction/DATASET/RESIZED/2a/section/MASKS/2a_2149SE_2_mask.png,0,2a,section,2a_2149SE,0,0,1,0.776939,0.008449387,0.20393948,0.0032972924,0.007374836
/home/ikk/renal-calculi-classificaction/DATASET/RESIZED/2a/section/2a_2708SE.jpg,/home/ikk/renal-calculi-classificaction/DATASET/RESIZED/2a/section/MASKS/2a_2708SE_mask.png,0,2a,section,2a_2708SE,0,0,1,0.52875364,0.111295,0.26536426,0.08054045,0.014046638
/home/ikk/renal-calculi-classificaction/DATASET/RESIZED/2a/section/2a_2060SE.jpg,/home/ikk/renal-calculi-classificaction/DATASET/RESIZED/2a/section/MASKS/2a_2060SE_mask.png,0,2a,section,2a_2060SE,0,0,1,0.8196445,0.029978717,0.14035949,0.0027167003,0.0073006507
/home/ikk/renal-calculi-classificaction/DATASET/RESIZED/2a/section/2a_2790SE.jpg,/home/ikk/renal-calculi-classificaction/DATASET/RESIZED/2a/section/MASKS/2a_2790SE_mask.png,0,2a,section,2a_2790SE,0,0,1,0.7873051,0.006691343,0.19730778,0.0025533156,0.00614243
/home/ikk/renal-calculi-classificaction/DATASET/RESIZED/2a/section/2a_1980SE.jpg,/home/ikk/renal-calculi-classificaction/DATASET/RESIZED/2a/section/MASKS/2a_1980SE_mask.png,0,2a,section,2a_1980SE,1,0,1,0.034874294,0.7347766,0.1887204,0.03202631,0.00960234
/home/ikk/renal-calculi-classificaction/DATASET/RESIZED/2a/section/2a_3382SE.jpg,/home/ikk/renal-calculi-classificaction/DATASET/RESIZED/2a/section/MASKS/2a_3382SE_mask.png,0,2a,section,2a_3382SE,2,0,1,0.30875155,0.22479498,0.3815904,0.015606244,0.069256864
/home/ikk/renal-calculi-classificaction/DATASET/RESIZED/2a/section/2a_1939SE_2.jpg,/home/ikk/renal-calculi-classificaction/DATASET/RESIZED/2a/section/MASKS/2a_1939SE_2_mask.png,0,2a,section,2a_1939SE,0,0,1,0.91751724,0.0068286904,0.048694234,0.0054992866,0.021460524
/home/ikk/renal-calculi-classificaction/DATASET/RESIZED/4II-4I/surface/4II_2731SE.jpg,/home/ikk/renal-calculi-classificaction/DATASET/RESIZED/4II-4I/surface/MASKS/4II_2731SE_mask.png,2,4II-4I,surface,4II_2731SE,1,2,1,0.2069823,0.3467153,0.25512448,0.04733686,0.14384109
/home/ikk/renal-calculi-classificaction/DATASET/RESIZED/4II-4I/surface/4II_1906SE.jpg,/home/ikk/renal-calculi-classificaction/DATASET/RESIZED/4II-4I/surface/MASKS/4II_1906SE_mask.png,2,4II-4I,surface,4II_1906SE,1,2,1,0.25850782,0.4366191,0.2549178,0.026824204,0.023131078
/home/ikk/renal-calculi-classificaction/DATASET/RESIZED/4II-4I/surface/4II_1906SE_2.jpg,/home/ikk/renal-calculi-classificaction/DATASET/RESIZED/4II-4I/surface/MASKS/4II_1906SE_2_mask.png,2,4II-4I,surface,4II_1906SE,2,2,1,0.07985787,0.17450756,0.6720873,0.046570867,0.026976377
/home/ikk/renal-calculi-classificaction/DATASET/RESIZED/4II-4I/surface/4I_3506SE.png,/home/ikk/renal-calculi-classificaction/DATASET/RESIZED/4II-4I/surface/MASKS/4I_3506SE_mask.png,2,4II-4I,surface,4I_3506SE,1,2,1,0.021486294,0.58849543,0.10098007,0.012454944,0.27658325
/home/ikk/renal-calculi-classificaction/DATASET/RESIZED/4II-4I/section/4II_1933SE.jpg,/home/ikk/renal-calculi-classificaction/DATASET/RESIZED/4II-4I/section/MASKS/4II_1933SE_mask.png,2,4II-4I,section,4II_1933SE,2,2,1,0.052889045,0.11989501,0.50045204,0.3180046,0.0087593
/home/ikk/renal-calculi-classificaction/DATASET/RESIZED/4II-4I/section/4II_9.png,/home/ikk/renal-calculi-classificaction/DATASET/RESIZED/4II-4I/section/MASKS/4II_9_mask.png,2,4II-4I,section,4II_9,2,2,1,0.008208914,0.008635887,0.68661505,0.29084465,0.0056954883
/home/ikk/renal-calculi-classificaction/DATASET/RESIZED/4II-4I/section/4I_2753SE.jpg,/home/ikk/renal-calculi-classificaction/DATASET/RESIZED/4II-4I/section/MASKS/4I_2753SE_mask.png,2,4II-4I,section,4I_2753SE,2,2,1,0.018899126,0.103482135,0.51492506,0.35506788,0.0076258094
/home/ikk/renal-calculi-classificaction/DATASET/RESIZED/4II-4I/section/4II_3132SE.png,/home/ikk/renal-calculi-classificaction/DATASET/RESIZED/4II-4I/section/MASKS/4II_3132SE_mask.png,2,4II-4I,section,4II_3132SE,0,2,1,0.5678723,0.034267776,0.3856901,0.0041362154,0.008033632
/home/ikk/renal-calculi-classificaction/DATASET/RESIZED/4II-4I/section/4I_COM_1898SE.jpg,/home/ikk/renal-calculi-classificaction/DATASET/RESIZED/4II-4I/section/MASKS/4I_COM_1898SE_mask.png,2,4II-4I,section,4I_COM_1898SE,2,2,1,0.32853153,0.097586386,0.4648394,0.01468042,0.09436227
/home/ikk/renal-calculi-classificaction/DATASET/RESIZED/4II-4I/section/4II_1933SE_2.jpg,/home/ikk/renal-calculi-classificaction/DATASET/RESIZED/4II-4I/section/MASKS/4II_1933SE_2_mask.png,2,4II-4I,section,4II_1933SE,2,2,1,0.006117766,0.003639802,0.95629716,0.03240526,0.001539986
/home/ikk/renal-calculi-classificaction/DATASET/RESIZED/4II-4I/section/4II_3166SE.jpg,/home/ikk/renal-calculi-classificaction/DATASET/RESIZED/4II-4I/section/MASKS/4II_3166SE_mask.png,2,4II-4I,section,4II_3166SE,2,2,1,0.019611355,0.012192255,0.89803606,0.06600316,0.0041571837
/home/ikk/renal-calculi-classificaction/DATASET/RESIZED/1aI/surface/1aI_COD_sup_1828SE.jpg,/home/ikk/renal-calculi-classificaction/DATASET/RESIZED/1aI/surface/MASKS/1aI_COD_sup_1828SE_mask.png,0,1aI,surface,1aI_COD_sup_1828SE,0,0,1,0.73312247,0.010046431,0.24289642,0.004213382,0.009721311
/home/ikk/renal-calculi-classificaction/DATASET/RESIZED/1aI/surface/1aI_3111SE.png,/home/ikk/renal-calculi-classificaction/DATASET/RESIZED/1aI/surface/MASKS/1aI_3111SE_mask.png,0,1aI,surface,1aI_3111SE,0,0,1,0.9651459,0.004006185,0.008944673,0.0193513,0.0025518988
/home/ikk/renal-calculi-classificaction/DATASET/RESIZED/1aI/surface/1aI_COD_sup_2524SE.png,/home/ikk/renal-calculi-classificaction/DATASET/RESIZED/1aI/surface/MASKS/1aI_COD_sup_2524SE_mask.png,0,1aI,surface,1aI_COD_sup_2524SE,0,0,1,0.75911987,0.024893126,0.18424106,0.019309355,0.012436576
/home/ikk/renal-calculi-classificaction/DATASET/RESIZED/1aI/surface/1aI_COD_sup_1929SE.jpg,/home/ikk/renal-calculi-classificaction/DATASET/RESIZED/1aI/surface/MASKS/1aI_COD_sup_1929SE_mask.png,0,1aI,surface,1aI_COD_sup_1929SE,0,0,1,0.9816441,0.004554515,0.007909682,0.001967766,0.003923909
/home/ikk/renal-calculi-classificaction/DATASET/RESIZED/1aI/surface/1aI_1992SE_2.jpg,/home/ikk/renal-calculi-classificaction/DATASET/RESIZED/1aI/surface/MASKS/1aI_1992SE_2_mask.png,0,1aI,surface,1aI_1992SE,0,0,1,0.9574022,0.009010444,0.026074575,0.0035173278,0.0039953818
/home/ikk/renal-calculi-classificaction/DATASET/RESIZED/1aI/surface/1aI_1794SE.jpg,/home/ikk/renal-calculi-classificaction/DATASET/RESIZED/1aI/surface/MASKS/1aI_1794SE_mask.png,0,1aI,surface,1aI_1794SE,0,0,1,0.45885614,0.027281677,0.35769862,0.034521602,0.121641956
/home/ikk/renal-calculi-classificaction/DATASET/RESIZED/1aI/surface/1aI_2411SE_1.png,/home/ikk/renal-calculi-classificaction/DATASET/RESIZED/1aI/surface/MASKS/1aI_2411SE_1_mask.png,0,1aI,surface,1aI_2411SE,2,0,1,0.07814894,0.04634055,0.7180162,0.1335554,0.023938917
/home/ikk/renal-calculi-classificaction/DATASET/RESIZED/1aI/surface/1aI_1992SE_1.jpg,/home/ikk/renal-calculi-classificaction/DATASET/RESIZED/1aI/surface/MASKS/1aI_1992SE_1_mask.png,0,1aI,surface,1aI_1992SE,0,0,1,0.98313737,0.0022254689,0.010357034,0.0016648944,0.0026152318
/home/ikk/renal-calculi-classificaction/DATASET/RESIZED/1aI/section/1aI_2014SE.jpg,/home/ikk/renal-calculi-classificaction/DATASET/RESIZED/1aI/section/MASKS/1aI_2014SE_mask.png,0,1aI,section,1aI_2014SE,0,0,1,0.6730609,0.013025506,0.29673803,0.005227396,0.011948199
/home/ikk/renal-calculi-classificaction/DATASET/RESIZED/1aI/section/1aI_2408SE_1.png,/home/ikk/renal-calculi-classificaction/DATASET/RESIZED/1aI/section/MASKS/1aI_2408SE_1_mask.png,0,1aI,section,1aI_2408SE,0,0,1,0.63159865,0.00936849,0.25209555,0.013357261,0.09358003
/home/ikk/renal-calculi-classificaction/DATASET/RESIZED/1aI/section/1aI_2411SE_2.png,/home/ikk/renal-calculi-classificaction/DATASET/RESIZED/1aI/section/MASKS/1aI_2411SE_2_mask.png,0,1aI,section,1aI_2411SE,2,0,1,0.021817409,0.046391025,0.85942954,0.053109657,0.019252392
/home/ikk/renal-calculi-classificaction/DATASET/RESIZED/1aI/section/1aI_2408SE_2.png,/home/ikk/renal-calculi-classificaction/DATASET/RESIZED/1aI/section/MASKS/1aI_2408SE_2_mask.png,0,1aI,section,1aI_2408SE,0,0,1,0.9788533,0.0023061547,0.012665936,0.0019173652,0.0042573265
/home/ikk/renal-calculi-classificaction/DATASET/RESIZED/6/surface/6_3002SE.jpg,/home/ikk/renal-calculi-classificaction/DATASET/RESIZED/6/surface/MASKS/6_3002SE_mask.png,3,6,surface,6_3002SE,3,3,2,0.0067544444,0.0016179521,0.00725562,0.9780018,0.0063701663
/home/ikk/renal-calculi-classificaction/DATASET/RESIZED/6/surface/6_2023SE_3.jpg,/home/ikk/renal-calculi-classificaction/DATASET/RESIZED/6/surface/MASKS/6_2023SE_3_mask.png,3,6,surface,6_2023SE,3,3,2,0.095267825,0.015523475,0.090453684,0.7245339,0.07422112
/home/ikk/renal-calculi-classificaction/DATASET/RESIZED/6/surface/6_2430SE.png,/home/ikk/renal-calculi-classificaction/DATASET/RESIZED/6/surface/MASKS/6_2430SE_mask.png,3,6,surface,6_2430SE,2,3,2,0.024797544,0.022401914,0.67718023,0.24394323,0.03167708
/home/ikk/renal-calculi-classificaction/DATASET/RESIZED/6/section/6_3001SE.jpg,/home/ikk/renal-calculi-classificaction/DATASET/RESIZED/6/section/MASKS/6_3001SE_mask.png,3,6,section,6_3001SE,3,3,2,0.03582264,0.019035248,0.1906799,0.6436461,0.110816136
/home/ikk/renal-calculi-classificaction/DATASET/RESIZED/6/section/6_3265SE.jpg,/home/ikk/renal-calculi-classificaction/DATASET/RESIZED/6/section/MASKS/6_3265SE_mask.png,3,6,section,6_3265SE,3,3,2,0.014652513,0.004686535,0.15438609,0.8224521,0.003822719
/home/ikk/renal-calculi-classificaction/DATASET/RESIZED/6/section/6_2023SE_1.jpg,/home/ikk/renal-calculi-classificaction/DATASET/RESIZED/6/section/MASKS/6_2023SE_1_mask.png,3,6,section,6_2023SE,3,3,2,0.10544057,0.038108665,0.23534434,0.34073567,0.2803708
/home/ikk/renal-calculi-classificaction/DATASET/RESIZED/6/section/6_2023SE_2.jpg,/home/ikk/renal-calculi-classificaction/DATASET/RESIZED/6/section/MASKS/6_2023SE_2_mask.png,3,6,section,6_2023SE,2,3,2,0.010276993,0.0077369963,0.9362035,0.038709592,0.0070729363
/home/ikk/renal-calculi-classificaction/DATASET/RESIZED/6/section/6_2548SE.png,/home/ikk/renal-calculi-classificaction/DATASET/RESIZED/6/section/MASKS/6_2548SE_mask.png,3,6,section,6_2548SE,3,3,2,0.002924084,0.0010656773,0.003500356,0.9892785,0.003231364
/home/ikk/renal-calculi-classificaction/DATASET/RESIZED/6/section/6_1860SE.jpg,/home/ikk/renal-calculi-classificaction/DATASET/RESIZED/6/section/MASKS/6_1860SE_mask.png,3,6,section,6_1860SE,2,3,2,0.015546417,0.05414394,0.84216523,0.04744017,0.040704314
/home/ikk/renal-calculi-classificaction/DATASET/RESIZED/8aI - 8aII/surface/8aII_2041SE.jpg,/home/ikk/renal-calculi-classificaction/DATASET/RESIZED/8aI - 8aII/surface/MASKS/8aII_2041SE_mask.png,4,8aI - 8aII,surface,8aII_2041SE,4,4,2,0.07173944,0.3545992,0.029455114,0.048020877,0.4961853
/home/ikk/renal-calculi-classificaction/DATASET/RESIZED/8aI - 8aII/surface/8aII_1866SE.jpg,/home/ikk/renal-calculi-classificaction/DATASET/RESIZED/8aI - 8aII/surface/MASKS/8aII_1866SE_mask.png,4,8aI - 8aII,surface,8aII_1866SE,1,4,2,0.048366133,0.63333,0.26191828,0.017827068,0.038558476
/home/ikk/renal-calculi-classificaction/DATASET/RESIZED/8aI - 8aII/section/8aII_and_COM_minim_1977SE_2.jpg,/home/ikk/renal-calculi-classificaction/DATASET/RESIZED/8aI - 8aII/section/MASKS/8aII_and_COM_minim_1977SE_2_mask.png,4,8aI - 8aII,section,8aII_and_COM_minim_1977SE,4,4,2,0.011481031,0.0051636216,0.015928429,0.0034379722,0.96398896
/home/ikk/renal-calculi-classificaction/DATASET/RESIZED/8aI - 8aII/section/8aI_1871SE_2.jpg,/home/ikk/renal-calculi-classificaction/DATASET/RESIZED/8aI - 8aII/section/MASKS/8aI_1871SE_2_mask.png,4,8aI - 8aII,section,8aI_1871SE,0,4,2,0.49641106,0.13218142,0.25806674,0.015289814,0.098050974
/home/ikk/renal-calculi-classificaction/DATASET/RESIZED/8aI - 8aII/section/8aII_2796SE.jpg,/home/ikk/renal-calculi-classificaction/DATASET/RESIZED/8aI - 8aII/section/MASKS/8aII_2796SE_mask.png,4,8aI - 8aII,section,8aII_2796SE,4,4,2,0.015431833,0.0031783904,0.0028638283,0.0040063793,0.97451955
/home/ikk/renal-calculi-classificaction/DATASET/RESIZED/8aI - 8aII/section/8aII_and_COM_minim_1977SE_1.jpg,/home/ikk/renal-calculi-classificaction/DATASET/RESIZED/8aI - 8aII/section/MASKS/8aII_and_COM_minim_1977SE_1_mask.png,4,8aI - 8aII,section,8aII_and_COM_minim_1977SE,4,4,2,0.32601348,0.040295187,0.23081194,0.030916486,0.37196288
/home/ikk/renal-calculi-classificaction/DATASET/RESIZED/3aII/surface/3aII_1912SE_2.jpg,/home/ikk/renal-calculi-classificaction/DATASET/RESIZED/3aII/surface/MASKS/3aII_1912SE_2_mask.png,1,3aII,surface,3aII_1912SE,0,1,2,0.63808334,0.100965224,0.08126569,0.076904885,0.10278084
/home/ikk/renal-calculi-classificaction/DATASET/RESIZED/3aII/surface/3aII_1913SE.jpg,/home/ikk/renal-calculi-classificaction/DATASET/RESIZED/3aII/surface/MASKS/3aII_1913SE_mask.png,1,3aII,surface,3aII_1913SE,2,1,2,0.020119917,0.008224582,0.9623882,0.006628141,0.0026391172
/home/ikk/renal-calculi-classificaction/DATASET/RESIZED/3aII/surface/3aII_1912SE.jpg,/home/ikk/renal-calculi-classificaction/DATASET/RESIZED/3aII/surface/MASKS/3aII_1912SE_mask.png,1,3aII,surface,3aII_1912SE,0,1,2,0.3505085,0.23438191,0.33415014,0.044013955,0.036945466
/home/ikk/renal-calculi-classificaction/DATASET/RESIZED/3aII/surface/3aII_2107SE.jpg,/home/ikk/renal-calculi-classificaction/DATASET/RESIZED/3aII/surface/MASKS/3aII_2107SE_mask.png,1,3aII,surface,3aII_2107SE,2,1,2,0.27256763,0.14711347,0.43334058,0.06916813,0.077810176
/home/ikk/renal-calculi-classificaction/DATASET/RESIZED/3aII/surface/3aII_2354SE.png,/home/ikk/renal-calculi-classificaction/DATASET/RESIZED/3aII/surface/MASKS/3aII_2354SE_mask.png,1,3aII,surface,3aII_2354SE,0,1,2,0.77187586,0.1389662,0.06950334,0.011673309,0.007981303
/home/ikk/renal-calculi-classificaction/DATASET/RESIZED/3aII/surface/3aII_3114SE.png,/home/ikk/renal-calculi-classificaction/DATASET/RESIZED/3aII/surface/MASKS/3aII_3114SE_mask.png,1,3aII,surface,3aII_3114SE,2,1,2,0.004828637,0.022579897,0.8572439,0.10963704,0.0057105403
/home/ikk/renal-calculi-classificaction/DATASET/RESIZED/3bII/surface/3bII_2102SE.jpg,/home/ikk/renal-calculi-classificaction/DATASET/RESIZED/3bII/surface/MASKS/3bII_2102SE_mask.png,2,3bII,surface,3bII_2102SE,2,2,2,0.23892273,0.039167922,0.6536787,0.038750038,0.029480584
/home/ikk/renal-calculi-classificaction/DATASET/RESIZED/3bII/surface/3bII_1819SE.jpg,/home/ikk/renal-calculi-classificaction/DATASET/RESIZED/3bII/surface/MASKS/3bII_1819SE_mask.png,2,3bII,surface,3bII_1819SE,0,2,2,0.45750657,0.181046,0.26890355,0.014936017,0.077607855
/home/ikk/renal-calculi-classificaction/DATASET/RESIZED/3bII/surface/3bII_2584SE.png,/home/ikk/renal-calculi-classificaction/DATASET/RESIZED/3bII/surface/MASKS/3bII_2584SE_mask.png,2,3bII,surface,3bII_2584SE,2,2,2,0.09015665,0.039924294,0.7865246,0.060833637,0.022560786
/home/ikk/renal-calculi-classificaction/DATASET/RESIZED/3bII/surface/3bII_3047SE_surface.png,/home/ikk/renal-calculi-classificaction/DATASET/RESIZED/3bII/surface/MASKS/3bII_3047SE_surface_mask.png,2,3bII,surface,3bII_3047SE,0,2,2,0.7193299,0.03658007,0.21601297,0.018404396,0.009672674
/home/ikk/renal-calculi-classificaction/DATASET/RESIZED/3bII/section/3bII_1818SE_2.jpg,/home/ikk/renal-calculi-classificaction/DATASET/RESIZED/3bII/section/MASKS/3bII_1818SE_2_mask.png,2,3bII,section,3bII_1818SE,0,2,2,0.8368856,0.018170064,0.07838626,0.00492504,0.061633095
/home/ikk/renal-calculi-classificaction/DATASET/RESIZED/3bII/section/3bII_3471SE.png,/home/ikk/renal-calculi-classificaction/DATASET/RESIZED/3bII/section/MASKS/3bII_3471SE_mask.png,2,3bII,section,3bII_3471SE,3,2,2,0.01483525,0.008712082,0.03758692,0.9224075,0.016458258
/home/ikk/renal-calculi-classificaction/DATASET/RESIZED/3bII/section/3bII_2850SE.jpg,/home/ikk/renal-calculi-classificaction/DATASET/RESIZED/3bII/section/MASKS/3bII_2850SE_mask.png,2,3bII,section,3bII_2850SE,2,2,2,0.0140753025,0.01860367,0.88200617,0.06553863,0.019776274
/home/ikk/renal-calculi-classificaction/DATASET/RESIZED/3bII/section/3bII_3047SE_section.png,/home/ikk/renal-calculi-classificaction/DATASET/RESIZED/3bII/section/MASKS/3bII_3047SE_section_mask.png,2,3bII,section,3bII_3047SE,2,2,2,0.19720037,0.15477782,0.45348877,0.05388582,0.14064722
/home/ikk/renal-calculi-classificaction/DATASET/RESIZED/3bII/section/3bII_2492SE.png,/home/ikk/renal-calculi-classificaction/DATASET/RESIZED/3bII/section/MASKS/3bII_2492SE_mask.png,2,3bII,section,3bII_2492SE,2,2,2,0.3380623,0.0197916,0.62510407,0.008800097,0.008241944
/home/ikk/renal-calculi-classificaction/DATASET/RESIZED/3bII/section/3bII_1961SE.jpg,/home/ikk/renal-calculi-classificaction/DATASET/RESIZED/3bII/section/MASKS/3bII_1961SE_mask.png,2,3bII,section,3bII_1961SE,0,2,2,0.5799949,0.012622817,0.39743558,0.0057777995,0.004168886
/home/ikk/renal-calculi-classificaction/DATASET/RESIZED/3bII/section/3bII_5.jpg,/home/ikk/renal-calculi-classificaction/DATASET/RESIZED/3bII/section/MASKS/3bII_5_mask.png,2,3bII,section,3bII_5,2,2,2,0.041932322,0.010818173,0.79452187,0.14331478,0.0094128065
/home/ikk/renal-calculi-classificaction/DATASET/RESIZED/3bII/section/3bII_1959SE.jpg,/home/ikk/renal-calculi-classificaction/DATASET/RESIZED/3bII/section/MASKS/3bII_1959SE_mask.png,2,3bII,section,3bII_1959SE,2,2,2,0.10219044,0.0626693,0.7816477,0.04341814,0.010074405
/home/ikk/renal-calculi-classificaction/DATASET/RESIZED/3bII/section/3bII_2071SE.jpg,/home/ikk/renal-calculi-classificaction/DATASET/RESIZED/3bII/section/MASKS/3bII_2071SE_mask.png,2,3bII,section,3bII_2071SE,2,2,2,0.029253874,0.012774271,0.93571067,0.01664152,0.005619674
/home/ikk/renal-calculi-classificaction/DATASET/RESIZED/2a/surface/2a_2145SE.jpg,/home/ikk/renal-calculi-classificaction/DATASET/RESIZED/2a/surface/MASKS/2a_2145SE_mask.png,0,2a,surface,2a_2145SE,0,0,2,0.9828153,0.0024445758,0.009576041,0.0013402537,0.0038238524
/home/ikk/renal-calculi-classificaction/DATASET/RESIZED/2a/surface/2aCOD_sup_1783SE.jpg,/home/ikk/renal-calculi-classificaction/DATASET/RESIZED/2a/surface/MASKS/2aCOD_sup_1783SE_mask.png,0,2a,surface,2aCOD_sup_1783SE,4,0,2,0.030967344,0.038528733,0.1276244,0.013346695,0.78953284
/home/ikk/renal-calculi-classificaction/DATASET/RESIZED/2a/surface/2aCOD_sup_3187SE_1.jpg,/home/ikk/renal-calculi-classificaction/DATASET/RESIZED/2a/surface/MASKS/2aCOD_sup_3187SE_1_mask.png,0,2a,surface,2aCOD_sup_3187SE,0,0,2,0.9884975,0.001726536,0.008415913,0.00095148804,0.00040862153
/home/ikk/renal-calculi-classificaction/DATASET/RESIZED/2a/surface/2a_1964SE.jpg,/home/ikk/renal-calculi-classificaction/DATASET/RESIZED/2a/surface/MASKS/2a_1964SE_mask.png,0,2a,surface,2a_1964SE,0,0,2,0.995188,0.0010425905,0.002099483,0.0005220632,0.0011478583
/home/ikk/renal-calculi-classificaction/DATASET/RESIZED/2a/surface/2aCOD_sup_3187SE_2.jpg,/home/ikk/renal-calculi-classificaction/DATASET/RESIZED/2a/surface/MASKS/2aCOD_sup_3187SE_2_mask.png,0,2a,surface,2aCOD_sup_3187SE,0,0,2,0.96883863,0.002435532,0.025881276,0.001413516,0.0014310541
/home/ikk/renal-calculi-classificaction/DATASET/RESIZED/2a/surface/2aCOD_sup_2247SE.jpg,/home/ikk/renal-calculi-classificaction/DATASET/RESIZED/2a/surface/MASKS/2aCOD_sup_2247SE_mask.png,0,2a,surface,2aCOD_sup_2247SE,0,0,2,0.9913202,0.0024879184,0.0032823395,0.001115458,0.0017940878
/home/ikk/renal-calculi-classificaction/DATASET/RESIZED/2a/surface/2a_3441SE.jpg,/home/ikk/renal-calculi-classificaction/DATASET/RESIZED/2a/surface/MASKS/2a_3441SE_mask.png,0,2a,surface,2a_3441SE,0,0,2,0.95581573,0.013722329,0.023187608,0.005447336,0.001827018
/home/ikk/renal-calculi-classificaction/DATASET/RESIZED/2a/surface/2a_1942SE.jpg,/home/ikk/renal-calculi-classificaction/DATASET/RESIZED/2a/surface/MASKS/2a_1942SE_mask.png,0,2a,surface,2a_1942SE,0,0,2,0.9959488,0.0010053628,0.0012328952,0.00077838707,0.0010345592
/home/ikk/renal-calculi-classificaction/DATASET/RESIZED/2a/surface/2a_3169SE_1.jpg,/home/ikk/renal-calculi-classificaction/DATASET/RESIZED/2a/surface/MASKS/2a_3169SE_1_mask.png,0,2a,surface,2a_3169SE,2,0,2,0.13265765,0.024571965,0.7871387,0.029997682,0.025634047
/home/ikk/renal-calculi-classificaction/DATASET/RESIZED/2a/surface/2a_2348SE.png,/home/ikk/renal-calculi-classificaction/DATASET/RESIZED/2a/surface/MASKS/2a_2348SE_mask.png,0,2a,surface,2a_2348SE,0,0,2,0.68201274,0.15334585,0.12538007,0.026418893,0.01284246
/home/ikk/renal-calculi-classificaction/DATASET/RESIZED/2a/surface/2a_1_surface.jpg,/home/ikk/renal-calculi-classificaction/DATASET/RESIZED/2a/surface/MASKS/2a_1_surface_mask.png,0,2a,surface,2a_1,0,0,2,0.80096436,0.014934433,0.12784515,0.037345227,0.018910805
/home/ikk/renal-calculi-classificaction/DATASET/RESIZED/2a/section/2a_3103SE_2.png,/home/ikk/renal-calculi-classificaction/DATASET/RESIZED/2a/section/MASKS/2a_3103SE_2_mask.png,0,2a,section,2a_3103SE,0,0,2,0.95327526,0.011264617,0.028874245,0.0030365628,0.0035492436
/home/ikk/renal-calculi-classificaction/DATASET/RESIZED/2a/section/2a_3169SE_2.jpg,/home/ikk/renal-calculi-classificaction/DATASET/RESIZED/2a/section/MASKS/2a_3169SE_2_mask.png,0,2a,section,2a_3169SE,2,0,2,0.287708,0.019363502,0.66957986,0.016131666,0.007216929
/home/ikk/renal-calculi-classificaction/DATASET/RESIZED/2a/section/2a_2335SE.png,/home/ikk/renal-calculi-classificaction/DATASET/RESIZED/2a/section/MASKS/2a_2335SE_mask.png,0,2a,section,2a_2335SE,0,0,2,0.9468795,0.006131456,0.04192676,0.0034402092,0.0016221056
/home/ikk/renal-calculi-classificaction/DATASET/RESIZED/2a/section/2aCOD_sup_3187SE_4.jpg,/home/ikk/renal-calculi-classificaction/DATASET/RESIZED/2a/section/MASKS/2aCOD_sup_3187SE_4_mask.png,0,2a,section,2aCOD_sup_3187SE,0,0,2,0.9114039,0.0060454556,0.07559382,0.003240284,0.003716489
/home/ikk/renal-calculi-classificaction/DATASET/RESIZED/2a/section/2a_2703SE.jpg,/home/ikk/renal-calculi-classificaction/DATASET/RESIZED/2a/section/MASKS/2a_2703SE_mask.png,0,2a,section,2a_2703SE,2,0,2,0.22921821,0.058759164,0.673643,0.028404647,0.009974976
/home/ikk/renal-calculi-classificaction/DATASET/RESIZED/2a/section/2a_1_section.jpg,/home/ikk/renal-calculi-classificaction/DATASET/RESIZED/2a/section/MASKS/2a_1_section_mask.png,0,2a,section,2a_1,0,0,2,0.97336775,0.0031104232,0.017144911,0.0046446584,0.0017322253
/home/ikk/renal-calculi-classificaction/DATASET/RESIZED/2a/section/2a_2668SE.png,/home/ikk/renal-calculi-classificaction/DATASET/RESIZED/2a/section/MASKS/2a_2668SE_mask.png,0,2a,section,2a_2668SE,2,0,2,0.19344711,0.2237777,0.5171446,0.027339423,0.03829113
/home/ikk/renal-calculi-classificaction/DATASET/RESIZED/2a/section/2aCOD_sup_3187SE_3.jpg,/home/ikk/renal-calculi-classificaction/DATASET/RESIZED/2a/section/MASKS/2aCOD_sup_3187SE_3_mask.png,0,2a,section,2aCOD_sup_3187SE,0,0,2,0.96072525,0.002151957,0.03445096,0.0013112153,0.0013605906
/home/ikk/renal-calculi-classificaction/DATASET/RESIZED/2a/section/2a_1942SE_2.jpg,/home/ikk/renal-calculi-classificaction/DATASET/RESIZED/2a/section/MASKS/2a_1942SE_2_mask.png,0,2a,section,2a_1942SE,0,0,2,0.96109253,0.0030022315,0.030626299,0.0011395044,0.0041393787
/home/ikk/renal-calculi-classificaction/DATASET/RESIZED/2a/section/2aCOD_sup_1783SE_2.jpg,/home/ikk/renal-calculi-classificaction/DATASET/RESIZED/2a/section/MASKS/2aCOD_sup_1783SE_2_mask.png,0,2a,section,2aCOD_sup_1783SE,4,0,2,0.017109998,0.030558119,0.29715052,0.0055240095,0.64965737
/home/ikk/renal-calculi-classificaction/DATASET/RESIZED/2a/section/2aCOD_sup_2578SE.png,/home/ikk/renal-calculi-classificaction/DATASET/RESIZED/2a/section/MASKS/2aCOD_sup_2578SE_mask.png,0,2a,section,2aCOD_sup_2578SE,3,0,2,0.008038208,0.003990439,0.039704103,0.9431377,0.0051295743
/home/ikk/renal-calculi-classificaction/DATASET/RESIZED/2a/section/2a_3103SE_1.png,/home/ikk/renal-calculi-classificaction/DATASET/RESIZED/2a/section/MASKS/2a_3103SE_1_mask.png,0,2a,section,2a_3103SE,0,0,2,0.9488607,0.012665255,0.023162453,0.006330843,0.008980729
/home/ikk/renal-calculi-classificaction/DATASET/RESIZED/2a/section/2aCOD_sup_3207SE.jpg,/home/ikk/renal-calculi-classificaction/DATASET/RESIZED/2a/section/MASKS/2aCOD_sup_3207SE_mask.png,0,2a,section,2aCOD_sup_3207SE,0,0,2,0.874548,0.032783154,0.07018206,0.005523954,0.016962782
/home/ikk/renal-calculi-classificaction/DATASET/RESIZED/4II-4I/surface/4I_1879SE.jpg,/home/ikk/renal-calculi-classificaction/DATASET/RESIZED/4II-4I/surface/MASKS/4I_1879SE_mask.png,2,4II-4I,surface,4I_1879SE,2,2,2,0.088417314,0.36624727,0.4952062,0.03169698,0.018432194
/home/ikk/renal-calculi-classificaction/DATASET/RESIZED/4II-4I/surface/4II_2.jpg,/home/ikk/renal-calculi-classificaction/DATASET/RESIZED/4II-4I/surface/MASKS/4II_2_mask.png,2,4II-4I,surface,4II_2,2,2,2,0.0052058427,0.0057589114,0.8715166,0.10943847,0.008080114
/home/ikk/renal-calculi-classificaction/DATASET/RESIZED/4II-4I/section/4I_3373SE.jpg,/home/ikk/renal-calculi-classificaction/DATASET/RESIZED/4II-4I/section/MASKS/4I_3373SE_mask.png,2,4II-4I,section,4I_3373SE,2,2,2,0.0217566,0.01695438,0.9067439,0.047663305,0.006881789
/home/ikk/renal-calculi-classificaction/DATASET/RESIZED/4II-4I/section/4II_6.jpg,/home/ikk/renal-calculi-classificaction/DATASET/RESIZED/4II-4I/section/MASKS/4II_6_mask.png,2,4II-4I,section,4II_6,2,2,2,0.01625532,0.0047582607,0.8147951,0.15725231,0.0069389897
/home/ikk/renal-calculi-classificaction/DATASET/RESIZED/4II-4I/section/4II_2705SE.jpg,/home/ikk/renal-calculi-classificaction/DATASET/RESIZED/4II-4I/section/MASKS/4II_2705SE_mask.png,2,4II-4I,section,4II_2705SE,2,2,2,0.009590899,0.0026889467,0.9632051,0.020566517,0.0039485865
/home/ikk/renal-calculi-classificaction/DATASET/RESIZED/4II-4I/section/4II_3.jpg,/home/ikk/renal-calculi-classificaction/DATASET/RESIZED/4II-4I/section/MASKS/4II_3_mask.png,2,4II-4I,section,4II_3,0,2,2,0.653276,0.02436882,0.3157532,0.0035784557,0.003023496
/home/ikk/renal-calculi-classificaction/DATASET/RESIZED/4II-4I/section/4II_3338SE.jpg,/home/ikk/renal-calculi-classificaction/DATASET/RESIZED/4II-4I/section/MASKS/4II_3338SE_mask.png,2,4II-4I,section,4II_3338SE,0,2,2,0.7914123,0.0768422,0.10526358,0.020354593,0.006127335
/home/ikk/renal-calculi-classificaction/DATASET/RESIZED/1aI/surface/1aI_COD_sup_2088SE.jpg,/home/ikk/renal-calculi-classificaction/DATASET/RESIZED/1aI/surface/MASKS/1aI_COD_sup_2088SE_mask.png,0,1aI,surface,1aI_COD_sup_2088SE,0,0,2,0.98504907,0.0025905515,0.0044601285,0.0012158855,0.0066843894
/home/ikk/renal-calculi-classificaction/DATASET/RESIZED/1aI/surface/1aI_1784SE_2.jpg,/home/ikk/renal-calculi-classificaction/DATASET/RESIZED/1aI/surface/MASKS/1aI_1784SE_2_mask.png,0,1aI,surface,1aI_1784SE,0,0,2,0.9625343,0.00431695,0.027746769,0.002160786,0.0032411837
/home/ikk/renal-calculi-classificaction/DATASET/RESIZED/1aI/surface/1aI_2781SE.jpg,/home/ikk/renal-calculi-classificaction/DATASET/RESIZED/1aI/surface/MASKS/1aI_2781SE_mask.png,0,1aI,surface,1aI_2781SE,0,0,2,0.8789982,0.047611363,0.061017532,0.0063202763,0.00605256
/home/ikk/renal-calculi-classificaction/DATASET/RESIZED/1aI/surface/1aI_2913SE.jpg,/home/ikk/renal-calculi-classificaction/DATASET/RESIZED/1aI/surface/MASKS/1aI_2913SE_mask.png,0,1aI,surface,1aI_2913SE,0,0,2,0.9386334,0.008226264,0.0393589,0.0070937625,0.006687657
/home/ikk/renal-calculi-classificaction/DATASET/RESIZED/1aI/surface/1aI_COD_sup_2111SE_1.jpg,/home/ikk/renal-calculi-classificaction/DATASET/RESIZED/1aI/surface/MASKS/1aI_COD_sup_2111SE_1_mask.png,0,1aI,surface,1aI_COD_sup_2111SE,0,0,2,0.9877543,0.0013038162,0.0074380804,0.0015632432,0.0019405817
/home/ikk/renal-calculi-classificaction/DATASET/RESIZED/1aI/surface/1aI_3081SE_2_LB.png,/home/ikk/renal-calculi-classificaction/DATASET/RESIZED/1aI/surface/MASKS/1aI_3081SE_2_LB_mask.png,0,1aI,surface,1aI_3081SE,0,0,2,0.9893811,0.0029789957,0.0039942903,0.002713488,0.0009321759
/home/ikk/renal-calculi-classificaction/DATASET/RESIZED/1aI/surface/1aI_3302SE.jpg,/home/ikk/renal-calculi-classificaction/DATASET/RESIZED/1aI/surface/MASKS/1aI_3302SE_mask.png,0,1aI,surface,1aI_3302SE,0,0,2,0.8003463,0.14815648,0.027059771,0.019284299,0.0051531177
/home/ikk/renal-calculi-classificaction/DATASET/RESIZED/1aI/surface/1aI_1937SE.jpg,/home/ikk/renal-calculi-classificaction/DATASET/RESIZED/1aI/surface/MASKS/1aI_1937SE_mask.png,0,1aI,surface,1aI_1937SE,0,0,2,0.9613714,0.009917032,0.022671657,0.002756756,0.0032831368
/home/ikk/renal-calculi-classificaction/DATASET/RESIZED/1aI/surface/1aI_2366SE_1.png,/home/ikk/renal-calculi-classificaction/DATASET/RESIZED/1aI/surface/MASKS/1aI_2366SE_1_mask.png,0,1aI,surface,1aI_2366SE,0,0,2,0.9731313,0.007119139,0.014773126,0.0030429587,0.001933479
/home/ikk/renal-calculi-classificaction/DATASET/RESIZED/1aI/surface/1aI_1917SE.jpg,/home/ikk/renal-calculi-classificaction/DATASET/RESIZED/1aI/surface/MASKS/1aI_1917SE_mask.png,0,1aI,surface,1aI_1917SE,0,0,2,0.91787785,0.008284727,0.05835607,0.004110931,0.01137039
/home/ikk/renal-calculi-classificaction/DATASET/RESIZED/1aI/surface/1a_3366SE_1.jpg,/home/ikk/renal-calculi-classificaction/DATASET/RESIZED/1aI/surface/MASKS/1a_3366SE_1_mask.png,0,1aI,surface,1a_3366SE,0,0,2,0.9526973,0.005633404,0.033350352,0.005417067,0.0029019236
/home/ikk/renal-calculi-classificaction/DATASET/RESIZED/1aI/surface/1aI_3081SE_3_LB.png,/home/ikk/renal-calculi-classificaction/DATASET/RESIZED/1aI/surface/MASKS/1aI_3081SE_3_LB_mask.png,0,1aI,surface,1aI_3081SE,0,0,2,0.9900238,0.0027875067,0.0038457979,0.0026384965,0.0007044103
/home/ikk/renal-calculi-classificaction/DATASET/RESIZED/1aI/surface/1aI_3081SE_4_LB.png,/home/ikk/renal-calculi-classificaction/DATASET/RESIZED/1aI/surface/MASKS/1aI_3081SE_4_LB_mask.png,0,1aI,surface,1aI_3081SE,0,0,2,0.9261335,0.02918625,0.02760042,0.007195226,0.009884628
/home/ikk/renal-calculi-classificaction/DATASET/RESIZED/1aI/surface/1aI_3081SE_5_LB.png,/home/ikk/renal-calculi-classificaction/DATASET/RESIZED/1aI/surface/MASKS/1aI_3081SE_5_LB_mask.png,0,1aI,surface,1aI_3081SE,0,0,2,0.9910828,0.0036007024,0.0035215213,0.0009597794,0.0008351836
/home/ikk/renal-calculi-classificaction/DATASET/RESIZED/1aI/surface/1aI_1784SE_1.jpg,/home/ikk/renal-calculi-classificaction/DATASET/RESIZED/1aI/surface/MASKS/1aI_1784SE_1_mask.png,0,1aI,surface,1aI_1784SE,0,0,2,0.97840697,0.0033537901,0.01405581,0.0017269168,0.0024564865
/home/ikk/renal-calculi-classificaction/DATASET/RESIZED/1aI/surface/1aI_3081SE_1_LB.png,/home/ikk/renal-calculi-classificaction/DATASET/RESIZED/1aI/surface/MASKS/1aI_3081SE_1_LB_mask.png,0,1aI,surface,1aI_3081SE,0,0,2,0.9860388,0.0031552622,0.006918231,0.003126571,0.00076105405
/home/ikk/renal-calculi-classificaction/DATASET/RESIZED/1aI/section/1aI_COD_sup_2111SE_2.jpg,/home/ikk/renal-calculi-classificaction/DATASET/RESIZED/1aI/section/MASKS/1aI_COD_sup_2111SE_2_mask.png,0,1aI,section,1aI_COD_sup_2111SE,0,0,2,0.97399783,0.0011693286,0.023118276,0.0006465268,0.001068062
/home/ikk/renal-calculi-classificaction/DATASET/RESIZED/1aI/section/1aI_3081SE_6_LB.png,/home/ikk/renal-calculi-classificaction/DATASET/RESIZED/1aI/section/MASKS/1aI_3081SE_6_LB_mask.png,0,1aI,section,1aI_3081SE,0,0,2,0.5884324,0.019483786,0.35273865,0.018268501,0.021076726
/home/ikk/renal-calculi-classificaction/DATASET/RESIZED/1aI/section/1aI_3081SE_8_LB.png,/home/ikk/renal-calculi-classificaction/DATASET/RESIZED/1aI/section/MASKS/1aI_3081SE_8_LB_mask.png,0,1aI,section,1aI_3081SE,0,0,2,0.664086,0.036733378,0.2649309,0.012892956,0.021356767
/home/ikk/renal-calculi-classificaction/DATASET/RESIZED/1aI/section/1aI_2366SE_3.png,/home/ikk/renal-calculi-classificaction/DATASET/RESIZED/1aI/section/MASKS/1aI_2366SE_3_mask.png,0,1aI,section,1aI_2366SE,0,0,2,0.97600514,0.0030540181,0.017612252,0.0011794809,0.0021491225
/home/ikk/renal-calculi-classificaction/DATASET/RESIZED/1aI/section/1a_3366SE_2.jpg,/home/ikk/renal-calculi-classificaction/DATASET/RESIZED/1aI/section/MASKS/1a_3366SE_2_mask.png,0,1aI,section,1a_3366SE,0,0,2,0.5433301,0.00645991,0.42275122,0.020346276,0.007112528
/home/ikk/renal-calculi-classificaction/DATASET/RESIZED/1aI/section/1aI_2366SE_2.png,/home/ikk/renal-calculi-classificaction/DATASET/RESIZED/1aI/section/MASKS/1aI_2366SE_2_mask.png,0,1aI,section,1aI_2366SE,0,0,2,0.95308703,0.005171013,0.033691373,0.0015308666,0.006519733
/home/ikk/renal-calculi-classificaction/DATASET/RESIZED/1aI/section/1aI_3081SE_7_LB.png,/home/ikk/renal-calculi-classificaction/DATASET/RESIZED/1aI/section/MASKS/1aI_3081SE_7_LB_mask.png,0,1aI,section,1aI_3081SE,0,0,2,0.6978992,0.018589767,0.24294122,0.020471768,0.020098021
/home/ikk/renal-calculi-classificaction/DATASET/RESIZED/1aI/section/1aI_1784SE_3.jpg,/home/ikk/renal-calculi-classificaction/DATASET/RESIZED/1aI/section/MASKS/1aI_1784SE_3_mask.png,0,1aI,section,1aI_1784SE,0,0,2,0.84109694,0.01580874,0.10982288,0.0036002577,0.02967119
/home/ikk/renal-calculi-classificaction/DATASET/RESIZED/1aI/section/1aI_1784SE_4.jpg,/home/ikk/renal-calculi-classificaction/DATASET/RESIZED/1aI/section/MASKS/1aI_1784SE_4_mask.png,0,1aI,section,1aI_1784SE,0,0,2,0.8406224,0.014745949,0.0946749,0.0036983783,0.046258356
/home/ikk/renal-calculi-classificaction/DATASET/RESIZED/6/surface/6_2031SE.jpg,/home/ikk/renal-calculi-classificaction/DATASET/RESIZED/6/surface/MASKS/6_2031SE_mask.png,3,6,surface,6_2031SE,3,3,3,0.002057935,0.0027287898,0.010836477,0.98299134,0.001385532
/home/ikk/renal-calculi-classificaction/DATASET/RESIZED/6/section/6_2009SE.jpg,/home/ikk/renal-calculi-classificaction/DATASET/RESIZED/6/section/MASKS/6_2009SE_mask.png,3,6,section,6_2009SE,3,3,3,0.02678419,0.010326019,0.25487512,0.652193,0.055821687
/home/ikk/renal-calculi-classificaction/DATASET/RESIZED/6/section/6_3229SE.jpg,/home/ikk/renal-calculi-classificaction/DATASET/RESIZED/6/section/MASKS/6_3229SE_mask.png,3,6,section,6_3229SE,2,3,3,0.04853055,0.0061300495,0.9271604,0.015587777,0.0025911941
/home/ikk/renal-calculi-classificaction/DATASET/RESIZED/6/section/6_3186SE_3.jpg,/home/ikk/renal-calculi-classificaction/DATASET/RESIZED/6/section/MASKS/6_3186SE_3_mask.png,3,6,section,6_3186SE,2,3,3,0.08262665,0.12242905,0.6824101,0.10392257,0.008611614
/home/ikk/renal-calculi-classificaction/DATASET/RESIZED/6/section/6_2278SE.png,/home/ikk/renal-calculi-classificaction/DATASET/RESIZED/6/section/MASKS/6_2278SE_mask.png,3,6,section,6_2278SE,0,3,3,0.66834974,0.047343377,0.12741153,0.024531532,0.13236378
/home/ikk/renal-calculi-classificaction/DATASET/RESIZED/6/section/6_3186SE_1.jpg,/home/ikk/renal-calculi-classificaction/DATASET/RESIZED/6/section/MASKS/6_3186SE_1_mask.png,3,6,section,6_3186SE,3,3,3,0.024134152,0.0024943743,0.024305977,0.94578093,0.0032845205
/home/ikk/renal-calculi-classificaction/DATASET/RESIZED/6/section/6_3088SE.png,/home/ikk/renal-calculi-classificaction/DATASET/RESIZED/6/section/MASKS/6_3088SE_mask.png,3,6,section,6_3088SE,0,3,3,0.96509683,0.0076564215,0.01479592,0.009371968,0.003078896
/home/ikk/renal-calculi-classificaction/DATASET/RESIZED/6/section/6_3186SE_2.jpg,/home/ikk/renal-calculi-classificaction/DATASET/RESIZED/6/section/MASKS/6_3186SE_2_mask.png,3,6,section,6_3186SE,0,3,3,0.35727912,0.14007501,0.21597712,0.25971574,0.026952958
/home/ikk/renal-calculi-classificaction/DATASET/RESIZED/6/section/6_2616SE.png,/home/ikk/renal-calculi-classificaction/DATASET/RESIZED/6/section/MASKS/6_2616SE_mask.png,3,6,section,6_2616SE,3,3,3,0.012843185,0.0017528664,0.009326323,0.97389877,0.0021788275
/home/ikk/renal-calculi-classificaction/DATASET/RESIZED/8aI - 8aII/section/8aII_1951SE.jpg,/home/ikk/renal-calculi-classificaction/DATASET/RESIZED/8aI - 8aII/section/MASKS/8aII_1951SE_mask.png,4,8aI - 8aII,section,8aII_1951SE,4,4,3,0.014421667,0.024876729,0.0037890528,0.026051344,0.9308612
/home/ikk/renal-calculi-classificaction/DATASET/RESIZED/8aI - 8aII/section/8aII_2279SE.png,/home/ikk/renal-calculi-classificaction/DATASET/RESIZED/8aI - 8aII/section/MASKS/8aII_2279SE_mask.png,4,8aI - 8aII,section,8aII_2279SE,4,4,3,0.100911714,0.08246563,0.027768612,0.056189336,0.7326647
/home/ikk/renal-calculi-classificaction/DATASET/RESIZED/8aI - 8aII/section/8aII_3332SE.jpg,/home/ikk/renal-calculi-classificaction/DATASET/RESIZED/8aI - 8aII/section/MASKS/8aII_3332SE_mask.png,4,8aI - 8aII,section,8aII_3332SE,4,4,3,0.007572844,0.0014278316,0.0026949057,0.01953392,0.9687705
/home/ikk/renal-calculi-classificaction/DATASET/RESIZED/3aII/surface/3aII_3117SE_2.png,/home/ikk/renal-calculi-classificaction/DATASET/RESIZED/3aII/surface/MASKS/3aII_3117SE_2_mask.png,1,3aII,surface,3aII_3117SE,1,1,3,0.15904261,0.42371547,0.40222389,0.010199141,0.0048188576
/home/ikk/renal-calculi-classificaction/DATASET/RESIZED/3aII/surface/3aII_1976SE.jpg,/home/ikk/renal-calculi-classificaction/DATASET/RESIZED/3aII/surface/MASKS/3aII_1976SE_mask.png,1,3aII,surface,3aII_1976SE,0,1,3,0.45176727,0.17918465,0.34054393,0.011442946,0.017061245
/home/ikk/renal-calculi-classificaction/DATASET/RESIZED/3aII/surface/3aII_3044SE.png,/home/ikk/renal-calculi-classificaction/DATASET/RESIZED/3aII/surface/MASKS/3aII_3044SE_mask.png,1,3aII,surface,3aII_3044SE,1,1,3,0.26972568,0.3569187,0.3296702,0.017199026,0.02648642
/home/ikk/renal-calculi-classificaction/DATASET/RESIZED/3aII/surface/3aII_2530SE.png,/home/ikk/renal-calculi-classificaction/DATASET/RESIZED/3aII/surface/MASKS/3aII_2530SE_mask.png,1,3aII,surface,3aII_2530SE,2,1,3,0.19042487,0.11310091,0.6682911,0.011626172,0.016557012
/home/ikk/renal-calculi-classificaction/DATASET/RESIZED/3aII/surface/3aII_3117SE_1.png,/home/ikk/renal-calculi-classificaction/DATASET/RESIZED/3aII/surface/MASKS/3aII_3117SE_1_mask.png,1,3aII,surface,3aII_3117SE,1,1,3,0.02913134,0.8254606,0.065716974,0.029148266,0.050542857
/home/ikk/renal-calculi-classificaction/DATASET/RESIZED/3aII/section/3aII_2536SE.png,/home/ikk/renal-calculi-classificaction/DATASET/RESIZED/3aII/section/MASKS/3aII_2536SE_mask.png,1,3aII,section,3aII_2536SE,0,1,3,0.41589645,0.027053697,0.35619313,0.014080558,0.18677618
/home/ikk/renal-calculi-classificaction/DATASET/RESIZED/3bII/surface/3bII_1973SE.jpg,/home/ikk/renal-calculi-classificaction/DATASET/RESIZED/3bII/surface/MASKS/3bII_1973SE_mask.png,2,3bII,surface,3bII_1973SE,2,2,3,0.08198444,0.015644658,0.8324424,0.053267114,0.016661372
/home/ikk/renal-calculi-classificaction/DATASET/RESIZED/3bII/surface/3bII_2663SE.png,/home/ikk/renal-calculi-classificaction/DATASET/RESIZED/3bII/surface/MASKS/3bII_2663SE_mask.png,2,3bII,surface,3bII_2663SE,1,2,3,0.019511111,0.6830076,0.28165662,0.011062502,0.0047621694
/home/ikk/renal-calculi-classificaction/DATASET/RESIZED/3bII/surface/3bII_2419SE.png,/home/ikk/renal-calculi-classificaction/DATASET/RESIZED/3bII/surface/MASKS/3bII_2419SE_mask.png,2,3bII,surface,3bII_2419SE,0,2,3,0.5584922,0.041424815,0.38866454,0.0062857186,0.0051327082
/home/ikk/renal-calculi-classificaction/DATASET/RESIZED/3bII/surface/3bII_2305SE.png,/home/ikk/renal-calculi-classificaction/DATASET/RESIZED/3bII/surface/MASKS/3bII_2305SE_mask.png,2,3bII,surface,3bII_2305SE,2,2,3,0.21587056,0.21615513,0.54354084,0.013583172,0.010850306
/home/ikk/renal-calculi-classificaction/DATASET/RESIZED/3bII/section/3bII_1862SE.jpg,/home/ikk/renal-calculi-classificaction/DATASET/RESIZED/3bII/section/MASKS/3bII_1862SE_mask.png,2,3bII,section,3bII_1862SE,0,2,3,0.6150009,0.031728834,0.3008075,0.0075039677,0.044958804
/home/ikk/renal-calculi-classificaction/DATASET/RESIZED/3bII/section/3bII_2450SE.png,/home/ikk/renal-calculi-classificaction/DATASET/RESIZED/3bII/section/MASKS/3bII_2450SE_mask.png,2,3bII,section,3bII_2450SE,0,2,3,0.735247,0.014427095,0.2373247,0.0062229903,0.0067782328
/home/ikk/renal-calculi-classificaction/DATASET/RESIZED/3bII/section/3bII_3364SE.jpg,/home/ikk/renal-calculi-classificaction/DATASET/RESIZED/3bII/section/MASKS/3bII_3364SE_mask.png,2,3bII,section,3bII_3364SE,2,2,3,0.024592184,0.0041805343,0.9545226,0.01212012,0.004584617
/home/ikk/renal-calculi-classificaction/DATASET/RESIZED/3bII/section/3bII_2187SE.jpg,/home/ikk/renal-calculi-classificaction/DATASET/RESIZED/3bII/section/MASKS/3bII_2187SE_mask.png,2,3bII,section,3bII_2187SE,0,2,3,0.78213507,0.011382418,0.14755993,0.028716868,0.030205725
/home/ikk/renal-calculi-classificaction/DATASET/RESIZED/3bII/section/3bII_2871SE.jpg,/home/ikk/renal-calculi-classificaction/DATASET/RESIZED/3bII/section/MASKS/3bII_2871SE_mask.png,2,3bII,section,3bII_2871SE,2,2,3,0.4666958,0.015709057,0.51006144,0.0031228873,0.0044108243
/home/ikk/renal-calculi-classificaction/DATASET/RESIZED/3bII/section/3bII_4.jpg,/home/ikk/renal-calculi-classificaction/DATASET/RESIZED/3bII/section/MASKS/3bII_4_mask.png,2,3bII,section,3bII_4,2,2,3,0.024988666,0.04009352,0.9240957,0.006594144,0.0042279786
/home/ikk/renal-calculi-classificaction/DATASET/RESIZED/2a/surface/2a_1800SE.jpg,/home/ikk/renal-calculi-classificaction/DATASET/RESIZED/2a/surface/MASKS/2a_1800SE_mask.png,0,2a,surface,2a_1800SE,0,0,3,0.6407428,0.00855534,0.14351222,0.010879503,0.19631016
/home/ikk/renal-calculi-classificaction/DATASET/RESIZED/2a/surface/2a_583CP.jpg,/home/ikk/renal-calculi-classificaction/DATASET/RESIZED/2a/surface/MASKS/2a_583CP_mask.png,0,2a,surface,2a_583CP,0,0,3,0.9190178,0.010990211,0.031186167,0.0071473005,0.031658463
/home/ikk/renal-calculi-classificaction/DATASET/RESIZED/2a/surface/2a_1802SE.jpg,/home/ikk/renal-calculi-classificaction/DATASET/RESIZED/2a/surface/MASKS/2a_1802SE_mask.png,0,2a,surface,2a_1802SE,0,0,3,0.85025996,0.01295415,0.10856005,0.0065491013,0.021676727
/home/ikk/renal-calculi-classificaction/DATASET/RESIZED/2a/surface/2a_2169SE.jpg,/home/ikk/renal-calculi-classificaction/DATASET/RESIZED/2a/surface/MASKS/2a_2169SE_mask.png,0,2a,surface,2a_2169SE,0,0,3,0.98892564,0.0012291209,0.005799843,0.00078290864,0.0032625303
/home/ikk/renal-calculi-classificaction/DATASET/RESIZED/2a/surface/2a_3367SE.jpg,/home/ikk/renal-calculi-classificaction/DATASET/RESIZED/2a/surface/MASKS/2a_3367SE_mask.png,0,2a,surface,2a_3367SE,0,0,3,0.929043,0.010187118,0.05346408,0.0034758435,0.0038299493
/home/ikk/renal-calculi-classificaction/DATASET/RESIZED/2a/surface/2a_2412SE_1.png,/home/ikk/renal-calculi-classificaction/DATASET/RESIZED/2a/surface/MASKS/2a_2412SE_1_mask.png,0,2a,surface,2a_2412SE,0,0,3,0.9794939,0.0033736187,0.007987507,0.0024944537,0.0066505796
/home/ikk/renal-calculi-classificaction/DATASET/RESIZED/2a/surface/2a_1787SE.jpg,/home/ikk/renal-calculi-classificaction/DATASET/RESIZED/2a/surface/MASKS/2a_1787SE_mask.png,0,2a,surface,2a_1787SE,0,0,3,0.8961908,0.017872503,0.02070768,0.005103038,0.060125947
/home/ikk/renal-calculi-classificaction/DATASET/RESIZED/2a/surface/2a_1991SE_1.jpg,/home/ikk/renal-calculi-classificaction/DATASET/RESIZED/2a/surface/MASKS/2a_1991SE_1_mask.png,0,2a,surface,2a_1991SE,0,0,3,0.97559446,0.0032382482,0.01777814,0.0012459706,0.002143223
/home/ikk/renal-calculi-classificaction/DATASET/RESIZED/2a/surface/2a_1918SE.jpg,/home/ikk/renal-calculi-classificaction/DATASET/RESIZED/2a/surface/MASKS/2a_1918SE_mask.png,0,2a,surface,2a_1918SE,0,0,3,0.9191127,0.009946392,0.019737063,0.007215835,0.043988008
/home/ikk/renal-calculi-classificaction/DATASET/RESIZED/2a/section/2a_1802SE_2.jpg,/home/ikk/renal-calculi-classificaction/DATASET/RESIZED/2a/section/MASKS/2a_1802SE_2_mask.png,0,2a,section,2a_1802SE,0,0,3,0.9243658,0.00863023,0.034662463,0.002051069,0.03029035
/home/ikk/renal-calculi-classificaction/DATASET/RESIZED/2a/section/2a_2867SE.jpg,/home/ikk/renal-calculi-classificaction/DATASET/RESIZED/2a/section/MASKS/2a_2867SE_mask.png,0,2a,section,2a_2867SE,0,0,3,0.9155666,0.025283942,0.04364158,0.008485633,0.007022246
/home/ikk/renal-calculi-classificaction/DATASET/RESIZED/2a/section/2a_3157SE.png,/home/ikk/renal-calculi-classificaction/DATASET/RESIZED/2a/section/MASKS/2a_3157SE_mask.png,0,2a,section,2a_3157SE,0,0,3,0.5196995,0.13493623,0.32036543,0.012526137,0.012472712
/home/ikk/renal-calculi-classificaction/DATASET/RESIZED/2a/section/2a_2179SE.jpg,/home/ikk/renal-calculi-classificaction/DATASET/RESIZED/2a/section/MASKS/2a_2179SE_mask.png,0,2a,section,2a_2179SE,0,0,3,0.96290356,0.0018788255,0.015808214,0.0018157526,0.01759366
/home/ikk/renal-calculi-classificaction/DATASET/RESIZED/2a/section/2a_2.png,/home/ikk/renal-calculi-classificaction/DATASET/RESIZED/2a/section/MASKS/2a_2_mask.png,0,2a,section,2a_2,0,0,3,0.8211541,0.017312594,0.13825287,0.009771288,0.013509186
/home/ikk/renal-calculi-classificaction/DATASET/RESIZED/2a/section/2a_HAP_sup_3296SE.jpg,/home/ikk/renal-calculi-classificaction/DATASET/RESIZED/2a/section/MASKS/2a_HAP_sup_3296SE_mask.png,0,2a,section,2a_HAP_sup_3296SE,0,0,3,0.6313903,0.12171943,0.23366834,0.007413701,0.0058082966
/home/ikk/renal-calculi-classificaction/DATASET/RESIZED/2a/section/2a_2148SE.jpg,/home/ikk/renal-calculi-classificaction/DATASET/RESIZED/2a/section/MASKS/2a_2148SE_mask.png,0,2a,section,2a_2148SE,0,0,3,0.9671542,0.0025613278,0.027555775,0.0012715625,0.0014571517
/home/ikk/renal-calculi-classificaction/DATASET/RESIZED/2a/section/2a_2412SE_2.png,/home/ikk/renal-calculi-classificaction/DATASET/RESIZED/2a/section/MASKS/2a_2412SE_2_mask.png,0,2a,section,2a_2412SE,0,0,3,0.84010077,0.0056529264,0.14367047,0.0028816166,0.0076941918
/home/ikk/renal-calculi-classificaction/DATASET/RESIZED/2a/section/2a_2091SE.jpg,/home/ikk/renal-calculi-classificaction/DATASET/RESIZED/2a/section/MASKS/2a_2091SE_mask.png,0,2a,section,2a_2091SE,2,0,3,0.07988383,0.40043664,0.4499395,0.033384956,0.03635507
/home/ikk/renal-calculi-classificaction/DATASET/RESIZED/2a/section/2a_1991SE_2.jpg,/home/ikk/renal-calculi-classificaction/DATASET/RESIZED/2a/section/MASKS/2a_1991SE_2_mask.png,0,2a,section,2a_1991SE,0,0,3,0.9763297,0.0020089548,0.015304529,0.0014938291,0.0048630545
/home/ikk/renal-calculi-classificaction/DATASET/RESIZED/2a/section/2a_2513SE.png,/home/ikk/renal-calculi-classificaction/DATASET/RESIZED/2a/section/MASKS/2a_2513SE_mask.png,0,2a,section,2a_2513SE,0,0,3,0.89459115,0.0053050453,0.08543246,0.0024124573,0.012258856
/home/ikk/renal-calculi-classificaction/DATASET/RESIZED/4II-4I/surface/4I_3179SE.jpg,/home/ikk/renal-calculi-classificaction/DATASET/RESIZED/4II-4I/surface/MASKS/4I_3179SE_mask.png,2,4II-4I,surface,4I_3179SE,2,2,3,0.095479436,0.0091171125,0.86814344,0.023243172,0.0040168106
/home/ikk/renal-calculi-classificaction/DATASET/RESIZED/4II-4I/surface/4I_111111_inventado.jpg,/home/ikk/renal-calculi-classificaction/DATASET/RESIZED/4II-4I/surface/MASKS/4I_111111_inventado_mask.png,2,4II-4I,surface,4I_111111,4,2,3,0.28551528,0.04692959,0.07220733,0.011185833,0.584162
/home/ikk/renal-calculi-classificaction/DATASET/RESIZED/4II-4I/surface/4II_2026SE.jpg,/home/ikk/renal-calculi-classificaction/DATASET/RESIZED/4II-4I/surface/MASKS/4II_2026SE_mask.png,2,4II-4I,surface,4II_2026SE,2,2,3,0.18015815,0.07618081,0.64322865,0.034281053,0.06615131
/home/ikk/renal-calculi-classificaction/DATASET/RESIZED/4II-4I/surface/4II_1.jpg,/home/ikk/renal-calculi-classificaction/DATASET/RESIZED/4II-4I/surface/MASKS/4II_1_mask.png,2,4II-4I,surface,4II_1,2,2,3,0.03667542,0.07339409,0.77203506,0.10986613,0.008029288
/home/ikk/renal-calculi-classificaction/DATASET/RESIZED/4II-4I/section/4I_1872SE.jpg,/home/ikk/renal-calculi-classificaction/DATASET/RESIZED/4II-4I/section/MASKS/4I_1872SE_mask.png,2,4II-4I,section,4I_1872SE,2,2,3,0.079290055,0.01755035,0.8805208,0.014387951,0.008250857
/home/ikk/renal-calculi-classificaction/DATASET/RESIZED/4II-4I/section/4II_3046SE.png,/home/ikk/renal-calculi-classificaction/DATASET/RESIZED/4II-4I/section/MASKS/4II_3046SE_mask.png,2,4II-4I,section,4II_3046SE,3,2,3,0.05783157,0.058312126,0.08837566,0.7820995,0.0133811645
/home/ikk/renal-calculi-classificaction/DATASET/RESIZED/4II-4I/section/4II_1993SE.jpg,/home/ikk/renal-calculi-classificaction/DATASET/RESIZED/4II-4I/section/MASKS/4II_1993SE_mask.png,2,4II-4I,section,4II_1993SE,2,2,3,0.06072397,0.013643168,0.5138165,0.3865212,0.025295166
/home/ikk/renal-calculi-classificaction/DATASET/RESIZED/4II-4I/section/4II_2168SE.jpg,/home/ikk/renal-calculi-classificaction/DATASET/RESIZED/4II-4I/section/MASKS/4II_2168SE_mask.png,2,4II-4I,section,4II_2168SE,2,2,3,0.10705293,0.21843043,0.5280715,0.0768487,0.069596425
/home/ikk/renal-calculi-classificaction/DATASET/RESIZED/4II-4I/section/4II_7.jpg,/home/ikk/renal-calculi-classificaction/DATASET/RESIZED/4II-4I/section/MASKS/4II_7_mask.png,2,4II-4I,section,4II_7,3,2,3,0.08765507,0.046483736,0.40489838,0.43555853,0.025404334
/home/ikk/renal-calculi-classificaction/DATASET/RESIZED/4II-4I/section/4II_2439SE.png,/home/ikk/renal-calculi-classificaction/DATASET/RESIZED/4II-4I/section/MASKS/4II_2439SE_mask.png,2,4II-4I,section,4II_2439SE,2,2,3,0.05613379,0.016016932,0.8936276,0.026017468,0.008204255
/home/ikk/renal-calculi-classificaction/DATASET/RESIZED/4II-4I/section/4I_COM_1892SE_2.jpg,/home/ikk/renal-calculi-classificaction/DATASET/RESIZED/4II-4I/section/MASKS/4I_COM_1892SE_2_mask.png,2,4II-4I,section,4I_COM_1892SE,0,2,3,0.69929504,0.010813121,0.21249212,0.01531418,0.06208547
/home/ikk/renal-calculi-classificaction/DATASET/RESIZED/1aI/surface/1aI_2110SE_5_LB.png,/home/ikk/renal-calculi-classificaction/DATASET/RESIZED/1aI/surface/MASKS/1aI_2110SE_5_LB_mask.png,0,1aI,surface,1aI_2110SE,0,0,3,0.94984025,0.011922075,0.03154461,0.004351869,0.002341255
/home/ikk/renal-calculi-classificaction/DATASET/RESIZED/1aI/surface/1aI_2110SE_1_LB.png,/home/ikk/renal-calculi-classificaction/DATASET/RESIZED/1aI/surface/MASKS/1aI_2110SE_1_LB_mask.png,0,1aI,surface,1aI_2110SE,0,0,3,0.9766764,0.003840564,0.015221999,0.0026967246,0.0015643759
/home/ikk/renal-calculi-classificaction/DATASET/RESIZED/1aI/surface/1aI_2110SE_4_LB.png,/home/ikk/renal-calculi-classificaction/DATASET/RESIZED/1aI/surface/MASKS/1aI_2110SE_4_LB_mask.png,0,1aI,surface,1aI_2110SE,0,0,3,0.98808914,0.002808635,0.006005413,0.002124712,0.0009720909
/home/ikk/renal-calculi-classificaction/DATASET/RESIZED/1aI/surface/1aI_2109SE.jpg,/home/ikk/renal-calculi-classificaction/DATASET/RESIZED/1aI/surface/MASKS/1aI_2109SE_mask.png,0,1aI,surface,1aI_2109SE,4,0,3,0.42648894,0.0336334,0.048234884,0.01905845,0.47258437
/home/ikk/renal-calculi-classificaction/DATASET/RESIZED/1aI/surface/1aI_COD_sup_2147SE_2.jpg,/home/ikk/renal-calculi-classificaction/DATASET/RESIZED/1aI/surface/MASKS/1aI_COD_sup_2147SE_2_mask.png,0,1aI,surface,1aI_COD_sup_2147SE,0,0,3,0.8072337,0.05076246,0.037027758,0.01129322,0.093682885
/home/ikk/renal-calculi-classificaction/DATASET/RESIZED/1aI/surface/1aI_COD_sup_1928SE.jpg,/home/ikk/renal-calculi-classificaction/DATASET/RESIZED/1aI/surface/MASKS/1aI_COD_sup_1928SE_mask.png,0,1aI,surface,1aI_COD_sup_1928SE,0,0,3,0.956725,0.0065287044,0.030281512,0.002640455,0.00382426
/home/ikk/renal-calculi-classificaction/DATASET/RESIZED/1aI/surface/1aI_2110SE_3_LB.png,/home/ikk/renal-calculi-classificaction/DATASET/RESIZED/1aI/surface/MASKS/1aI_2110SE_3_LB_mask.png,0,1aI,surface,1aI_2110SE,0,0,3,0.9466318,0.016943209,0.017638575,0.012188957,0.0065974467
/home/ikk/renal-calculi-classificaction/DATASET/RESIZED/1aI/surface/1aI_3196SE_1.jpg,/home/ikk/renal-calculi-classificaction/DATASET/RESIZED/1aI/surface/MASKS/1aI_3196SE_1_mask.png,0,1aI,surface,1aI_3196SE,0,0,3,0.8675739,0.0159253,0.08264506,0.025214514,0.008641182
/home/ikk/renal-calculi-classificaction/DATASET/RESIZED/1aI/surface/1aI_COD_sup_1928SE_2.jpg,/home/ikk/renal-calculi-classificaction/DATASET/RESIZED/1aI/surface/MASKS/1aI_COD_sup_1928SE_2_mask.png,0,1aI,surface,1aI_COD_sup_1928SE,0,0,3,0.988857,0.004119799,0.004542514,0.00090643874,0.0015742481
/home/ikk/renal-calculi-classificaction/DATASET/RESIZED/1aI/surface/1aI_2110SE_2_LB.png,/home/ikk/renal-calculi-classificaction/DATASET/RESIZED/1aI/surface/MASKS/1aI_2110SE_2_LB_mask.png,0,1aI,surface,1aI_2110SE,0,0,3,0.96900505,0.009756137,0.015716597,0.004107077,0.0014150902
/home/ikk/renal-calculi-classificaction/DATASET/RESIZED/1aI/surface/1aI_2225SE_1.jpg,/home/ikk/renal-calculi-classificaction/DATASET/RESIZED/1aI/surface/MASKS/1aI_2225SE_1_mask.png,0,1aI,surface,1aI_2225SE,0,0,3,0.71253616,0.011457758,0.022598222,0.009290202,0.2441176
/home/ikk/renal-calculi-classificaction/DATASET/RESIZED/1aI/surface/1aI_1797SE.jpg,/home/ikk/renal-calculi-classificaction/DATASET/RESIZED/1aI/surface/MASKS/1aI_1797SE_mask.png,0,1aI,surface,1aI_1797SE,0,0,3,0.742747,0.02132666,0.17496163,0.014532935,0.046431784
/home/ikk/renal-calculi-classificaction/DATASET/RESIZED/1aI/surface/1aI_COD_sup_2147SE_1.jpg,/home/ikk/renal-calculi-classificaction/DATASET/RESIZED/1aI/surface/MASKS/1aI_COD_sup_2147SE_1_mask.png,0,1aI,surface,1aI_COD_sup_2147SE,0,0,3,0.8503017,0.01588121,0.080937736,0.0061365925,0.046742782
/home/ikk/renal-calculi-classificaction/DATASET/RESIZED/1aI/surface/1aI_1934SE.jpg,/home/ikk/renal-calculi-classificaction/DATASET/RESIZED/1aI/surface/MASKS/1aI_1934SE_mask.png,0,1aI,surface,1aI_1934SE,0,0,3,0.7158575,0.053013384,0.19742996,0.007957534,0.025741614
/home/ikk/renal-calculi-classificaction/DATASET/RESIZED/1aI/surface/1aI_2676SE.png,/home/ikk/renal-calculi-classificaction/DATASET/RESIZED/1aI/surface/MASKS/1aI_2676SE_mask.png,0,1aI,surface,1aI_2676SE,0,0,3,0.96180737,0.009842202,0.02013369,0.004401174,0.0038155192
/home/ikk/renal-calculi-classificaction/DATASET/RESIZED/1aI/section/1aI_3196SE_2.jpg,/home/ikk/renal-calculi-classificaction/DATASET/RESIZED/1aI/section/MASKS/1aI_3196SE_2_mask.png,0,1aI,section,1aI_3196SE,0,0,3,0.93779343,0.012503602,0.029283904,0.010793349,0.009625756
/home/ikk/renal-calculi-classificaction/DATASET/RESIZED/1aI/section/1aI_2110SE_7_LB.png,/home/ikk/renal-calculi-classificaction/DATASET/RESIZED/1aI/section/MASKS/1aI_2110SE_7_LB_mask.png,0,1aI,section,1aI_2110SE,0,0,3,0.95230013,0.0029122531,0.02022184,0.0022036375,0.02236213
/home/ikk/renal-calculi-classificaction/DATASET/RESIZED/1aI/section/1aI_2110SE_6_LB.png,/home/ikk/renal-calculi-classificaction/DATASET/RESIZED/1aI/section/MASKS/1aI_2110SE_6_LB_mask.png,0,1aI,section,1aI_2110SE,0,0,3,0.8666365,0.0190012,0.07302766,0.02560406,0.015730549
/home/ikk/renal-calculi-classificaction/DATASET/RESIZED/1aI/section/1aI_1934SE_2.jpg,/home/ikk/renal-calculi-classificaction/DATASET/RESIZED/1aI/section/MASKS/1aI_1934SE_2_mask.png,0,1aI,section,1aI_1934SE,0,0,3,0.97577876,0.0029116774,0.01646136,0.0015574403,0.0032907336
/home/ikk/renal-calculi-classificaction/DATASET/RESIZED/1aI/section/1aI_2225SE_2.jpg,/home/ikk/renal-calculi-classificaction/DATASET/RESIZED/1aI/section/MASKS/1aI_2225SE_2_mask.png,0,1aI,section,1aI_2225SE,0,0,3,0.89663255,0.0035711473,0.03950476,0.003035934,0.05725558
/home/ikk/renal-calculi-classificaction/DATASET/RESIZED/6/section/6_3230SE.jpg,/home/ikk/renal-calculi-classificaction/DATASET/RESIZED/6/section/MASKS/6_3230SE_mask.png,3,6,section,6_3230SE,2,3,4,0.066449836,0.038037032,0.46807802,0.3942994,0.033135667
/home/ikk/renal-calculi-classificaction/DATASET/RESIZED/6/section/6_2770SE.jpg,/home/ikk/renal-calculi-classificaction/DATASET/RESIZED/6/section/MASKS/6_2770SE_mask.png,3,6,section,6_2770SE,3,3,4,0.08840408,0.13129146,0.19530502,0.5083137,0.076685734
/home/ikk/renal-calculi-classificaction/DATASET/RESIZED/6/section/6_2274SE.png,/home/ikk/renal-calculi-classificaction/DATASET/RESIZED/6/section/MASKS/6_2274SE_mask.png,3,6,section,6_2274SE,3,3,4,0.007861693,0.0017493729,0.011633671,0.9775148,0.0012404599
/home/ikk/renal-calculi-classificaction/DATASET/RESIZED/6/section/6_3059SE.png,/home/ikk/renal-calculi-classificaction/DATASET/RESIZED/6/section/MASKS/6_3059SE_mask.png,3,6,section,6_3059SE,3,3,4,0.008943595,0.0053912885,0.18149711,0.7988306,0.0053373585
/home/ikk/renal-calculi-classificaction/DATASET/RESIZED/8aI - 8aII/surface/8aII_2163SE.jpg,/home/ikk/renal-calculi-classificaction/DATASET/RESIZED/8aI - 8aII/surface/MASKS/8aII_2163SE_mask.png,4,8aI - 8aII,surface,8aII_2163SE,2,4,4,0.07377386,0.032718047,0.5178025,0.2857543,0.08995129
/home/ikk/renal-calculi-classificaction/DATASET/RESIZED/8aI - 8aII/surface/8aII_3026SE.jpg,/home/ikk/renal-calculi-classificaction/DATASET/RESIZED/8aI - 8aII/surface/MASKS/8aII_3026SE_mask.png,4,8aI - 8aII,surface,8aII_3026SE,4,4,4,0.010126143,0.005041789,0.005284684,0.008957779,0.97058964
/home/ikk/renal-calculi-classificaction/DATASET/RESIZED/8aI - 8aII/surface/8aII_1874SE.jpg,/home/ikk/renal-calculi-classificaction/DATASET/RESIZED/8aI - 8aII/surface/MASKS/8aII_1874SE_mask.png,4,8aI - 8aII,surface,8aII_1874SE,4,4,4,0.23317103,0.2471135,0.15025325,0.08415032,0.2853119
/home/ikk/renal-calculi-classificaction/DATASET/RESIZED/8aI - 8aII/section/8aI_2316SE.png,/home/ikk/renal-calculi-classificaction/DATASET/RESIZED/8aI - 8aII/section/MASKS/8aI_2316SE_mask.png,4,8aI - 8aII,section,8aI_2316SE,4,4,4,0.11222142,0.025402501,0.026872039,0.024878267,0.81062573
/home/ikk/renal-calculi-classificaction/DATASET/RESIZED/8aI - 8aII/section/8aII_2146SE.jpg,/home/ikk/renal-calculi-classificaction/DATASET/RESIZED/8aI - 8aII/section/MASKS/8aII_2146SE_mask.png,4,8aI - 8aII,section,8aII_2146SE,4,4,4,0.030252334,0.0033510847,0.004045805,0.008523725,0.9538271
/home/ikk/renal-calculi-classificaction/DATASET/RESIZED/8aI - 8aII/section/8aII_1874SE_2.jpg,/home/ikk/renal-calculi-classificaction/DATASET/RESIZED/8aI - 8aII/section/MASKS/8aII_1874SE_2_mask.png,4,8aI - 8aII,section,8aII_1874SE,4,4,4,0.0075302585,0.0064598382,0.04709652,0.0076501705,0.93126327
/home/ikk/renal-calculi-classificaction/DATASET/RESIZED/3aII/surface/3aII_1786SE.jpg,/home/ikk/renal-calculi-classificaction/DATASET/RESIZED/3aII/surface/MASKS/3aII_1786SE_mask.png,1,3aII,surface,3aII_1786SE,4,1,4,0.0772139,0.023656564,0.3116934,0.016900932,0.5705352
/home/ikk/renal-calculi-classificaction/DATASET/RESIZED/3aII/surface/3aII_3049SE.png,/home/ikk/renal-calculi-classificaction/DATASET/RESIZED/3aII/surface/MASKS/3aII_3049SE_mask.png,1,3aII,surface,3aII_3049SE,1,1,4,0.037179105,0.6951815,0.13214795,0.0886563,0.046835154
/home/ikk/renal-calculi-classificaction/DATASET/RESIZED/3aII/surface/3aII_1969SE_2.jpg,/home/ikk/renal-calculi-classificaction/DATASET/RESIZED/3aII/surface/MASKS/3aII_1969SE_2_mask.png,1,3aII,surface,3aII_1969SE,2,1,4,0.07735392,0.23833358,0.4170841,0.23817393,0.029054485
/home/ikk/renal-calculi-classificaction/DATASET/RESIZED/3aII/surface/3aII_1969SE_1.jpg,/home/ikk/renal-calculi-classificaction/DATASET/RESIZED/3aII/surface/MASKS/3aII_1969SE_1_mask.png,1,3aII,surface,3aII_1969SE,2,1,4,0.011442153,0.3696808,0.5305668,0.08486044,0.0034497948
/home/ikk/renal-calculi-classificaction/DATASET/RESIZED/3aII/surface/3aII_1820SE.jpg,/home/ikk/renal-calculi-classificaction/DATASET/RESIZED/3aII/surface/MASKS/3aII_1820SE_mask.png,1,3aII,surface,3aII_1820SE,2,1,4,0.22761014,0.059613165,0.62445664,0.032246336,0.05607373
/home/ikk/renal-calculi-classificaction/DATASET/RESIZED/3aII/section/3aII_2654SE.png,/home/ikk/renal-calculi-classificaction/DATASET/RESIZED/3aII/section/MASKS/3aII_2654SE_mask.png,1,3aII,section,3aII_2654SE,0,1,4,0.8047338,0.008485906,0.16049191,0.013742389,0.012546008
/home/ikk/renal-calculi-classificaction/DATASET/RESIZED/3bII/surface/3bII_2243SE.jpg,/home/ikk/renal-calculi-classificaction/DATASET/RESIZED/3bII/surface/MASKS/3bII_2243SE_mask.png,2,3bII,surface,3bII_2243SE,3,2,4,0.026363017,0.20768046,0.23098767,0.42947435,0.10549452
/home/ikk/renal-calculi-classificaction/DATASET/RESIZED/3bII/surface/3bII_3262SE.jpg,/home/ikk/renal-calculi-classificaction/DATASET/RESIZED/3bII/surface/MASKS/3bII_3262SE_mask.png,2,3bII,surface,3bII_3262SE,0,2,4,0.95198196,0.0023480116,0.03845757,0.005768118,0.001444306
/home/ikk/renal-calculi-classificaction/DATASET/RESIZED/3bII/surface/3bII_2768SE.jpg,/home/ikk/renal-calculi-classificaction/DATASET/RESIZED/3bII/surface/MASKS/3bII_2768SE_mask.png,2,3bII,surface,3bII_2768SE,0,2,4,0.9858106,0.0027804363,0.008140778,0.0016855935,0.0015826835
/home/ikk/renal-calculi-classificaction/DATASET/RESIZED/3bII/surface/3bII_1958SE.jpg,/home/ikk/renal-calculi-classificaction/DATASET/RESIZED/3bII/surface/MASKS/3bII_1958SE_mask.png,2,3bII,surface,3bII_1958SE,2,2,4,0.16465926,0.021588447,0.78078717,0.025453653,0.007511478
/home/ikk/renal-calculi-classificaction/DATASET/RESIZED/3bII/surface/3bII_1888SE.jpg,/home/ikk/renal-calculi-classificaction/DATASET/RESIZED/3bII/surface/MASKS/3bII_1888SE_mask.png,2,3bII,surface,3bII_1888SE,2,2,4,0.3501104,0.03177503,0.5752187,0.01978539,0.023110516
/home/ikk/renal-calculi-classificaction/DATASET/RESIZED/3bII/surface/3bII_MO_1895SE.jpg,/home/ikk/renal-calculi-classificaction/DATASET/RESIZED/3bII/surface/MASKS/3bII_MO_1895SE_mask.png,2,3bII,surface,3bII_MO_1895SE,4,2,4,0.27620855,0.084147595,0.19806075,0.07433827,0.36724484
/home/ikk/renal-calculi-classificaction/DATASET/RESIZED/3bII/section/3bII_1.jpg,/home/ikk/renal-calculi-classificaction/DATASET/RESIZED/3bII/section/MASKS/3bII_1_mask.png,2,3bII,section,3bII_1,3,2,4,0.060375422,0.114013344,0.26678,0.53784347,0.020987753
/home/ikk/renal-calculi-classificaction/DATASET/RESIZED/3bII/section/3bII_2065SE.jpg,/home/ikk/renal-calculi-classificaction/DATASET/RESIZED/3bII/section/MASKS/3bII_2065SE_mask.png,2,3bII,section,3bII_2065SE,2,2,4,0.022355942,0.030501377,0.6131218,0.31549606,0.018524803
/home/ikk/renal-calculi-classificaction/DATASET/RESIZED/3bII/section/3bII_2451SE.png,/home/ikk/renal-calculi-classificaction/DATASET/RESIZED/3bII/section/MASKS/3bII_2451SE_mask.png,2,3bII,section,3bII_2451SE,0,2,4,0.684669,0.12378532,0.077131376,0.053078216,0.06133606
/home/ikk/renal-calculi-classificaction/DATASET/RESIZED/3bII/section/3bII_6.jpg,/home/ikk/renal-calculi-classificaction/DATASET/RESIZED/3bII/section/MASKS/3bII_6_mask.png,2,3bII,section,3bII_6,2,2,4,0.008792969,0.08058988,0.7956645,0.10970627,0.0052463925
/home/ikk/renal-calculi-classificaction/DATASET/RESIZED/3bII/section/3bII_3.jpg,/home/ikk/renal-calculi-classificaction/DATASET/RESIZED/3bII/section/MASKS/3bII_3_mask.png,2,3bII,section,3bII_3,3,2,4,0.020419726,0.085625954,0.31388742,0.41113675,0.16893019
/home/ikk/renal-calculi-classificaction/DATASET/RESIZED/2a/surface/2a_1940SE.jpg,/home/ikk/renal-calculi-classificaction/DATASET/RESIZED/2a/surface/MASKS/2a_1940SE_mask.png,0,2a,surface,2a_1940SE,4,0,4,0.100135565,0.009920734,0.006262746,0.013883602,0.8697973
/home/ikk/renal-calculi-classificaction/DATASET/RESIZED/2a/surface/2a_3346SE_surface.jpg,/home/ikk/renal-calculi-classificaction/DATASET/RESIZED/2a/surface/MASKS/2a_3346SE_surface_mask.png,0,2a,surface,2a_3346SE,1,0,4,0.28342283,0.3221083,0.3086664,0.053630054,0.03217244
/home/ikk/renal-calculi-classificaction/DATASET/RESIZED/2a/surface/2a_3351SE_1._Imagen_general.jpg,/home/ikk/renal-calculi-classificaction/DATASET/RESIZED/2a/surface/MASKS/2a_3351SE_1._Imagen_general_mask.png,0,2a,surface,2a_3351SE,2,0,4,0.09818912,0.20275961,0.5803624,0.10727713,0.011411812
/home/ikk/renal-calculi-classificaction/DATASET/RESIZED/2a/surface/2a_2073SE.jpg,/home/ikk/renal-calculi-classificaction/DATASET/RESIZED/2a/surface/MASKS/2a_2073SE_mask.png,0,2a,surface,2a_2073SE,0,0,4,0.48612195,0.28421968,0.039057,0.04736477,0.14323658
/home/ikk/renal-calculi-classificaction/DATASET/RESIZED/2a/surface/2a_2015SE.jpg,/home/ikk/renal-calculi-classificaction/DATASET/RESIZED/2a/surface/MASKS/2a_2015SE_mask.png,0,2a,surface,2a_2015SE,0,0,4,0.9831818,0.0025855666,0.011526524,0.0012977107,0.0014084481
/home/ikk/renal-calculi-classificaction/DATASET/RESIZED/2a/surface/2a_2087SE.jpg,/home/ikk/renal-calculi-classificaction/DATASET/RESIZED/2a/surface/MASKS/2a_2087SE_mask.png,0,2a,surface,2a_2087SE,0,0,4,0.9921523,0.0026788863,0.003120719,0.00093144935,0.0011166632
/home/ikk/renal-calculi-classificaction/DATASET/RESIZED/2a/section/2a_2749SE.jpg,/home/ikk/renal-calculi-classificaction/DATASET/RESIZED/2a/section/MASKS/2a_2749SE_mask.png,0,2a,section,2a_2749SE,0,0,4,0.69859976,0.026501944,0.13829911,0.09156236,0.045036796
/home/ikk/renal-calculi-classificaction/DATASET/RESIZED/2a/section/2a_2133SE.jpg,/home/ikk/renal-calculi-classificaction/DATASET/RESIZED/2a/section/MASKS/2a_2133SE_mask.png,0,2a,section,2a_2133SE,0,0,4,0.97519344,0.0021412312,0.019640798,0.0012860668,0.0017384643
/home/ikk/renal-calculi-classificaction/DATASET/RESIZED/2a/section/2a_1940SE_2.jpg,/home/ikk/renal-calculi-classificaction/DATASET/RESIZED/2a/section/MASKS/2a_1940SE_2_mask.png,0,2a,section,2a_1940SE,2,0,4,0.009948723,0.0024879863,0.9808827,0.003328122,0.003352501
/home/ikk/renal-calculi-classificaction/DATASET/RESIZED/2a/section/2a_3346SE_section.jpg,/home/ikk/renal-calculi-classificaction/DATASET/RESIZED/2a/section/MASKS/2a_3346SE_section_mask.png,0,2a,section,2a_3346SE,0,0,4,0.8224878,0.032303385,0.13713144,0.0034533658,0.0046239905
/home/ikk/renal-calculi-classificaction/DATASET/RESIZED/2a/section/2a_3351SE_3._Seccion_2.jpg,/home/ikk/renal-calculi-classificaction/DATASET/RESIZED/2a/section/MASKS/2a_3351SE_3._Seccion_2_mask.png,0,2a,section,2a_3351SE,2,0,4,0.22591001,0.14920601,0.57994497,0.028150653,0.016788328
/home/ikk/renal-calculi-classificaction/DATASET/RESIZED/2a/section/2a_3266SE.jpg,/home/ikk/renal-calculi-classificaction/DATASET/RESIZED/2a/section/MASKS/2a_3266SE_mask.png,0,2a,section,2a_3266SE,0,0,4,0.9167608,0.0052476767,0.06636919,0.002691583,0.008930737
/home/ikk/renal-calculi-classificaction/DATASET/RESIZED/2a/section/2a_2580SE.png,/home/ikk/renal-calculi-classificaction/DATASET/RESIZED/2a/section/MASKS/2a_2580SE_mask.png,0,2a,section,2a_2580SE,0,0,4,0.86422503,0.039446104,0.06517086,0.006985587,0.024172392
/home/ikk/renal-calculi-classificaction/DATASET/RESIZED/2a/section/2a_2327SE.png,/home/ikk/renal-calculi-classificaction/DATASET/RESIZED/2a/section/MASKS/2a_2327SE_mask.png,0,2a,section,2a_2327SE,1,0,4,0.25611362,0.27007526,0.14273752,0.07133151,0.25974208
/home/ikk/renal-calculi-classificaction/DATASET/RESIZED/2a/section/2a_3351SE_2._Seccion_1.jpg,/home/ikk/renal-calculi-classificaction/DATASET/RESIZED/2a/section/MASKS/2a_3351SE_2._Seccion_1_mask.png,0,2a,section,2a_3351SE,0,0,4,0.3173498,0.25179523,0.17546904,0.2119739,0.043412007
/home/ikk/renal-calculi-classificaction/DATASET/RESIZED/2a/section/2a_1830SE.jpg,/home/ikk/renal-calculi-classificaction/DATASET/RESIZED/2a/section/MASKS/2a_1830SE_mask.png,0,2a,section,2a_1830SE,0,0,4,0.86112386,0.0050734114,0.12766862,0.0021278888,0.0040062536
/home/ikk/renal-calculi-classificaction/DATASET/RESIZED/2a/section/2a_3025SE.jpg,/home/ikk/renal-calculi-classificaction/DATASET/RESIZED/2a/section/MASKS/2a_3025SE_mask.png,0,2a,section,2a_3025SE,4,0,4,0.06084836,0.028744442,0.11589978,0.058727223,0.7357802
/home/ikk/renal-calculi-classificaction/DATASET/RESIZED/2a/section/2a_2872SE.jpg,/home/ikk/renal-calculi-classificaction/DATASET/RESIZED/2a/section/MASKS/2a_2872SE_mask.png,0,2a,section,2a_2872SE,0,0,4,0.5530947,0.0029293895,0.43449494,0.0046547484,0.004826243
/home/ikk/renal-calculi-classificaction/DATASET/RESIZED/4II-4I/surface/4I_1853SE.jpg,/home/ikk/renal-calculi-classificaction/DATASET/RESIZED/4II-4I/surface/MASKS/4I_1853SE_mask.png,2,4II-4I,surface,4I_1853SE,2,2,4,0.18654487,0.328537,0.44682115,0.01718902,0.02090803
/home/ikk/renal-calculi-classificaction/DATASET/RESIZED/4II-4I/surface/4II_5.jpg,/home/ikk/renal-calculi-classificaction/DATASET/RESIZED/4II-4I/surface/MASKS/4II_5_mask.png,2,4II-4I,surface,4II_5,2,2,4,0.032649238,0.19015442,0.40403226,0.35276094,0.020403195
/home/ikk/renal-calculi-classificaction/DATASET/RESIZED/4II-4I/surface/4II_2201SE.jpg,/home/ikk/renal-calculi-classificaction/DATASET/RESIZED/4II-4I/surface/MASKS/4II_2201SE_mask.png,2,4II-4I,surface,4II_2201SE,2,2,4,0.001941073,0.0061872764,0.55082285,0.20308706,0.23796174
/home/ikk/renal-calculi-classificaction/DATASET/RESIZED/4II-4I/section/4II_1920SE.jpg,/home/ikk/renal-calculi-classificaction/DATASET/RESIZED/4II-4I/section/MASKS/4II_1920SE_mask.png,2,4II-4I,section,4II_1920SE,2,2,4,0.074291475,0.011129152,0.86435336,0.03643859,0.013787426
/home/ikk/renal-calculi-classificaction/DATASET/RESIZED/4II-4I/section/4I_1853SE_2.jpg,/home/ikk/renal-calculi-classificaction/DATASET/RESIZED/4II-4I/section/MASKS/4I_1853SE_2_mask.png,2,4II-4I,section,4I_1853SE,1,2,4,0.22189797,0.46154794,0.28534698,0.008658874,0.022548243
/home/ikk/renal-calculi-classificaction/DATASET/RESIZED/4II-4I/section/4I_COM_2150SE.jpg,/home/ikk/renal-calculi-classificaction/DATASET/RESIZED/4II-4I/section/MASKS/4I_COM_2150SE_mask.png,2,4II-4I,section,4I_COM_2150SE,2,2,4,0.04228898,0.008908346,0.80981797,0.12431757,0.014667153
/home/ikk/renal-calculi-classificaction/DATASET/RESIZED/4II-4I/section/4II_2659SE.png,/home/ikk/renal-calculi-classificaction/DATASET/RESIZED/4II-4I/section/MASKS/4II_2659SE_mask.png,2,4II-4I,section,4II_2659SE,2,2,4,0.024509821,0.17827265,0.73362494,0.057488445,0.0061041615
/home/ikk/renal-calculi-classificaction/DATASET/RESIZED/4II-4I/section/4I_1931SE.jpg,/home/ikk/renal-calculi-classificaction/DATASET/RESIZED/4II-4I/section/MASKS/4I_1931SE_mask.png,2,4II-4I,section,4I_1931SE,4,2,4,0.2152892,0.040374808,0.1659033,0.08208906,0.49634367
/home/ikk/renal-calculi-classificaction/DATASET/RESIZED/4II-4I/section/4I_2531SE.png,/home/ikk/renal-calculi-classificaction/DATASET/RESIZED/4II-4I/section/MASKS/4I_2531SE_mask.png,2,4II-4I,section,4I_2531SE,3,2,4,0.008870956,0.0036877724,0.09268756,0.8908029,0.0039508087
/home/ikk/renal-calculi-classificaction/DATASET/RESIZED/4II-4I/section/4I_1931SE_2.jpg,/home/ikk/renal-calculi-classificaction/DATASET/RESIZED/4II-4I/section/MASKS/4I_1931SE_2_mask.png,2,4II-4I,section,4I_1931SE,2,2,4,0.35009483,0.030490948,0.49974233,0.05311531,0.06655657
/home/ikk/renal-calculi-classificaction/DATASET/RESIZED/4II-4I/section/4I_3271SE.jpg,/home/ikk/renal-calculi-classificaction/DATASET/RESIZED/4II-4I/section/MASKS/4I_3271SE_mask.png,2,4II-4I,section,4I_3271SE,2,2,4,0.019960824,0.02823822,0.8640244,0.07897284,0.008803703
/home/ikk/renal-calculi-classificaction/DATASET/RESIZED/4II-4I/section/4I_2761SE.jpg,/home/ikk/renal-calculi-classificaction/DATASET/RESIZED/4II-4I/section/MASKS/4I_2761SE_mask.png,2,4II-4I,section,4I_2761SE,3,2,4,0.048337203,0.14583857,0.25932157,0.5268839,0.019618759
/home/ikk/renal-calculi-classificaction/DATASET/RESIZED/4II-4I/section/4II_3040SE.png,/home/ikk/renal-calculi-classificaction/DATASET/RESIZED/4II-4I/section/MASKS/4II_3040SE_mask.png,2,4II-4I,section,4II_3040SE,2,2,4,0.18258908,0.30675882,0.46172777,0.033733662,0.015190703
/home/ikk/renal-calculi-classificaction/DATASET/RESIZED/1aI/surface/1aI_COD_sup_1996SE.jpg,/home/ikk/renal-calculi-classificaction/DATASET/RESIZED/1aI/surface/MASKS/1aI_COD_sup_1996SE_mask.png,0,1aI,surface,1aI_COD_sup_1996SE,0,0,4,0.98467535,0.0017301732,0.008514466,0.0012910772,0.0037888938
/home/ikk/renal-calculi-classificaction/DATASET/RESIZED/1aI/surface/1aI_1890SE.jpg,/home/ikk/renal-calculi-classificaction/DATASET/RESIZED/1aI/surface/MASKS/1aI_1890SE_mask.png,0,1aI,surface,1aI_1890SE,0,0,4,0.5775591,0.019298527,0.34715307,0.030517122,0.025472138
/home/ikk/renal-calculi-classificaction/DATASET/RESIZED/1aI/surface/1aI_1986SE.jpg,/home/ikk/renal-calculi-classificaction/DATASET/RESIZED/1aI/surface/MASKS/1aI_1986SE_mask.png,0,1aI,surface,1aI_1986SE,0,0,4,0.9944765,0.0019975486,0.0023110022,0.0006367402,0.0005782136
/home/ikk/renal-calculi-classificaction/DATASET/RESIZED/1aI/surface/1aI_2895SE.jpg,/home/ikk/renal-calculi-classificaction/DATASET/RESIZED/1aI/surface/MASKS/1aI_2895SE_mask.png,0,1aI,surface,1aI_2895SE,0,0,4,0.5566876,0.015593102,0.38807374,0.03166647,0.007979065
/home/ikk/renal-calculi-classificaction/DATASET/RESIZED/1aI/surface/1aI_3199SE.jpg,/home/ikk/renal-calculi-classificaction/DATASET/RESIZED/1aI/surface/MASKS/1aI_3199SE_mask.png,0,1aI,surface,1aI_3199SE,0,0,4,0.952852,0.0023982662,0.040071625,0.0030154814,0.0016626426
/home/ikk/renal-calculi-classificaction/DATASET/RESIZED/1aI/surface/1aI_1777SE.jpg,/home/ikk/renal-calculi-classificaction/DATASET/RESIZED/1aI/surface/MASKS/1aI_1777SE_mask.png,0,1aI,surface,1aI_1777SE,0,0,4,0.67242765,0.015343331,0.27105024,0.00968534,0.031493425
/home/ikk/renal-calculi-classificaction/DATASET/RESIZED/1aI/surface/1aI_1781SE.jpg,/home/ikk/renal-calculi-classificaction/DATASET/RESIZED/1aI/surface/MASKS/1aI_1781SE_mask.png,0,1aI,surface,1aI_1781SE,0,0,4,0.98488104,0.002042698,0.008003934,0.0027293111,0.0023429869
/home/ikk/renal-calculi-classificaction/DATASET/RESIZED/1aI/surface/1aI_COD_sup_1829SE.jpg,/home/ikk/renal-calculi-classificaction/DATASET/RESIZED/1aI/surface/MASKS/1aI_COD_sup_1829SE_mask.png,0,1aI,surface,1aI_COD_sup_1829SE,2,0,4,0.36442167,0.029172733,0.59993523,0.0024001836,0.004070168
/home/ikk/renal-calculi-classificaction/DATASET/RESIZED/1aI/surface/1aI_COD_sup_3317SE.jpg,/home/ikk/renal-calculi-classificaction/DATASET/RESIZED/1aI/surface/MASKS/1aI_COD_sup_3317SE_mask.png,0,1aI,surface,1aI_COD_sup_3317SE,0,0,4,0.9092675,0.05134131,0.013006879,0.018093219,0.008291079
/home/ikk/renal-calculi-classificaction/DATASET/RESIZED/1aI/surface/1aI_1947SE.jpg,/home/ikk/renal-calculi-classificaction/DATASET/RESIZED/1aI/surface/MASKS/1aI_1947SE_mask.png,0,1aI,surface,1aI_1947SE,0,0,4,0.79895175,0.06801495,0.076897345,0.015935091,0.04020093
/home/ikk/renal-calculi-classificaction/DATASET/RESIZED/1aI/surface/1aI_2016SE.jpg,/home/ikk/renal-calculi-classificaction/DATASET/RESIZED/1aI/surface/MASKS/1aI_2016SE_mask.png,0,1aI,surface,1aI_2016SE,0,0,4,0.9542692,0.007374203,0.02207162,0.00524452,0.0110405
/home/ikk/renal-calculi-classificaction/DATASET/RESIZED/1aI/surface/1aI_2798SE.jpg,/home/ikk/renal-calculi-classificaction/DATASET/RESIZED/1aI/surface/MASKS/1aI_2798SE_mask.png,0,1aI,surface,1aI_2798SE,0,0,4,0.65369326,0.13328391,0.1893594,0.019441273,0.0042221714
/home/ikk/renal-calculi-classificaction/DATASET/RESIZED/1aI/section/1aI_2779SE.jpg,/home/ikk/renal-calculi-classificaction/DATASET/RESIZED/1aI/section/MASKS/1aI_2779SE_mask.png,0,1aI,section,1aI_2779SE,0,0,4,0.984289,0.0018286946,0.009755828,0.0020099888,0.0021165113
/home/ikk/renal-calculi-classificaction/DATASET/RESIZED/1aI/section/1aI_1947SE_2.jpg,/home/ikk/renal-calculi-classificaction/DATASET/RESIZED/1aI/section/MASKS/1aI_1947SE_2_mask.png,0,1aI,section,1aI_1947SE,0,0,4,0.9333559,0.0029081933,0.059167776,0.0017248446,0.0028433295
/home/ikk/renal-calculi-classificaction/DATASET/RESIZED/6/surface/6_2784SE.jpg,/home/ikk/renal-calculi-classificaction/DATASET/RESIZED/6/surface/MASKS/6_2784SE_mask.png,3,6,surface,6_2784SE,2,3,5,0.016568922,0.050430924,0.8505927,0.060601186,0.021806238
/home/ikk/renal-calculi-classificaction/DATASET/RESIZED/6/surface/6_2351SE.png,/home/ikk/renal-calculi-classificaction/DATASET/RESIZED/6/surface/MASKS/6_2351SE_mask.png,3,6,surface,6_2351SE,2,3,5,0.036493644,0.14405778,0.77135575,0.041243445,0.006849427
/home/ikk/renal-calculi-classificaction/DATASET/RESIZED/6/section/6_2061SE.jpg,/home/ikk/renal-calculi-classificaction/DATASET/RESIZED/6/section/MASKS/6_2061SE_mask.png,3,6,section,6_2061SE,3,3,5,0.004742524,0.0011210555,0.003877221,0.9890323,0.001226856
/home/ikk/renal-calculi-classificaction/DATASET/RESIZED/6/section/6_3253SE.jpg,/home/ikk/renal-calculi-classificaction/DATASET/RESIZED/6/section/MASKS/6_3253SE_mask.png,3,6,section,6_3253SE,3,3,5,0.0031096656,0.001076898,0.0020624744,0.9916721,0.0020787942
/home/ikk/renal-calculi-classificaction/DATASET/RESIZED/8aI - 8aII/surface/8aII_1930SE.jpg,/home/ikk/renal-calculi-classificaction/DATASET/RESIZED/8aI - 8aII/surface/MASKS/8aII_1930SE_mask.png,4,8aI - 8aII,surface,8aII_1930SE,0,4,5,0.377394,0.048750225,0.33510926,0.08937715,0.14936934
/home/ikk/renal-calculi-classificaction/DATASET/RESIZED/8aI - 8aII/surface/8aII_COM_min_1808SE.jpg,/home/ikk/renal-calculi-classificaction/DATASET/RESIZED/8aI - 8aII/surface/MASKS/8aII_COM_min_1808SE_mask.png,4,8aI - 8aII,surface,8aII_COM_min_1808SE,4,4,5,0.02660663,0.041521788,0.23850963,0.029067477,0.6642944
/home/ikk/renal-calculi-classificaction/DATASET/RESIZED/8aI - 8aII/surface/8aII_1936SE_surface.jpg,/home/ikk/renal-calculi-classificaction/DATASET/RESIZED/8aI - 8aII/surface/MASKS/8aII_1936SE_surface_mask.png,4,8aI - 8aII,surface,8aII_1936SE,0,4,5,0.924607,0.0035801036,0.066272855,0.0036846467,0.0018553904
/home/ikk/renal-calculi-classificaction/DATASET/RESIZED/8aI - 8aII/section/8aII_1936SE_section.jpg,/home/ikk/renal-calculi-classificaction/DATASET/RESIZED/8aI - 8aII/section/MASKS/8aII_1936SE_section_mask.png,4,8aI - 8aII,section,8aII_1936SE,0,4,5,0.6846063,0.045217242,0.20101292,0.008719641,0.060443886
/home/ikk/renal-calculi-classificaction/DATASET/RESIZED/8aI - 8aII/section/8aII_1936SE_2_.jpg,/home/ikk/renal-calculi-classificaction/DATASET/RESIZED/8aI - 8aII/section/MASKS/8aII_1936SE_2__mask.png,4,8aI - 8aII,section,8aII_1936SE,0,4,5,0.9280955,0.010764895,0.03598349,0.00362389,0.02153217
/home/ikk/renal-calculi-classificaction/DATASET/RESIZED/8aI - 8aII/section/8aII_1.jpg,/home/ikk/renal-calculi-classificaction/DATASET/RESIZED/8aI - 8aII/section/MASKS/8aII_1_mask.png,4,8aI - 8aII,section,8aII_1,4,4,5,0.07405643,0.027146673,0.10891009,0.12155803,0.66832876
/home/ikk/renal-calculi-classificaction/DATASET/RESIZED/8aI - 8aII/section/8aII_2520SE.png,/home/ikk/renal-calculi-classificaction/DATASET/RESIZED/8aI - 8aII/section/MASKS/8aII_2520SE_mask.png,4,8aI - 8aII,section,8aII_2520SE,1,4,5,0.28420916,0.37303278,0.2969294,0.017720347,0.028108308
/home/ikk/renal-calculi-classificaction/DATASET/RESIZED/8aI - 8aII/section/8aII_3053SE.png,/home/ikk/renal-calculi-classificaction/DATASET/RESIZED/8aI - 8aII/section/MASKS/8aII_3053SE_mask.png,4,8aI - 8aII,section,8aII_3053SE,4,4,5,0.0068128477,0.0076001105,0.003007892,0.0024291412,0.98015
/home/ikk/renal-calculi-classificaction/DATASET/RESIZED/8aI - 8aII/section/8aII_3118SE.png,/home/ikk/renal-calculi-classificaction/DATASET/RESIZED/8aI - 8aII/section/MASKS/8aII_3118SE_mask.png,4,8aI - 8aII,section,8aII_3118SE,4,4,5,0.0034638732,0.0048196623,0.0043793977,0.009637868,0.97769916
/home/ikk/renal-calculi-classificaction/DATASET/RESIZED/3aII/surface/3aII_3176SE.jpg,/home/ikk/renal-calculi-classificaction/DATASET/RESIZED/3aII/surface/MASKS/3aII_3176SE_mask.png,1,3aII,surface,3aII_3176SE,2,1,5,0.011978065,0.038259104,0.6570039,0.017086871,0.27567208
/home/ikk/renal-calculi-classificaction/DATASET/RESIZED/3aII/surface/3aII_1994SE.jpg,/home/ikk/renal-calculi-classificaction/DATASET/RESIZED/3aII/surface/MASKS/3aII_1994SE_mask.png,1,3aII,surface,3aII_1994SE,1,1,5,0.015599966,0.887703,0.05031959,0.031248866,0.015128545
/home/ikk/renal-calculi-classificaction/DATASET/RESIZED/3aII/surface/3aII_2224SE.jpg,/home/ikk/renal-calculi-classificaction/DATASET/RESIZED/3aII/surface/MASKS/3aII_2224SE_mask.png,1,3aII,surface,3aII_2224SE,0,1,5,0.5536004,0.2593128,0.16553506,0.011626547,0.009925229
/home/ikk/renal-calculi-classificaction/DATASET/RESIZED/3bII/surface/3bII_2318SE.png,/home/ikk/renal-calculi-classificaction/DATASET/RESIZED/3bII/surface/MASKS/3bII_2318SE_mask.png,2,3bII,surface,3bII_2318SE,1,2,5,0.14590916,0.6355664,0.20160578,0.011725528,0.005193128
/home/ikk/renal-calculi-classificaction/DATASET/RESIZED/3bII/surface/3bII_7.png,/home/ikk/renal-calculi-classificaction/DATASET/RESIZED/3bII/surface/MASKS/3bII_7_mask.png,2,3bII,surface,3bII_7,2,2,5,0.28038526,0.057384897,0.6419735,0.012975769,0.0072805295
/home/ikk/renal-calculi-classificaction/DATASET/RESIZED/3bII/surface/3bII_1995SE.jpg,/home/ikk/renal-calculi-classificaction/DATASET/RESIZED/3bII/surface/MASKS/3bII_1995SE_mask.png,2,3bII,surface,3bII_1995SE,1,2,5,0.1834764,0.43893123,0.29879856,0.029579151,0.049214605
/home/ikk/renal-calculi-classificaction/DATASET/RESIZED/3bII/surface/3bII_1914SE_2.jpg,/home/ikk/renal-calculi-classificaction/DATASET/RESIZED/3bII/surface/MASKS/3bII_1914SE_2_mask.png,2,3bII,surface,3bII_1914SE,2,2,5,0.038427062,0.010596279,0.86359245,0.07738779,0.009996431
/home/ikk/renal-calculi-classificaction/DATASET/RESIZED/3bII/surface/3bII_1914SE.jpg,/home/ikk/renal-calculi-classificaction/DATASET/RESIZED/3bII/surface/MASKS/3bII_1914SE_mask.png,2,3bII,surface,3bII_1914SE,2,2,5,0.014631366,0.01893071,0.77587086,0.18098922,0.009577812
/home/ikk/renal-calculi-classificaction/DATASET/RESIZED/3bII/section/3bII_2.png,/home/ikk/renal-calculi-classificaction/DATASET/RESIZED/3bII/section/MASKS/3bII_2_mask.png,2,3bII,section,3bII_2,2,2,5,0.025273733,0.17372051,0.6829579,0.111542605,0.00650528
/home/ikk/renal-calculi-classificaction/DATASET/RESIZED/3bII/section/3bII_1816SE.jpg,/home/ikk/renal-calculi-classificaction/DATASET/RESIZED/3bII/section/MASKS/3bII_1816SE_mask.png,2,3bII,section,3bII_1816SE,4,2,5,0.07063137,0.08423521,0.07499026,0.040643696,0.7294994
/home/ikk/renal-calculi-classificaction/DATASET/RESIZED/3bII/section/3bII_2495SE.png,/home/ikk/renal-calculi-classificaction/DATASET/RESIZED/3bII/section/MASKS/3bII_2495SE_mask.png,2,3bII,section,3bII_2495SE,2,2,5,0.37850875,0.060524706,0.54243726,0.010879693,0.007649569
/home/ikk/renal-calculi-classificaction/DATASET/RESIZED/3bII/section/3bII_111111_inventado.jpg,/home/ikk/renal-calculi-classificaction/DATASET/RESIZED/3bII/section/MASKS/3bII_111111_inventado_mask.png,2,3bII,section,3bII_111111,0,2,5,0.91384166,0.008222308,0.069698654,0.004637979,0.0035993974
/home/ikk/renal-calculi-classificaction/DATASET/RESIZED/3bII/section/3bII_2847SE.jpg,/home/ikk/renal-calculi-classificaction/DATASET/RESIZED/3bII/section/MASKS/3bII_2847SE_mask.png,2,3bII,section,3bII_2847SE,2,2,5,0.08622871,0.03974718,0.71939117,0.14862663,0.0060063284
/home/ikk/renal-calculi-classificaction/DATASET/RESIZED/3bII/section/3bII_3476SE.png,/home/ikk/renal-calculi-classificaction/DATASET/RESIZED/3bII/section/MASKS/3bII_3476SE_mask.png,2,3bII,section,3bII_3476SE,1,2,5,0.120861426,0.69635326,0.1713563,0.004754621,0.0066743395
/home/ikk/renal-calculi-classificaction/DATASET/RESIZED/3bII/section/3bII_2043SE_2.jpg,/home/ikk/renal-calculi-classificaction/DATASET/RESIZED/3bII/section/MASKS/3bII_2043SE_2_mask.png,2,3bII,section,3bII_2043SE,0,2,5,0.9145734,0.007386214,0.0657945,0.0049586026,0.0072872834
/home/ikk/renal-calculi-classificaction/DATASET/RESIZED/2a/surface/2a_1878SE.jpg,/home/ikk/renal-calculi-classificaction/DATASET/RESIZED/2a/surface/MASKS/2a_1878SE_mask.png,0,2a,surface,2a_1878SE,0,0,5,0.5813457,0.21795908,0.18181711,0.0050232545,0.013854917
/home/ikk/renal-calculi-classificaction/DATASET/RESIZED/2a/surface/2a_3500SE_1.png,/home/ikk/renal-calculi-classificaction/DATASET/RESIZED/2a/surface/MASKS/2a_3500SE_1_mask.png,0,2a,surface,2a_3500SE,0,0,5,0.973584,0.008669505,0.009469976,0.006277687,0.001998841
/home/ikk/renal-calculi-classificaction/DATASET/RESIZED/2a/surface/2a_3333SE.jpg,/home/ikk/renal-calculi-classificaction/DATASET/RESIZED/2a/surface/MASKS/2a_3333SE_mask.png,0,2a,surface,2a_3333SE,4,0,5,0.06646659,0.04001227,0.0102243675,0.077831045,0.8054657
/home/ikk/renal-calculi-classificaction/DATASET/RESIZED/2a/surface/2a_2485SE_1.png,/home/ikk/renal-calculi-classificaction/DATASET/RESIZED/2a/surface/MASKS/2a_2485SE_1_mask.png,0,2a,surface,2a_2485SE,0,0,5,0.4872111,0.023775017,0.2913991,0.18646751,0.011147239
/home/ikk/renal-calculi-classificaction/DATASET/RESIZED/2a/surface/2a_3469SE_1.png,/home/ikk/renal-calculi-classificaction/DATASET/RESIZED/2a/surface/MASKS/2a_3469SE_1_mask.png,0,2a,surface,2a_3469SE,0,0,5,0.7091285,0.124218665,0.043167535,0.098656155,0.02482914
/home/ikk/renal-calculi-classificaction/DATASET/RESIZED/2a/surface/2a_3337SE.jpg,/home/ikk/renal-calculi-classificaction/DATASET/RESIZED/2a/surface/MASKS/2a_3337SE_mask.png,0,2a,surface,2a_3337SE,0,0,5,0.9347511,0.0044024233,0.029679356,0.029171156,0.0019959877
/home/ikk/renal-calculi-classificaction/DATASET/RESIZED/2a/surface/2a_3098SE.png,/home/ikk/renal-calculi-classificaction/DATASET/RESIZED/2a/surface/MASKS/2a_3098SE_mask.png,0,2a,surface,2a_3098SE,0,0,5,0.9661637,0.0124557195,0.015169599,0.0048932773,0.0013177075
/home/ikk/renal-calculi-classificaction/DATASET/RESIZED/2a/surface/2a_2297SE_1.png,/home/ikk/renal-calculi-classificaction/DATASET/RESIZED/2a/surface/MASKS/2a_2297SE_1_mask.png,0,2a,surface,2a_2297SE,0,0,5,0.764092,0.039658558,0.059052475,0.08406264,0.053134322
/home/ikk/renal-calculi-classificaction/DATASET/RESIZED/2a/section/2a_3500SE_2.png,/home/ikk/renal-calculi-classificaction/DATASET/RESIZED/2a/section/MASKS/2a_3500SE_2_mask.png,0,2a,section,2a_3500SE,0,0,5,0.97627914,0.005976617,0.015182418,0.0013703607,0.0011914481
/home/ikk/renal-calculi-classificaction/DATASET/RESIZED/2a/section/2a_COD_sup_2283SE.png,/home/ikk/renal-calculi-classificaction/DATASET/RESIZED/2a/section/MASKS/2a_COD_sup_2283SE_mask.png,0,2a,section,2a_COD_sup_2283SE,0,0,5,0.8862884,0.07644082,0.024467858,0.007183761,0.0056191254
/home/ikk/renal-calculi-classificaction/DATASET/RESIZED/2a/section/2a_2077SE.jpg,/home/ikk/renal-calculi-classificaction/DATASET/RESIZED/2a/section/MASKS/2a_2077SE_mask.png,0,2a,section,2a_2077SE,0,0,5,0.7802932,0.021653552,0.16667508,0.011557871,0.019820295
/home/ikk/renal-calculi-classificaction/DATASET/RESIZED/2a/section/2aCOD_sup_1.jpg,/home/ikk/renal-calculi-classificaction/DATASET/RESIZED/2a/section/MASKS/2aCOD_sup_1_mask.png,0,2a,section,2aCOD_sup_1,0,0,5,0.90342426,0.0099214455,0.07012226,0.010250893,0.006281095
/home/ikk/renal-calculi-classificaction/DATASET/RESIZED/2a/section/2a_2602SE.png,/home/ikk/renal-calculi-classificaction/DATASET/RESIZED/2a/section/MASKS/2a_2602SE_mask.png,0,2a,section,2a_2602SE,0,0,5,0.9796157,0.0059592784,0.009520293,0.0024465974,0.0024580946
/home/ikk/renal-calculi-classificaction/DATASET/RESIZED/2a/section/2a_2869SE.jpg,/home/ikk/renal-calculi-classificaction/DATASET/RESIZED/2a/section/MASKS/2a_2869SE_mask.png,0,2a,section,2a_2869SE,0,0,5,0.94619286,0.00359004,0.0437281,0.005441052,0.0010479579
/home/ikk/renal-calculi-classificaction/DATASET/RESIZED/2a/section/2a_2049SE.jpg,/home/ikk/renal-calculi-classificaction/DATASET/RESIZED/2a/section/MASKS/2a_2049SE_mask.png,0,2a,section,2a_2049SE,0,0,5,0.9627999,0.003224305,0.027455356,0.002293947,0.0042264913
/home/ikk/renal-calculi-classificaction/DATASET/RESIZED/2a/section/2a_2297SE_2.png,/home/ikk/renal-calculi-classificaction/DATASET/RESIZED/2a/section/MASKS/2a_2297SE_2_mask.png,0,2a,section,2a_2297SE,0,0,5,0.9575139,0.004400329,0.033474512,0.0031927219,0.0014185437
/home/ikk/renal-calculi-classificaction/DATASET/RESIZED/2a/section/2a_2485SE_2.png,/home/ikk/renal-calculi-classificaction/DATASET/RESIZED/2a/section/MASKS/2a_2485SE_2_mask.png,0,2a,section,2a_2485SE,0,0,5,0.65116906,0.045234717,0.28374088,0.013962903,0.005892409
/home/ikk/renal-calculi-classificaction/DATASET/RESIZED/2a/section/2a_3469SE_2.png,/home/ikk/renal-calculi-classificaction/DATASET/RESIZED/2a/section/MASKS/2a_3469SE_2_mask.png,0,2a,section,2a_3469SE,0,0,5,0.5351428,0.06960284,0.3764784,0.009098454,0.009677513
/home/ikk/renal-calculi-classificaction/DATASET/RESIZED/2a/section/2a_2710SE.jpg,/home/ikk/renal-calculi-classificaction/DATASET/RESIZED/2a/section/MASKS/2a_2710SE_mask.png,0,2a,section,2a_2710SE,0,0,5,0.64645207,0.2852743,0.020472804,0.028961865,0.018838998
/home/ikk/renal-calculi-classificaction/DATASET/RESIZED/2a/section/2a_1878SE_2.jpg,/home/ikk/renal-calculi-classificaction/DATASET/RESIZED/2a/section/MASKS/2a_1878SE_2_mask.png,0,2a,section,2a_1878SE,2,0,5,0.12097329,0.056253966,0.5264057,0.041825086,0.25454196
/home/ikk/renal-calculi-classificaction/DATASET/RESIZED/2a/section/2a_1938SE.jpg,/home/ikk/renal-calculi-classificaction/DATASET/RESIZED/2a/section/MASKS/2a_1938SE_mask.png,0,2a,section,2a_1938SE,0,0,5,0.75769943,0.045929477,0.16407973,0.01210504,0.020186303
/home/ikk/renal-calculi-classificaction/DATASET/RESIZED/4II-4I/surface/4II_1825SE.jpg,/home/ikk/renal-calculi-classificaction/DATASET/RESIZED/4II-4I/surface/MASKS/4II_1825SE_mask.png,2,4II-4I,surface,4II_1825SE,0,2,5,0.60015535,0.03977027,0.31327546,0.02235532,0.02444357
/home/ikk/renal-calculi-classificaction/DATASET/RESIZED/4II-4I/surface/4II_4.jpg,/home/ikk/renal-calculi-classificaction/DATASET/RESIZED/4II-4I/surface/MASKS/4II_4_mask.png,2,4II-4I,surface,4II_4,2,2,5,0.005425569,0.025402147,0.9257378,0.039854813,0.0035796962
/home/ikk/renal-calculi-classificaction/DATASET/RESIZED/4II-4I/surface/4I_2157SE.jpg,/home/ikk/renal-calculi-classificaction/DATASET/RESIZED/4II-4I/surface/MASKS/4I_2157SE_mask.png,2,4II-4I,surface,4I_2157SE,1,2,5,0.13505095,0.43147862,0.3850354,0.030430218,0.018004866
/home/ikk/renal-calculi-classificaction/DATASET/RESIZED/4II-4I/section/4II_1825SE_2.jpg,/home/ikk/renal-calculi-classificaction/DATASET/RESIZED/4II-4I/section/MASKS/4II_1825SE_2_mask.png,2,4II-4I,section,4II_1825SE,2,2,5,0.072698906,0.05270744,0.86242086,0.0078948075,0.0042780186
/home/ikk/renal-calculi-classificaction/DATASET/RESIZED/4II-4I/section/4II_2995SE.jpg,/home/ikk/renal-calculi-classificaction/DATASET/RESIZED/4II-4I/section/MASKS/4II_2995SE_mask.png,2,4II-4I,section,4II_2995SE,2,2,5,0.0059779617,0.008721281,0.9712893,0.009751386,0.004260114
/home/ikk/renal-calculi-classificaction/DATASET/RESIZED/4II-4I/section/4I_2427SE.png,/home/ikk/renal-calculi-classificaction/DATASET/RESIZED/4II-4I/section/MASKS/4I_2427SE_mask.png,2,4II-4I,section,4I_2427SE,0,2,5,0.75822884,0.10186337,0.12896045,0.008025603,0.002921744
/home/ikk/renal-calculi-classificaction/DATASET/RESIZED/4II-4I/section/4I_2021SE.jpg,/home/ikk/renal-calculi-classificaction/DATASET/RESIZED/4II-4I/section/MASKS/4I_2021SE_mask.png,2,4II-4I,section,4I_2021SE,2,2,5,0.24901232,0.17750712,0.5276813,0.028455468,0.01734382
/home/ikk/renal-calculi-classificaction/DATASET/RESIZED/4II-4I/section/4II_3012SE.jpg,/home/ikk/renal-calculi-classificaction/DATASET/RESIZED/4II-4I/section/MASKS/4II_3012SE_mask.png,2,4II-4I,section,4II_3012SE,2,2,5,0.04271264,0.0073465477,0.677541,0.26454553,0.007854255
/home/ikk/renal-calculi-classificaction/DATASET/RESIZED/4II-4I/section/4I_3380SE.jpg,/home/ikk/renal-calculi-classificaction/DATASET/RESIZED/4II-4I/section/MASKS/4I_3380SE_mask.png,2,4II-4I,section,4I_3380SE,0,2,5,0.85711336,0.0033376552,0.03176085,0.10547024,0.002317909
/home/ikk/renal-calculi-classificaction/DATASET/RESIZED/4II-4I/section/4II_2213SE.jpg,/home/ikk/renal-calculi-classificaction/DATASET/RESIZED/4II-4I/section/MASKS/4II_2213SE_mask.png,2,4II-4I,section,4II_2213SE,2,2,5,0.025608486,0.0102957515,0.92985016,0.029661974,0.004583568
/home/ikk/renal-calculi-classificaction/DATASET/RESIZED/4II-4I/section/4I_COM_3445SE.jpg,/home/ikk/renal-calculi-classificaction/DATASET/RESIZED/4II-4I/section/MASKS/4I_COM_3445SE_mask.png,2,4II-4I,section,4I_COM_3445SE,3,2,5,0.06967453,0.016992234,0.24674305,0.65772223,0.008867906
/home/ikk/renal-calculi-classificaction/DATASET/RESIZED/4II-4I/section/4II_2620SE.png,/home/ikk/renal-calculi-classificaction/DATASET/RESIZED/4II-4I/section/MASKS/4II_2620SE_mask.png,2,4II-4I,section,4II_2620SE,1,2,5,0.12456093,0.53430027,0.30509016,0.027464636,0.008583982
/home/ikk/renal-calculi-classificaction/DATASET/RESIZED/4II-4I/section/4II_8.png,/home/ikk/renal-calculi-classificaction/DATASET/RESIZED/4II-4I/section/MASKS/4II_8_mask.png,2,4II-4I,section,4II_8,2,2,5,0.014381739,0.011103102,0.83391726,0.13593191,0.0046660355
/home/ikk/renal-calculi-classificaction/DATASET/RESIZED/1aI/surface/1aI_2004SE_1.jpg,/home/ikk/renal-calculi-classificaction/DATASET/RESIZED/1aI/surface/MASKS/1aI_2004SE_1_mask.png,0,1aI,surface,1aI_2004SE,2,0,5,0.35742408,0.11945532,0.48921582,0.021282574,0.012622162
/home/ikk/renal-calculi-classificaction/DATASET/RESIZED/1aI/surface/1aI_3206SE_1.jpg,/home/ikk/renal-calculi-classificaction/DATASET/RESIZED/1aI/surface/MASKS/1aI_3206SE_1_mask.png,0,1aI,surface,1aI_3206SE,3,0,5,0.18795653,0.062014587,0.062342342,0.5015146,0.18617192
/home/ikk/renal-calculi-classificaction/DATASET/RESIZED/1aI/surface/1aI_2857SE_1.jpg,/home/ikk/renal-calculi-classificaction/DATASET/RESIZED/1aI/surface/MASKS/1aI_2857SE_1_mask.png,0,1aI,surface,1aI_2857SE,0,0,5,0.92396784,0.017553415,0.01943795,0.03363478,0.005406032
/home/ikk/renal-calculi-classificaction/DATASET/RESIZED/1aI/surface/1aI_3369SE.jpg,/home/ikk/renal-calculi-classificaction/DATASET/RESIZED/1aI/surface/MASKS/1aI_3369SE_mask.png,0,1aI,surface,1aI_3369SE,0,0,5,0.8547967,0.016541818,0.112414114,0.008329624,0.007917725
/home/ikk/renal-calculi-classificaction/DATASET/RESIZED/1aI/surface/1aI_3292SE_2.jpg,/home/ikk/renal-calculi-classificaction/DATASET/RESIZED/1aI/surface/MASKS/1aI_3292SE_2_mask.png,0,1aI,surface,1aI_3292SE,4,0,5,0.02763535,0.029911146,0.0103511615,0.11649243,0.81561
/home/ikk/renal-calculi-classificaction/DATASET/RESIZED/1aI/surface/1aI_3292SE_1.jpg,/home/ikk/renal-calculi-classificaction/DATASET/RESIZED/1aI/surface/MASKS/1aI_3292SE_1_mask.png,0,1aI,surface,1aI_3292SE,4,0,5,0.10016069,0.03237577,0.24485752,0.0692546,0.55335146
/home/ikk/renal-calculi-classificaction/DATASET/RESIZED/1aI/surface/1aI_2046SE_1.jpg,/home/ikk/renal-calculi-classificaction/DATASET/RESIZED/1aI/surface/MASKS/1aI_2046SE_1_mask.png,0,1aI,surface,1aI_2046SE,0,0,5,0.9413088,0.006296328,0.028319815,0.006294674,0.01778035
/home/ikk/renal-calculi-classificaction/DATASET/RESIZED/1aI/surface/1aI_2138SE_1.jpg,/home/ikk/renal-calculi-classificaction/DATASET/RESIZED/1aI/surface/MASKS/1aI_2138SE_1_mask.png,0,1aI,surface,1aI_2138SE,0,0,5,0.7974594,0.020262329,0.16558729,0.009381764,0.0073092356
/home/ikk/renal-calculi-classificaction/DATASET/RESIZED/1aI/surface/1aI_2004SE_2.jpg,/home/ikk/renal-calculi-classificaction/DATASET/RESIZED/1aI/surface/MASKS/1aI_2004SE_2_mask.png,0,1aI,surface,1aI_2004SE,0,0,5,0.64197546,0.18381715,0.10729429,0.047431152,0.019481918
/home/ikk/renal-calculi-classificaction/DATASET/RESIZED/1aI/surface/1aI_3292SE_3.jpg,/home/ikk/renal-calculi-classificaction/DATASET/RESIZED/1aI/surface/MASKS/1aI_3292SE_3_mask.png,0,1aI,surface,1aI_3292SE,1,0,5,0.04296583,0.5382281,0.023595028,0.07543659,0.31977448
/home/ikk/renal-calculi-classificaction/DATASET/RESIZED/1aI/section/1aI_3292SE_5.jpg,/home/ikk/renal-calculi-classificaction/DATASET/RESIZED/1aI/section/MASKS/1aI_3292SE_5_mask.png,0,1aI,section,1aI_3292SE,4,0,5,0.20606805,0.054059472,0.17088392,0.025198808,0.54378974
/home/ikk/renal-calculi-classificaction/DATASET/RESIZED/1aI/section/1aI_2046SE_3.jpg,/home/ikk/renal-calculi-classificaction/DATASET/RESIZED/1aI/section/MASKS/1aI_2046SE_3_mask.png,0,1aI,section,1aI_2046SE,0,0,5,0.9741381,0.0024921894,0.021261523,0.0010363876,0.0010717597
/home/ikk/renal-calculi-classificaction/DATASET/RESIZED/1aI/section/1aI_COD_sup_2058SE.jpg,/home/ikk/renal-calculi-classificaction/DATASET/RESIZED/1aI/section/MASKS/1aI_COD_sup_2058SE_mask.png,0,1aI,section,1aI_COD_sup_2058SE,2,0,5,0.31510982,0.15489696,0.5128422,0.008854014,0.008296979
/home/ikk/renal-calculi-classificaction/DATASET/RESIZED/1aI/section/1aI_COD_sup_3291SE_2.jpg,/home/ikk/renal-calculi-classificaction/DATASET/RESIZED/1aI/section/MASKS/1aI_COD_sup_3291SE_2_mask.png,0,1aI,section,1aI_COD_sup_3291SE,0,0,5,0.57009655,0.018546848,0.28292474,0.12105505,0.007376827
/home/ikk/renal-calculi-classificaction/DATASET/RESIZED/1aI/section/1aI_2046SE_2.jpg,/home/ikk/renal-calculi-classificaction/DATASET/RESIZED/1aI/section/MASKS/1aI_2046SE_2_mask.png,0,1aI,section,1aI_2046SE,0,0,5,0.9773425,0.004065328,0.01634323,0.001081889,0.0011670543
/home/ikk/renal-calculi-classificaction/DATASET/RESIZED/1aI/section/1aI_2138SE_2.jpg,/home/ikk/renal-calculi-classificaction/DATASET/RESIZED/1aI/section/MASKS/1aI_2138SE_2_mask.png,0,1aI,section,1aI_2138SE,0,0,5,0.9895293,0.0019509464,0.0065625063,0.0010901194,0.0008670943
/home/ikk/renal-calculi-classificaction/DATASET/RESIZED/1aI/section/1aI_3292SE_4.jpg,/home/ikk/renal-calculi-classificaction/DATASET/RESIZED/1aI/section/MASKS/1aI_3292SE_4_mask.png,0,1aI,section,1aI_3292SE,4,0,5,0.35158345,0.07868758,0.049523387,0.018622952,0.5015826
