image_path,mask_path,label,folder,view,stone_id,match_key,pred,true,prob_COM,prob_COD,prob_Mixto,prob_Infeccioso,prob_Urico,fold
/home/ikk/renal-calculi-classificaction/DATASET/SECTION_SURFACE_DATASET/6/surface/6_2662SE_surface.png,/home/ikk/renal-calculi-classificaction/DATASET/SECTION_SURFACE_DATASET/6/surface/MASKS/6_2662SE_surface_mask.png,3,6,surface,6_2662SE,6/surface/6_2662SE_surface.png,4,3,0.04349581,0.007355369,0.060762685,0.15139359,0.73699254,0
/home/ikk/renal-calculi-classificaction/DATASET/SECTION_SURFACE_DATASET/6/surface/6_3260SE.jpg,/home/ikk/renal-calculi-classificaction/DATASET/SECTION_SURFACE_DATASET/6/surface/MASKS/6_3260SE_mask.png,3,6,surface,6_3260SE,6/surface/6_3260SE.jpg,3,3,0.18205357,0.035539646,0.17913948,0.56870687,0.034560427,0
/home/ikk/renal-calculi-classificaction/DATASET/SECTION_SURFACE_DATASET/6/surface/6_2365SE_1.png,/home/ikk/renal-calculi-classificaction/DATASET/SECTION_SURFACE_DATASET/6/surface/MASKS/6_2365SE_1_mask.png,3,6,surface,6_2365SE,6/surface/6_2365SE_1.png,3,3,0.09584263,0.016050141,0.046830863,0.7887034,0.05257305,0
/home/ikk/renal-calculi-classificaction/DATASET/SECTION_SURFACE_DATASET/6/section/6_2535SE_1.png,/home/ikk/renal-calculi-classificaction/DATASET/SECTION_SURFACE_DATASET/6/section/MASKS/6_2535SE_1_mask.png,3,6,section,6_2535SE,6/section/6_2535SE_1.png,2,3,0.07306911,0.027857019,0.66505057,0.17740458,0.05661872,0
/home/ikk/renal-calculi-classificaction/DATASET/SECTION_SURFACE_DATASET/6/section/6_2662SE_section.png,/home/ikk/renal-calculi-classificaction/DATASET/SECTION_SURFACE_DATASET/6/section/MASKS/6_2662SE_section_mask.png,3,6,section,6_2662SE,6/section/6_2662SE_section.png,2,3,0.13613431,0.14759026,0.42082652,0.20249808,0.09295083,0
/home/ikk/renal-calculi-classificaction/DATASET/SECTION_SURFACE_DATASET/6/section/6_2535SE_2.png,/home/ikk/renal-calculi-classificaction/DATASET/SECTION_SURFACE_DATASET/6/section/MASKS/6_2535SE_2_mask.png,3,6,section,6_2535SE,6/section/6_2535SE_2.png,3,3,0.01695622,0.020608908,0.15675077,0.7784958,0.02718841,0
/home/ikk/renal-calculi-classificaction/DATASET/SECTION_SURFACE_DATASET/6/section/6_3198SE.jpg,/home/ikk/renal-calculi-classificaction/DATASET/SECTION_SURFACE_DATASET/6/section/MASKS/6_3198SE_mask.png,3,6,section,6_3198SE,6/section/6_3198SE.jpg,2,3,0.25565198,0.12896799,0.29878852,0.058904957,0.2576866,0
/home/ikk/renal-calculi-classificaction/DATASET/SECTION_SURFACE_DATASET/6/section/6_2365SE_2.png,/home/ikk/renal-calculi-classificaction/DATASET/SECTION_SURFACE_DATASET/6/section/MASKS/6_2365SE_2_mask.png,3,6,section,6_2365SE,6/section/6_2365SE_2.png,3,3,0.037363723,0.0034385328,0.24545877,0.70657915,0.0071597956,0
/home/ikk/renal-calculi-classificaction/DATASET/SECTION_SURFACE_DATASET/6/section/6_2212SE.jpg,/home/ikk/renal-calculi-classificaction/DATASET/SECTION_SURFACE_DATASET/6/section/MASKS/6_2212SE_mask.png,3,6,section,6_2212SE,6/section/6_2212SE.jpg,3,3,0.0038855977,0.002293265,0.043443777,0.9470966,0.0032807095,0
/home/ikk/renal-calculi-classificaction/DATASET/SECTION_SURFACE_DATASET/8aI - 8aII/surface/8aII_2951SE.jpg,/home/ikk/renal-calculi-classificaction/DATASET/SECTION_SURFACE_DATASET/8aI - 8aII/surface/MASKS/8aII_2951SE_mask.png,4,8aI - 8aII,surface,8aII_2951SE,8aI - 8aII/surface/8aII_2951SE.jpg,4,4,0.01826925,0.0044602975,0.064242266,0.016607847,0.8964204,0
/home/ikk/renal-calculi-classificaction/DATASET/SECTION_SURFACE_DATASET/8aI - 8aII/surface/8aI_2044SE_1.jpg,/home/ikk/renal-calculi-classificaction/DATASET/SECTION_SURFACE_DATASET/8aI - 8aII/surface/MASKS/8aI_2044SE_1_mask.png,4,8aI - 8aII,surface,8aI_2044SE,8aI - 8aII/surface/8aI_2044SE_1.jpg,4,4,0.28641048,0.06392387,0.07759373,0.1971536,0.37491834,0
/home/ikk/renal-calculi-classificaction/DATASET/SECTION_SURFACE_DATASET/8aI - 8aII/surface/8aII_2826SE.jpg,/home/ikk/renal-calculi-classificaction/DATASET/SECTION_SURFACE_DATASET/8aI - 8aII/surface/MASKS/8aII_2826SE_mask.png,4,8aI - 8aII,surface,8aII_2826SE,8aI - 8aII/surface/8aII_2826SE.jpg,4,4,0.06561615,0.049884494,0.044540785,0.008368552,0.83159006,0
/home/ikk/renal-calculi-classificaction/DATASET/SECTION_SURFACE_DATASET/8aI - 8aII/section/8aII_2106SE.jpg,/home/ikk/renal-calculi-classificaction/DATASET/SECTION_SURFACE_DATASET/8aI - 8aII/section/MASKS/8aII_2106SE_mask.png,4,8aI - 8aII,section,8aII_2106SE,8aI - 8aII/section/8aII_2106SE.jpg,4,4,0.042589467,0.048219956,0.12870665,0.06836441,0.7121196,0
/home/ikk/renal-calculi-classificaction/DATASET/SECTION_SURFACE_DATASET/8aI - 8aII/section/8aI_2044SE_2.jpg,/home/ikk/renal-calculi-classificaction/DATASET/SECTION_SURFACE_DATASET/8aI - 8aII/section/MASKS/8aI_2044SE_2_mask.png,4,8aI - 8aII,section,8aI_2044SE,8aI - 8aII/section/8aI_2044SE_2.jpg,4,4,0.2867244,0.011590643,0.009444818,0.015222607,0.6770176,0
/home/ikk/renal-calculi-classificaction/DATASET/SECTION_SURFACE_DATASET/8aI - 8aII/section/8aII_2515SE.png,/home/ikk/renal-calculi-classificaction/DATASET/SECTION_SURFACE_DATASET/8aI - 8aII/section/MASKS/8aII_2515SE_mask.png,4,8aI - 8aII,section,8aII_2515SE,8aI - 8aII/section/8aII_2515SE.png,4,4,0.110602506,0.005690107,0.0071141473,0.016373066,0.86022025,0
/home/ikk/renal-calculi-classificaction/DATASET/SECTION_SURFACE_DATASET/8aI - 8aII/section/8aII_3102SE.png,/home/ikk/renal-calculi-classificaction/DATASET/SECTION_SURFACE_DATASET/8aI - 8aII/section/MASKS/8aII_3102SE_mask.png,4,8aI - 8aII,section,8aII_3102SE,8aI - 8aII/section/8aII_3102SE.png,4,4,0.03010223,0.00119435,0.004955682,0.0028897428,0.96085805,0
/home/ikk/renal-calculi-classificaction/DATASET/SECTION_SURFACE_DATASET/3aII/surface/3aII_2047SE.jpg,/home/ikk/renal-calculi-classificaction/DATASET/SECTION_SURFACE_DATASET/3aII/surface/MASKS/3aII_2047SE_mask.png,1,3aII,surface,3aII_2047SE,3aII/surface/3aII_2047SE.jpg,2,1,0.16425546,0.28637213,0.45287767,0.04718928,0.049305495,0
/home/ikk/renal-calculi-classificaction/DATASET/SECTION_SURFACE_DATASET/3aII/surface/3aII_3381SE.jpg,/home/ikk/renal-calculi-classificaction/DATASET/SECTION_SURFACE_DATASET/3aII/surface/MASKS/3aII_3381SE_mask.png,1,3aII,surface,3aII_3381SE,3aII/surface/3aII_3381SE.jpg,1,1,0.014201518,0.80622953,0.11916709,0.01619118,0.04421069,0
/home/ikk/renal-calculi-classificaction/DATASET/SECTION_SURFACE_DATASET/3aII/surface/3aII_2682SE.png,/home/ikk/renal-calculi-classificaction/DATASET/SECTION_SURFACE_DATASET/3aII/surface/MASKS/3aII_2682SE_mask.png,1,3aII,surface,3aII_2682SE,3aII/surface/3aII_2682SE.png,1,1,0.0876322,0.4962075,0.13476045,0.011027495,0.27037233,0
/home/ikk/renal-calculi-classificaction/DATASET/SECTION_SURFACE_DATASET/3bII/surface/3bII_2024SE.jpg,/home/ikk/renal-calculi-classificaction/DATASET/SECTION_SURFACE_DATASET/3bII/surface/MASKS/3bII_2024SE_mask.png,2,3bII,surface,3bII_2024SE,3bII/surface/3bII_2024SE.jpg,1,2,0.030864632,0.5661035,0.27471516,0.078344315,0.049972422,0
/home/ikk/renal-calculi-classificaction/DATASET/SECTION_SURFACE_DATASET/3bII/surface/3bII_1863SE.jpg,/home/ikk/renal-calculi-classificaction/DATASET/SECTION_SURFACE_DATASET/3bII/surface/MASKS/3bII_1863SE_mask.png,2,3bII,surface,3bII_1863SE,3bII/surface/3bII_1863SE.jpg,0,2,0.51858944,0.1544544,0.30026594,0.0068373615,0.019852916,0
/home/ikk/renal-calculi-classificaction/DATASET/SECTION_SURFACE_DATASET/3bII/surface/3bII_2434SE.png,/home/ikk/renal-calculi-classificaction/DATASET/SECTION_SURFACE_DATASET/3bII/surface/MASKS/3bII_2434SE_mask.png,2,3bII,surface,3bII_2434SE,3bII/surface/3bII_2434SE.png,0,2,0.41413182,0.30727538,0.21346423,0.029530536,0.035597976,0
/home/ikk/renal-calculi-classificaction/DATASET/SECTION_SURFACE_DATASET/3bII/surface/3bII_3007SE.jpg,/home/ikk/renal-calculi-classificaction/DATASET/SECTION_SURFACE_DATASET/3bII/surface/MASKS/3bII_3007SE_mask.png,2,3bII,surface,3bII_3007SE,3bII/surface/3bII_3007SE.jpg,2,2,0.04826805,0.2579479,0.59640104,0.07578572,0.02159738,0
/home/ikk/renal-calculi-classificaction/DATASET/SECTION_SURFACE_DATASET/3bII/surface/3bII_2258SE.png,/home/ikk/renal-calculi-classificaction/DATASET/SECTION_SURFACE_DATASET/3bII/surface/MASKS/3bII_2258SE_mask.png,2,3bII,surface,3bII_2258SE,3bII/surface/3bII_2258SE.png,2,2,0.07762256,0.0872485,0.6617204,0.14486921,0.028539356,0
/home/ikk/renal-calculi-classificaction/DATASET/SECTION_SURFACE_DATASET/3bII/surface/3bII_2699SE.jpg,/home/ikk/renal-calculi-classificaction/DATASET/SECTION_SURFACE_DATASET/3bII/surface/MASKS/3bII_2699SE_mask.png,2,3bII,surface,3bII_2699SE,3bII/surface/3bII_2699SE.jpg,1,2,0.27245864,0.48613265,0.11387128,0.06912758,0.058409847,0
/home/ikk/renal-calculi-classificaction/DATASET/SECTION_SURFACE_DATASET/3bII/surface/3bII_2251SE.png,/home/ikk/renal-calculi-classificaction/DATASET/SECTION_SURFACE_DATASET/3bII/surface/MASKS/3bII_2251SE_mask.png,2,3bII,surface,3bII_2251SE,3bII/surface/3bII_2251SE.png,2,2,0.042053632,0.071584195,0.86217463,0.019503731,0.0046839067,0
/home/ikk/renal-calculi-classificaction/DATASET/SECTION_SURFACE_DATASET/3bII/surface/3bII_1985SE_1.jpg,/home/ikk/renal-calculi-classificaction/DATASET/SECTION_SURFACE_DATASET/3bII/surface/MASKS/3bII_1985SE_1_mask.png,2,3bII,surface,3bII_1985SE,3bII/surface/3bII_1985SE_1.jpg,2,2,0.25542462,0.23865624,0.43282717,0.040082358,0.03300963,0
/home/ikk/renal-calculi-classificaction/DATASET/SECTION_SURFACE_DATASET/3bII/section/3bII_3069SE.png,/home/ikk/renal-calculi-classificaction/DATASET/SECTION_SURFACE_DATASET/3bII/section/MASKS/3bII_3069SE_mask.png,2,3bII,section,3bII_3069SE,3bII/section/3bII_3069SE.png,2,2,0.2025698,0.1748068,0.39499113,0.020594861,0.20703745,0
/home/ikk/renal-calculi-classificaction/DATASET/SECTION_SURFACE_DATASET/3bII/section/3bII_1985SE_2.jpg,/home/ikk/renal-calculi-classificaction/DATASET/SECTION_SURFACE_DATASET/3bII/section/MASKS/3bII_1985SE_2_mask.png,2,3bII,section,3bII_1985SE,3bII/section/3bII_1985SE_2.jpg,2,2,0.15920162,0.13743062,0.4641851,0.2074196,0.03176305,0
/home/ikk/renal-calculi-classificaction/DATASET/SECTION_SURFACE_DATASET/3bII/section/3bII_MO_1868SE.jpg,/home/ikk/renal-calculi-classificaction/DATASET/SECTION_SURFACE_DATASET/3bII/section/MASKS/3bII_MO_1868SE_mask.png,2,3bII,section,3bII_MO_1868SE,3bII/section/3bII_MO_1868SE.jpg,1,2,0.017676255,0.5953891,0.21992837,0.016902898,0.1501033,0
/home/ikk/renal-calculi-classificaction/DATASET/SECTION_SURFACE_DATASET/3bII/section/3bII_1804SE.jpg,/home/ikk/renal-calculi-classificaction/DATASET/SECTION_SURFACE_DATASET/3bII/section/MASKS/3bII_1804SE_mask.png,2,3bII,section,3bII_1804SE,3bII/section/3bII_1804SE.jpg,2,2,0.27938008,0.075717725,0.37700492,0.083262205,0.18463516,0
/home/ikk/renal-calculi-classificaction/DATASET/SECTION_SURFACE_DATASET/3bII/section/3bII_1941SE.jpg,/home/ikk/renal-calculi-classificaction/DATASET/SECTION_SURFACE_DATASET/3bII/section/MASKS/3bII_1941SE_mask.png,2,3bII,section,3bII_1941SE,3bII/section/3bII_1941SE.jpg,2,2,0.02690173,0.011686445,0.8888934,0.05903966,0.013478777,0
/home/ikk/renal-calculi-classificaction/DATASET/SECTION_SURFACE_DATASET/3bII/section/3bII_2759SE.jpg,/home/ikk/renal-calculi-classificaction/DATASET/SECTION_SURFACE_DATASET/3bII/section/MASKS/3bII_2759SE_mask.png,2,3bII,section,3bII_2759SE,3bII/section/3bII_2759SE.jpg,2,2,0.03852687,0.12795776,0.69291943,0.11284799,0.027747944,0
/home/ikk/renal-calculi-classificaction/DATASET/SECTION_SURFACE_DATASET/2a/surface/2a_1796SE_2.jpg,/home/ikk/renal-calculi-classificaction/DATASET/SECTION_SURFACE_DATASET/2a/surface/MASKS/2a_1796SE_2_mask.png,0,2a,surface,2a_1796SE,2a/surface/2a_1796SE_2.jpg,0,0,0.61244583,0.028553091,0.2739375,0.019768542,0.06529508,0
/home/ikk/renal-calculi-classificaction/DATASET/SECTION_SURFACE_DATASET/2a/surface/2a_2156SE.jpg,/home/ikk/renal-calculi-classificaction/DATASET/SECTION_SURFACE_DATASET/2a/surface/MASKS/2a_2156SE_mask.png,0,2a,surface,2a_2156SE,2a/surface/2a_2156SE.jpg,0,0,0.7104942,0.018161222,0.09285182,0.07518531,0.103307396,0
/home/ikk/renal-calculi-classificaction/DATASET/SECTION_SURFACE_DATASET/2a/surface/2a_1782SE_surface.jpg,/home/ikk/renal-calculi-classificaction/DATASET/SECTION_SURFACE_DATASET/2a/surface/MASKS/2a_1782SE_surface_mask.png,0,2a,surface,2a_1782SE,2a/surface/2a_1782SE_surface.jpg,2,0,0.25459424,0.17601421,0.4039236,0.026196305,0.1392716,0
/home/ikk/renal-calculi-classificaction/DATASET/SECTION_SURFACE_DATASET/2a/surface/2a_1939SE.jpg,/home/ikk/renal-calculi-classificaction/DATASET/SECTION_SURFACE_DATASET/2a/surface/MASKS/2a_1939SE_mask.png,0,2a,surface,2a_1939SE,2a/surface/2a_1939SE.jpg,0,0,0.77613616,0.0045677805,0.062042862,0.14841592,0.008837182,0
/home/ikk/renal-calculi-classificaction/DATASET/SECTION_SURFACE_DATASET/2a/surface/2a_3387SE.jpg,/home/ikk/renal-calculi-classificaction/DATASET/SECTION_SURFACE_DATASET/2a/surface/MASKS/2a_3387SE_mask.png,0,2a,surface,2a_3387SE,2a/surface/2a_3387SE.jpg,0,0,0.5019769,0.048924107,0.13260669,0.24288271,0.07360956,0
/home/ikk/renal-calculi-classificaction/DATASET/SECTION_SURFACE_DATASET/2a/surface/2a_1796SE.jpg,/home/ikk/renal-calculi-classificaction/DATASET/SECTION_SURFACE_DATASET/2a/surface/MASKS/2a_1796SE_mask.png,0,2a,surface,2a_1796SE,2a/surface/2a_1796SE.jpg,0,0,0.4892492,0.12997866,0.04660007,0.017093891,0.3170782,0
/home/ikk/renal-calculi-classificaction/DATASET/SECTION_SURFACE_DATASET/2a/section/2a_2883SE.jpg,/home/ikk/renal-calculi-classificaction/DATASET/SECTION_SURFACE_DATASET/2a/section/MASKS/2a_2883SE_mask.png,0,2a,section,2a_2883SE,2a/section/2a_2883SE.jpg,0,0,0.43151373,0.033054058,0.294793,0.021463316,0.21917586,0
/home/ikk/renal-calculi-classificaction/DATASET/SECTION_SURFACE_DATASET/2a/section/2a_1782SE_section.jpg,/home/ikk/renal-calculi-classificaction/DATASET/SECTION_SURFACE_DATASET/2a/section/MASKS/2a_1782SE_section_mask.png,0,2a,section,2a_1782SE,2a/section/2a_1782SE_section.jpg,0,0,0.5268764,0.079236686,0.3156098,0.014864374,0.0634128,0
/home/ikk/renal-calculi-classificaction/DATASET/SECTION_SURFACE_DATASET/2a/section/2a_2149SE_1.jpg,/home/ikk/renal-calculi-classificaction/DATASET/SECTION_SURFACE_DATASET/2a/section/MASKS/2a_2149SE_1_mask.png,0,2a,section,2a_2149SE,2a/section/2a_2149SE_1.jpg,0,0,0.92428887,0.01568142,0.027126743,0.017119464,0.015783573,0
/home/ikk/renal-calculi-classificaction/DATASET/SECTION_SURFACE_DATASET/2a/section/2a_1939SE_3.jpg,/home/ikk/renal-calculi-classificaction/DATASET/SECTION_SURFACE_DATASET/2a/section/MASKS/2a_1939SE_3_mask.png,0,2a,section,2a_1939SE,2a/section/2a_1939SE_3.jpg,0,0,0.34243903,0.032204736,0.32390916,0.12740798,0.17403919,0
/home/ikk/renal-calculi-classificaction/DATASET/SECTION_SURFACE_DATASET/2a/section/2a_1910SE.jpg,/home/ikk/renal-calculi-classificaction/DATASET/SECTION_SURFACE_DATASET/2a/section/MASKS/2a_1910SE_mask.png,0,2a,section,2a_1910SE,2a/section/2a_1910SE.jpg,3,0,0.28836036,0.015574088,0.3152465,0.35904706,0.021772034,0
/home/ikk/renal-calculi-classificaction/DATASET/SECTION_SURFACE_DATASET/2a/section/2a_1960SE.jpg,/home/ikk/renal-calculi-classificaction/DATASET/SECTION_SURFACE_DATASET/2a/section/MASKS/2a_1960SE_mask.png,0,2a,section,2a_1960SE,2a/section/2a_1960SE.jpg,0,0,0.46955228,0.016689006,0.39775807,0.07627705,0.039723612,0
/home/ikk/renal-calculi-classificaction/DATASET/SECTION_SURFACE_DATASET/2a/section/2a_2218SE.jpg,/home/ikk/renal-calculi-classificaction/DATASET/SECTION_SURFACE_DATASET/2a/section/MASKS/2a_2218SE_mask.png,0,2a,section,2a_2218SE,2a/section/2a_2218SE.jpg,2,0,0.3839296,0.06540059,0.5107036,0.025786685,0.014179482,0
/home/ikk/renal-calculi-classificaction/DATASET/SECTION_SURFACE_DATASET/2a/section/2a_3345SE.jpg,/home/ikk/renal-calculi-classificaction/DATASET/SECTION_SURFACE_DATASET/2a/section/MASKS/2a_3345SE_mask.png,0,2a,section,2a_3345SE,2a/section/2a_3345SE.jpg,2,0,0.22721697,0.06352613,0.3895007,0.057654742,0.2621015,0
/home/ikk/renal-calculi-classificaction/DATASET/SECTION_SURFACE_DATASET/2a/section/2a_2149SE_2.jpg,/home/ikk/renal-calculi-classificaction/DATASET/SECTION_SURFACE_DATASET/2a/section/MASKS/2a_2149SE_2_mask.png,0,2a,section,2a_2149SE,2a/section/2a_2149SE_2.jpg,0,0,0.9054392,0.019411674,0.026297227,0.017458275,0.031393632,0
/home/ikk/renal-calculi-classificaction/DATASET/SECTION_SURFACE_DATASET/2a/section/2a_2708SE.jpg,/home/ikk/renal-calculi-classificaction/DATASET/SECTION_SURFACE_DATASET/2a/section/MASKS/2a_2708SE_mask.png,0,2a,section,2a_2708SE,2a/section/2a_2708SE.jpg,2,0,0.028893124,0.092643626,0.8209552,0.028887702,0.028620351,0
/home/ikk/renal-calculi-classificaction/DATASET/SECTION_SURFACE_DATASET/2a/section/2a_2060SE.jpg,/home/ikk/renal-calculi-classificaction/DATASET/SECTION_SURFACE_DATASET/2a/section/MASKS/2a_2060SE_mask.png,0,2a,section,2a_2060SE,2a/section/2a_2060SE.jpg,2,0,0.11141162,0.025330523,0.8380022,0.005476159,0.019779531,0
/home/ikk/renal-calculi-classificaction/DATASET/SECTION_SURFACE_DATASET/2a/section/2a_2790SE.jpg,/home/ikk/renal-calculi-classificaction/DATASET/SECTION_SURFACE_DATASET/2a/section/MASKS/2a_2790SE_mask.png,0,2a,section,2a_2790SE,2a/section/2a_2790SE.jpg,2,0,0.17350931,0.030560581,0.72722375,0.03908397,0.02962239,0
/home/ikk/renal-calculi-classificaction/DATASET/SECTION_SURFACE_DATASET/2a/section/2a_1980SE.jpg,/home/ikk/renal-calculi-classificaction/DATASET/SECTION_SURFACE_DATASET/2a/section/MASKS/2a_1980SE_mask.png,0,2a,section,2a_1980SE,2a/section/2a_1980SE.jpg,4,0,0.3226299,0.03693706,0.15126443,0.13771914,0.35144946,0
/home/ikk/renal-calculi-classificaction/DATASET/SECTION_SURFACE_DATASET/2a/section/2a_3382SE.jpg,/home/ikk/renal-calculi-classificaction/DATASET/SECTION_SURFACE_DATASET/2a/section/MASKS/2a_3382SE_mask.png,0,2a,section,2a_3382SE,2a/section/2a_3382SE.jpg,2,0,0.14191143,0.22987916,0.3846797,0.06610648,0.17742324,0
/home/ikk/renal-calculi-classificaction/DATASET/SECTION_SURFACE_DATASET/2a/section/2a_1939SE_2.jpg,/home/ikk/renal-calculi-classificaction/DATASET/SECTION_SURFACE_DATASET/2a/section/MASKS/2a_1939SE_2_mask.png,0,2a,section,2a_1939SE,2a/section/2a_1939SE_2.jpg,0,0,0.8795668,0.015876096,0.051909227,0.017202102,0.035445817,0
/home/ikk/renal-calculi-classificaction/DATASET/SECTION_SURFACE_DATASET/4II-4I/surface/4II_2731SE.jpg,/home/ikk/renal-calculi-classificaction/DATASET/SECTION_SURFACE_DATASET/4II-4I/surface/MASKS/4II_2731SE_mask.png,2,4II-4I,surface,4II_2731SE,4II-4I/surface/4II_2731SE.jpg,1,2,0.096870646,0.46350124,0.29854164,0.06499087,0.076095566,0
/home/ikk/renal-calculi-classificaction/DATASET/SECTION_SURFACE_DATASET/4II-4I/surface/4II_1906SE.jpg,/home/ikk/renal-calculi-classificaction/DATASET/SECTION_SURFACE_DATASET/4II-4I/surface/MASKS/4II_1906SE_mask.png,2,4II-4I,surface,4II_1906SE,4II-4I/surface/4II_1906SE.jpg,1,2,0.1671245,0.44637722,0.2778665,0.03415188,0.07447984,0
/home/ikk/renal-calculi-classificaction/DATASET/SECTION_SURFACE_DATASET/4II-4I/surface/4II_1906SE_2.jpg,/home/ikk/renal-calculi-classificaction/DATASET/SECTION_SURFACE_DATASET/4II-4I/surface/MASKS/4II_1906SE_2_mask.png,2,4II-4I,surface,4II_1906SE,4II-4I/surface/4II_1906SE_2.jpg,2,2,0.13752677,0.4041278,0.4282524,0.012675845,0.01741723,0
/home/ikk/renal-calculi-classificaction/DATASET/SECTION_SURFACE_DATASET/4II-4I/surface/4I_3506SE.png,/home/ikk/renal-calculi-classificaction/DATASET/SECTION_SURFACE_DATASET/4II-4I/surface/MASKS/4I_3506SE_mask.png,2,4II-4I,surface,4I_3506SE,4II-4I/surface/4I_3506SE.png,2,2,0.18090436,0.088133305,0.50404537,0.06552411,0.16139284,0
/home/ikk/renal-calculi-classificaction/DATASET/SECTION_SURFACE_DATASET/4II-4I/section/4II_1933SE.jpg,/home/ikk/renal-calculi-classificaction/DATASET/SECTION_SURFACE_DATASET/4II-4I/section/MASKS/4II_1933SE_mask.png,2,4II-4I,section,4II_1933SE,4II-4I/section/4II_1933SE.jpg,2,2,0.020783829,0.06266189,0.7228917,0.16148151,0.03218105,0
/home/ikk/renal-calculi-classificaction/DATASET/SECTION_SURFACE_DATASET/4II-4I/section/4II_9.png,/home/ikk/renal-calculi-classificaction/DATASET/SECTION_SURFACE_DATASET/4II-4I/section/MASKS/4II_9_mask.png,2,4II-4I,section,4II_9,4II-4I/section/4II_9.png,2,2,0.07492248,0.10646183,0.4726723,0.33613244,0.009810983,0
/home/ikk/renal-calculi-classificaction/DATASET/SECTION_SURFACE_DATASET/4II-4I/section/4I_2753SE.jpg,/home/ikk/renal-calculi-classificaction/DATASET/SECTION_SURFACE_DATASET/4II-4I/section/MASKS/4I_2753SE_mask.png,2,4II-4I,section,4I_2753SE,4II-4I/section/4I_2753SE.jpg,3,2,0.040834002,0.015819727,0.22713225,0.49868715,0.21752687,0
/home/ikk/renal-calculi-classificaction/DATASET/SECTION_SURFACE_DATASET/4II-4I/section/4II_3132SE.png,/home/ikk/renal-calculi-classificaction/DATASET/SECTION_SURFACE_DATASET/4II-4I/section/MASKS/4II_3132SE_mask.png,2,4II-4I,section,4II_3132SE,4II-4I/section/4II_3132SE.png,2,2,0.02255884,0.028932942,0.8338527,0.08412831,0.030527253,0
/home/ikk/renal-calculi-classificaction/DATASET/SECTION_SURFACE_DATASET/4II-4I/section/4I_COM_1898SE.jpg,/home/ikk/renal-calculi-classificaction/DATASET/SECTION_SURFACE_DATASET/4II-4I/section/MASKS/4I_COM_1898SE_mask.png,2,4II-4I,section,4I_COM_1898SE,4II-4I/section/4I_COM_1898SE.jpg,2,2,0.20485026,0.10712657,0.4829758,0.042601142,0.16244625,0
/home/ikk/renal-calculi-classificaction/DATASET/SECTION_SURFACE_DATASET/4II-4I/section/4II_1933SE_2.jpg,/home/ikk/renal-calculi-classificaction/DATASET/SECTION_SURFACE_DATASET/4II-4I/section/MASKS/4II_1933SE_2_mask.png,2,4II-4I,section,4II_1933SE,4II-4I/section/4II_1933SE_2.jpg,2,2,0.11262502,0.07203515,0.6678205,0.097205974,0.050313316,0
/home/ikk/renal-calculi-classificaction/DATASET/SECTION_SURFACE_DATASET/4II-4I/section/4II_3166SE.jpg,/home/ikk/renal-calculi-classificaction/DATASET/SECTION_SURFACE_DATASET/4II-4I/section/MASKS/4II_3166SE_mask.png,2,4II-4I,section,4II_3166SE,4II-4I/section/4II_3166SE.jpg,2,2,0.14822087,0.039845295,0.5088841,0.23825757,0.06479225,0
/home/ikk/renal-calculi-classificaction/DATASET/SECTION_SURFACE_DATASET/1aI/surface/1aI_COD_sup_1828SE.jpg,/home/ikk/renal-calculi-classificaction/DATASET/SECTION_SURFACE_DATASET/1aI/surface/MASKS/1aI_COD_sup_1828SE_mask.png,0,1aI,surface,1aI_COD_sup_1828SE,1aI/surface/1aI_COD_sup_1828SE.jpg,0,0,0.85164493,0.014200249,0.043179777,0.06486982,0.026105255,0
/home/ikk/renal-calculi-classificaction/DATASET/SECTION_SURFACE_DATASET/1aI/surface/1aI_3111SE.png,/home/ikk/renal-calculi-classificaction/DATASET/SECTION_SURFACE_DATASET/1aI/surface/MASKS/1aI_3111SE_mask.png,0,1aI,surface,1aI_3111SE,1aI/surface/1aI_3111SE.png,0,0,0.8979077,0.010259856,0.045300238,0.021290312,0.02524197,0
/home/ikk/renal-calculi-classificaction/DATASET/SECTION_SURFACE_DATASET/1aI/surface/1aI_COD_sup_2524SE.png,/home/ikk/renal-calculi-classificaction/DATASET/SECTION_SURFACE_DATASET/1aI/surface/MASKS/1aI_COD_sup_2524SE_mask.png,0,1aI,surface,1aI_COD_sup_2524SE,1aI/surface/1aI_COD_sup_2524SE.png,0,0,0.83380157,0.012572774,0.11570297,0.017462451,0.020460231,0
/home/ikk/renal-calculi-classificaction/DATASET/SECTION_SURFACE_DATASET/1aI/surface/1aI_COD_sup_1929SE.jpg,/home/ikk/renal-calculi-classificaction/DATASET/SECTION_SURFACE_DATASET/1aI/surface/MASKS/1aI_COD_sup_1929SE_mask.png,0,1aI,surface,1aI_COD_sup_1929SE,1aI/surface/1aI_COD_sup_1929SE.jpg,0,0,0.9158035,0.0057990984,0.04930753,0.02328495,0.005804869,0
/home/ikk/renal-calculi-classificaction/DATASET/SECTION_SURFACE_DATASET/1aI/surface/1aI_1992SE_2.jpg,/home/ikk/renal-calculi-classificaction/DATASET/SECTION_SURFACE_DATASET/1aI/surface/MASKS/1aI_1992SE_2_mask.png,0,1aI,surface,1aI_1992SE,1aI/surface/1aI_1992SE_2.jpg,0,0,0.91768247,0.0045447596,0.024391886,0.03440428,0.018976672,0
/home/ikk/renal-calculi-classificaction/DATASET/SECTION_SURFACE_DATASET/1aI/surface/1aI_1794SE.jpg,/home/ikk/renal-calculi-classificaction/DATASET/SECTION_SURFACE_DATASET/1aI/surface/MASKS/1aI_1794SE_mask.png,0,1aI,surface,1aI_1794SE,1aI/surface/1aI_1794SE.jpg,4,0,0.31666514,0.023031801,0.07012882,0.18545051,0.4047237,0
/home/ikk/renal-calculi-classificaction/DATASET/SECTION_SURFACE_DATASET/1aI/surface/1aI_2411SE_1.png,/home/ikk/renal-calculi-classificaction/DATASET/SECTION_SURFACE_DATASET/1aI/surface/MASKS/1aI_2411SE_1_mask.png,0,1aI,surface,1aI_2411SE,1aI/surface/1aI_2411SE_1.png,0,0,0.40774998,0.30383196,0.1199763,0.086577274,0.08186453,0
/home/ikk/renal-calculi-classificaction/DATASET/SECTION_SURFACE_DATASET/1aI/surface/1aI_1992SE_1.jpg,/home/ikk/renal-calculi-classificaction/DATASET/SECTION_SURFACE_DATASET/1aI/surface/MASKS/1aI_1992SE_1_mask.png,0,1aI,surface,1aI_1992SE,1aI/surface/1aI_1992SE_1.jpg,0,0,0.6062925,0.17388375,0.14199042,0.028388662,0.04944462,0
/home/ikk/renal-calculi-classificaction/DATASET/SECTION_SURFACE_DATASET/1aI/section/1aI_2014SE.jpg,/home/ikk/renal-calculi-classificaction/DATASET/SECTION_SURFACE_DATASET/1aI/section/MASKS/1aI_2014SE_mask.png,0,1aI,section,1aI_2014SE,1aI/section/1aI_2014SE.jpg,0,0,0.62785524,0.08299836,0.14707857,0.033329226,0.10873864,0
/home/ikk/renal-calculi-classificaction/DATASET/SECTION_SURFACE_DATASET/1aI/section/1aI_2408SE_1.png,/home/ikk/renal-calculi-classificaction/DATASET/SECTION_SURFACE_DATASET/1aI/section/MASKS/1aI_2408SE_1_mask.png,0,1aI,section,1aI_2408SE,1aI/section/1aI_2408SE_1.png,4,0,0.34476343,0.05825547,0.10590744,0.030243078,0.4608306,0
/home/ikk/renal-calculi-classificaction/DATASET/SECTION_SURFACE_DATASET/1aI/section/1aI_2411SE_2.png,/home/ikk/renal-calculi-classificaction/DATASET/SECTION_SURFACE_DATASET/1aI/section/MASKS/1aI_2411SE_2_mask.png,0,1aI,section,1aI_2411SE,1aI/section/1aI_2411SE_2.png,0,0,0.41287416,0.078718044,0.26807812,0.10003753,0.14029214,0
/home/ikk/renal-calculi-classificaction/DATASET/SECTION_SURFACE_DATASET/1aI/section/1aI_2408SE_2.png,/home/ikk/renal-calculi-classificaction/DATASET/SECTION_SURFACE_DATASET/1aI/section/MASKS/1aI_2408SE_2_mask.png,0,1aI,section,1aI_2408SE,1aI/section/1aI_2408SE_2.png,0,0,0.8390564,0.04422011,0.057640966,0.022711676,0.03637087,0
/home/ikk/renal-calculi-classificaction/DATASET/SECTION_SURFACE_DATASET/6/surface/6_3002SE.jpg,/home/ikk/renal-calculi-classificaction/DATASET/SECTION_SURFACE_DATASET/6/surface/MASKS/6_3002SE_mask.png,3,6,surface,6_3002SE,6/surface/6_3002SE.jpg,3,3,0.052780513,0.00898064,0.15244344,0.7767421,0.009053278,1
/home/ikk/renal-calculi-classificaction/DATASET/SECTION_SURFACE_DATASET/6/surface/6_2023SE_3.jpg,/home/ikk/renal-calculi-classificaction/DATASET/SECTION_SURFACE_DATASET/6/surface/MASKS/6_2023SE_3_mask.png,3,6,surface,6_2023SE,6/surface/6_2023SE_3.jpg,3,3,0.017984217,0.006459102,0.06296567,0.9089396,0.0036513929,1
/home/ikk/renal-calculi-classificaction/DATASET/SECTION_SURFACE_DATASET/6/surface/6_2430SE.png,/home/ikk/renal-calculi-classificaction/DATASET/SECTION_SURFACE_DATASET/6/surface/MASKS/6_2430SE_mask.png,3,6,surface,6_2430SE,6/surface/6_2430SE.png,3,3,0.049091004,0.05609741,0.3040037,0.50398076,0.08682716,1
/home/ikk/renal-calculi-classificaction/DATASET/SECTION_SURFACE_DATASET/6/section/6_3001SE.jpg,/home/ikk/renal-calculi-classificaction/DATASET/SECTION_SURFACE_DATASET/6/section/MASKS/6_3001SE_mask.png,3,6,section,6_3001SE,6/section/6_3001SE.jpg,2,3,0.30377215,0.114710234,0.34308904,0.11173564,0.1266929,1
/home/ikk/renal-calculi-classificaction/DATASET/SECTION_SURFACE_DATASET/6/section/6_3265SE.jpg,/home/ikk/renal-calculi-classificaction/DATASET/SECTION_SURFACE_DATASET/6/section/MASKS/6_3265SE_mask.png,3,6,section,6_3265SE,6/section/6_3265SE.jpg,3,3,0.04560961,0.01178993,0.19010173,0.70180213,0.05069663,1
/home/ikk/renal-calculi-classificaction/DATASET/SECTION_SURFACE_DATASET/6/section/6_2023SE_1.jpg,/home/ikk/renal-calculi-classificaction/DATASET/SECTION_SURFACE_DATASET/6/section/MASKS/6_2023SE_1_mask.png,3,6,section,6_2023SE,6/section/6_2023SE_1.jpg,3,3,0.1407467,0.011038301,0.082179226,0.42915154,0.33688417,1
/home/ikk/renal-calculi-classificaction/DATASET/SECTION_SURFACE_DATASET/6/section/6_2023SE_2.jpg,/home/ikk/renal-calculi-classificaction/DATASET/SECTION_SURFACE_DATASET/6/section/MASKS/6_2023SE_2_mask.png,3,6,section,6_2023SE,6/section/6_2023SE_2.jpg,3,3,0.36158612,0.025479844,0.16547626,0.3754222,0.07203557,1
/home/ikk/renal-calculi-classificaction/DATASET/SECTION_SURFACE_DATASET/6/section/6_2548SE.png,/home/ikk/renal-calculi-classificaction/DATASET/SECTION_SURFACE_DATASET/6/section/MASKS/6_2548SE_mask.png,3,6,section,6_2548SE,6/section/6_2548SE.png,3,3,0.011360468,0.004376742,0.057398196,0.91720504,0.009659552,1
/home/ikk/renal-calculi-classificaction/DATASET/SECTION_SURFACE_DATASET/6/section/6_1860SE.jpg,/home/ikk/renal-calculi-classificaction/DATASET/SECTION_SURFACE_DATASET/6/section/MASKS/6_1860SE_mask.png,3,6,section,6_1860SE,6/section/6_1860SE.jpg,4,3,0.15177807,0.06773708,0.25331813,0.22997868,0.29718807,1
/home/ikk/renal-calculi-classificaction/DATASET/SECTION_SURFACE_DATASET/8aI - 8aII/surface/8aII_2041SE.jpg,/home/ikk/renal-calculi-classificaction/DATASET/SECTION_SURFACE_DATASET/8aI - 8aII/surface/MASKS/8aII_2041SE_mask.png,4,8aI - 8aII,surface,8aII_2041SE,8aI - 8aII/surface/8aII_2041SE.jpg,1,4,0.100221835,0.65841943,0.1082396,0.0066702045,0.12644893,1
/home/ikk/renal-calculi-classificaction/DATASET/SECTION_SURFACE_DATASET/8aI - 8aII/surface/8aII_1866SE.jpg,/home/ikk/renal-calculi-classificaction/DATASET/SECTION_SURFACE_DATASET/8aI - 8aII/surface/MASKS/8aII_1866SE_mask.png,4,8aI - 8aII,surface,8aII_1866SE,8aI - 8aII/surface/8aII_1866SE.jpg,4,4,0.09164327,0.22189078,0.083690986,0.03476842,0.5680065,1
/home/ikk/renal-calculi-classificaction/DATASET/SECTION_SURFACE_DATASET/8aI - 8aII/section/8aII_and_COM_minim_1977SE_2.jpg,/home/ikk/renal-calculi-classificaction/DATASET/SECTION_SURFACE_DATASET/8aI - 8aII/section/MASKS/8aII_and_COM_minim_1977SE_2_mask.png,4,8aI - 8aII,section,8aII_and_COM_minim_1977SE,8aI - 8aII/section/8aII_and_COM_minim_1977SE_2.jpg,4,4,0.38555056,0.061363555,0.07912471,0.07090435,0.40305686,1
/home/ikk/renal-calculi-classificaction/DATASET/SECTION_SURFACE_DATASET/8aI - 8aII/section/8aI_1871SE_2.jpg,/home/ikk/renal-calculi-classificaction/DATASET/SECTION_SURFACE_DATASET/8aI - 8aII/section/MASKS/8aI_1871SE_2_mask.png,4,8aI - 8aII,section,8aI_1871SE,8aI - 8aII/section/8aI_1871SE_2.jpg,4,4,0.30995923,0.018350901,0.009874435,0.014195179,0.6476202,1
/home/ikk/renal-calculi-classificaction/DATASET/SECTION_SURFACE_DATASET/8aI - 8aII/section/8aII_2796SE.jpg,/home/ikk/renal-calculi-classificaction/DATASET/SECTION_SURFACE_DATASET/8aI - 8aII/section/MASKS/8aII_2796SE_mask.png,4,8aI - 8aII,section,8aII_2796SE,8aI - 8aII/section/8aII_2796SE.jpg,4,4,0.058733985,0.002758573,0.023624748,0.029259333,0.8856234,1
/home/ikk/renal-calculi-classificaction/DATASET/SECTION_SURFACE_DATASET/8aI - 8aII/section/8aII_and_COM_minim_1977SE_1.jpg,/home/ikk/renal-calculi-classificaction/DATASET/SECTION_SURFACE_DATASET/8aI - 8aII/section/MASKS/8aII_and_COM_minim_1977SE_1_mask.png,4,8aI - 8aII,section,8aII_and_COM_minim_1977SE,8aI - 8aII/section/8aII_and_COM_minim_1977SE_1.jpg,4,4,0.22603497,0.039881058,0.032328602,0.02190338,0.67985207,1
/home/ikk/renal-calculi-classificaction/DATASET/SECTION_SURFACE_DATASET/3aII/surface/3aII_1912SE_2.jpg,/home/ikk/renal-calculi-classificaction/DATASET/SECTION_SURFACE_DATASET/3aII/surface/MASKS/3aII_1912SE_2_mask.png,1,3aII,surface,3aII_1912SE,3aII/surface/3aII_1912SE_2.jpg,1,1,0.013465975,0.8211584,0.14472708,0.0064436835,0.014204821,1
/home/ikk/renal-calculi-classificaction/DATASET/SECTION_SURFACE_DATASET/3aII/surface/3aII_1913SE.jpg,/home/ikk/renal-calculi-classificaction/DATASET/SECTION_SURFACE_DATASET/3aII/surface/MASKS/3aII_1913SE_mask.png,1,3aII,surface,3aII_1913SE,3aII/surface/3aII_1913SE.jpg,2,1,0.20841531,0.105890505,0.6146615,0.055716645,0.015315924,1
/home/ikk/renal-calculi-classificaction/DATASET/SECTION_SURFACE_DATASET/3aII/surface/3aII_1912SE.jpg,/home/ikk/renal-calculi-classificaction/DATASET/SECTION_SURFACE_DATASET/3aII/surface/MASKS/3aII_1912SE_mask.png,1,3aII,surface,3aII_1912SE,3aII/surface/3aII_1912SE.jpg,1,1,0.016471477,0.8111575,0.14671496,0.0063528367,0.019303204,1
/home/ikk/renal-calculi-classificaction/DATASET/SECTION_SURFACE_DATASET/3aII/surface/3aII_2107SE.jpg,/home/ikk/renal-calculi-classificaction/DATASET/SECTION_SURFACE_DATASET/3aII/surface/MASKS/3aII_2107SE_mask.png,1,3aII,surface,3aII_2107SE,3aII/surface/3aII_2107SE.jpg,1,1,0.23313914,0.44371614,0.2397809,0.037111156,0.046252675,1
/home/ikk/renal-calculi-classificaction/DATASET/SECTION_SURFACE_DATASET/3aII/surface/3aII_2354SE.png,/home/ikk/renal-calculi-classificaction/DATASET/SECTION_SURFACE_DATASET/3aII/surface/MASKS/3aII_2354SE_mask.png,1,3aII,surface,3aII_2354SE,3aII/surface/3aII_2354SE.png,0,1,0.40403214,0.22047123,0.16896969,0.013919586,0.19260737,1
/home/ikk/renal-calculi-classificaction/DATASET/SECTION_SURFACE_DATASET/3aII/surface/3aII_3114SE.png,/home/ikk/renal-calculi-classificaction/DATASET/SECTION_SURFACE_DATASET/3aII/surface/MASKS/3aII_3114SE_mask.png,1,3aII,surface,3aII_3114SE,3aII/surface/3aII_3114SE.png,2,1,0.047568437,0.14785647,0.5036262,0.211957,0.08899194,1
/home/ikk/renal-calculi-classificaction/DATASET/SECTION_SURFACE_DATASET/3bII/surface/3bII_2102SE.jpg,/home/ikk/renal-calculi-classificaction/DATASET/SECTION_SURFACE_DATASET/3bII/surface/MASKS/3bII_2102SE_mask.png,2,3bII,surface,3bII_2102SE,3bII/surface/3bII_2102SE.jpg,2,2,0.29539537,0.031047903,0.51907355,0.12636465,0.028118528,1
/home/ikk/renal-calculi-classificaction/DATASET/SECTION_SURFACE_DATASET/3bII/surface/3bII_1819SE.jpg,/home/ikk/renal-calculi-classificaction/DATASET/SECTION_SURFACE_DATASET/3bII/surface/MASKS/3bII_1819SE_mask.png,2,3bII,surface,3bII_1819SE,3bII/surface/3bII_1819SE.jpg,1,2,0.12035664,0.64565647,0.12149141,0.01700414,0.095491305,1
/home/ikk/renal-calculi-classificaction/DATASET/SECTION_SURFACE_DATASET/3bII/surface/3bII_2584SE.png,/home/ikk/renal-calculi-classificaction/DATASET/SECTION_SURFACE_DATASET/3bII/surface/MASKS/3bII_2584SE_mask.png,2,3bII,surface,3bII_2584SE,3bII/surface/3bII_2584SE.png,2,2,0.059422188,0.18231113,0.68703836,0.054380238,0.016848026,1
/home/ikk/renal-calculi-classificaction/DATASET/SECTION_SURFACE_DATASET/3bII/surface/3bII_3047SE_surface.png,/home/ikk/renal-calculi-classificaction/DATASET/SECTION_SURFACE_DATASET/3bII/surface/MASKS/3bII_3047SE_surface_mask.png,2,3bII,surface,3bII_3047SE,3bII/surface/3bII_3047SE_surface.png,1,2,0.22234036,0.50184464,0.048088413,0.0060934047,0.22163314,1
/home/ikk/renal-calculi-classificaction/DATASET/SECTION_SURFACE_DATASET/3bII/section/3bII_1818SE_2.jpg,/home/ikk/renal-calculi-classificaction/DATASET/SECTION_SURFACE_DATASET/3bII/section/MASKS/3bII_1818SE_2_mask.png,2,3bII,section,3bII_1818SE,3bII/section/3bII_1818SE_2.jpg,0,2,0.8645904,0.028092755,0.050294656,0.0019685926,0.055053703,1
/home/ikk/renal-calculi-classificaction/DATASET/SECTION_SURFACE_DATASET/3bII/section/3bII_3471SE.png,/home/ikk/renal-calculi-classificaction/DATASET/SECTION_SURFACE_DATASET/3bII/section/MASKS/3bII_3471SE_mask.png,2,3bII,section,3bII_3471SE,3bII/section/3bII_3471SE.png,2,2,0.05682003,0.13087614,0.75022745,0.026451737,0.035624653,1
/home/ikk/renal-calculi-classificaction/DATASET/SECTION_SURFACE_DATASET/3bII/section/3bII_2850SE.jpg,/home/ikk/renal-calculi-classificaction/DATASET/SECTION_SURFACE_DATASET/3bII/section/MASKS/3bII_2850SE_mask.png,2,3bII,section,3bII_2850SE,3bII/section/3bII_2850SE.jpg,1,2,0.111990616,0.60219,0.17436454,0.013802893,0.09765194,1
/home/ikk/renal-calculi-classificaction/DATASET/SECTION_SURFACE_DATASET/3bII/section/3bII_3047SE_section.png,/home/ikk/renal-calculi-classificaction/DATASET/SECTION_SURFACE_DATASET/3bII/section/MASKS/3bII_3047SE_section_mask.png,2,3bII,section,3bII_3047SE,3bII/section/3bII_3047SE_section.png,0,2,0.5450054,0.047049996,0.20558043,0.07761393,0.12475031,1
/home/ikk/renal-calculi-classificaction/DATASET/SECTION_SURFACE_DATASET/3bII/section/3bII_2492SE.png,/home/ikk/renal-calculi-classificaction/DATASET/SECTION_SURFACE_DATASET/3bII/section/MASKS/3bII_2492SE_mask.png,2,3bII,section,3bII_2492SE,3bII/section/3bII_2492SE.png,2,2,0.2802923,0.12766555,0.44051564,0.110098235,0.041428268,1
/home/ikk/renal-calculi-classificaction/DATASET/SECTION_SURFACE_DATASET/3bII/section/3bII_1961SE.jpg,/home/ikk/renal-calculi-classificaction/DATASET/SECTION_SURFACE_DATASET/3bII/section/MASKS/3bII_1961SE_mask.png,2,3bII,section,3bII_1961SE,3bII/section/3bII_1961SE.jpg,0,2,0.3710826,0.11676666,0.36330697,0.11322747,0.035616353,1
/home/ikk/renal-calculi-classificaction/DATASET/SECTION_SURFACE_DATASET/3bII/section/3bII_5.jpg,/home/ikk/renal-calculi-classificaction/DATASET/SECTION_SURFACE_DATASET/3bII/section/MASKS/3bII_5_mask.png,2,3bII,section,3bII_5,3bII/section/3bII_5.jpg,2,2,0.047900677,0.24049129,0.6274681,0.013908938,0.07023105,1
/home/ikk/renal-calculi-classificaction/DATASET/SECTION_SURFACE_DATASET/3bII/section/3bII_1959SE.jpg,/home/ikk/renal-calculi-classificaction/DATASET/SECTION_SURFACE_DATASET/3bII/section/MASKS/3bII_1959SE_mask.png,2,3bII,section,3bII_1959SE,3bII/section/3bII_1959SE.jpg,1,2,0.22116822,0.5274004,0.17347889,0.053160165,0.02479238,1
/home/ikk/renal-calculi-classificaction/DATASET/SECTION_SURFACE_DATASET/3bII/section/3bII_2071SE.jpg,/home/ikk/renal-calculi-classificaction/DATASET/SECTION_SURFACE_DATASET/3bII/section/MASKS/3bII_2071SE_mask.png,2,3bII,section,3bII_2071SE,3bII/section/3bII_2071SE.jpg,2,2,0.17011246,0.012147437,0.73234147,0.071344756,0.014053896,1
/home/ikk/renal-calculi-classificaction/DATASET/SECTION_SURFACE_DATASET/2a/surface/2a_2145SE.jpg,/home/ikk/renal-calculi-classificaction/DATASET/SECTION_SURFACE_DATASET/2a/surface/MASKS/2a_2145SE_mask.png,0,2a,surface,2a_2145SE,2a/surface/2a_2145SE.jpg,0,0,0.9341843,0.0132067725,0.020114487,0.016647244,0.015847256,1
/home/ikk/renal-calculi-classificaction/DATASET/SECTION_SURFACE_DATASET/2a/surface/2aCOD_sup_1783SE.jpg,/home/ikk/renal-calculi-classificaction/DATASET/SECTION_SURFACE_DATASET/2a/surface/MASKS/2aCOD_sup_1783SE_mask.png,0,2a,surface,2aCOD_sup_1783SE,2a/surface/2aCOD_sup_1783SE.jpg,4,0,0.25831792,0.13032696,0.05418225,0.03750207,0.5196708,1
/home/ikk/renal-calculi-classificaction/DATASET/SECTION_SURFACE_DATASET/2a/surface/2aCOD_sup_3187SE_1.jpg,/home/ikk/renal-calculi-classificaction/DATASET/SECTION_SURFACE_DATASET/2a/surface/MASKS/2aCOD_sup_3187SE_1_mask.png,0,2a,surface,2aCOD_sup_3187SE,2a/surface/2aCOD_sup_3187SE_1.jpg,0,0,0.84881383,0.02771067,0.03099179,0.020510612,0.07197307,1
/home/ikk/renal-calculi-classificaction/DATASET/SECTION_SURFACE_DATASET/2a/surface/2a_1964SE.jpg,/home/ikk/renal-calculi-classificaction/DATASET/SECTION_SURFACE_DATASET/2a/surface/MASKS/2a_1964SE_mask.png,0,2a,surface,2a_1964SE,2a/surface/2a_1964SE.jpg,0,0,0.9495994,0.008348008,0.02006704,0.0058514974,0.016134145,1
/home/ikk/renal-calculi-classificaction/DATASET/SECTION_SURFACE_DATASET/2a/surface/2aCOD_sup_3187SE_2.jpg,/home/ikk/renal-calculi-classificaction/DATASET/SECTION_SURFACE_DATASET/2a/surface/MASKS/2aCOD_sup_3187SE_2_mask.png,0,2a,surface,2aCOD_sup_3187SE,2a/surface/2aCOD_sup_3187SE_2.jpg,0,0,0.8876857,0.018399958,0.02393185,0.031752314,0.038230203,1
/home/ikk/renal-calculi-classificaction/DATASET/SECTION_SURFACE_DATASET/2a/surface/2aCOD_sup_2247SE.jpg,/home/ikk/renal-calculi-classificaction/DATASET/SECTION_SURFACE_DATASET/2a/surface/MASKS/2aCOD_sup_2247SE_mask.png,0,2a,surface,2aCOD_sup_2247SE,2a/surface/2aCOD_sup_2247SE.jpg,0,0,0.97821736,0.007809471,0.008174329,0.0014546782,0.004344161,1
/home/ikk/renal-calculi-classificaction/DATASET/SECTION_SURFACE_DATASET/2a/surface/2a_3441SE.jpg,/home/ikk/renal-calculi-classificaction/DATASET/SECTION_SURFACE_DATASET/2a/surface/MASKS/2a_3441SE_mask.png,0,2a,surface,2a_3441SE,2a/surface/2a_3441SE.jpg,0,0,0.9262027,0.020472994,0.016004965,0.0031644937,0.03415485,1
/home/ikk/renal-calculi-classificaction/DATASET/SECTION_SURFACE_DATASET/2a/surface/2a_1942SE.jpg,/home/ikk/renal-calculi-classificaction/DATASET/SECTION_SURFACE_DATASET/2a/surface/MASKS/2a_1942SE_mask.png,0,2a,surface,2a_1942SE,2a/surface/2a_1942SE.jpg,0,0,0.6844437,0.12274815,0.11276335,0.042750694,0.037294067,1
/home/ikk/renal-calculi-classificaction/DATASET/SECTION_SURFACE_DATASET/2a/surface/2a_3169SE_1.jpg,/home/ikk/renal-calculi-classificaction/DATASET/SECTION_SURFACE_DATASET/2a/surface/MASKS/2a_3169SE_1_mask.png,0,2a,surface,2a_3169SE,2a/surface/2a_3169SE_1.jpg,2,0,0.21807922,0.07208943,0.2829119,0.25719878,0.16972066,1
/home/ikk/renal-calculi-classificaction/DATASET/SECTION_SURFACE_DATASET/2a/surface/2a_2348SE.png,/home/ikk/renal-calculi-classificaction/DATASET/SECTION_SURFACE_DATASET/2a/surface/MASKS/2a_2348SE_mask.png,0,2a,surface,2a_2348SE,2a/surface/2a_2348SE.png,0,0,0.91901064,0.016794866,0.02809966,0.015269743,0.020824995,1
/home/ikk/renal-calculi-classificaction/DATASET/SECTION_SURFACE_DATASET/2a/surface/2a_1_surface.jpg,/home/ikk/renal-calculi-classificaction/DATASET/SECTION_SURFACE_DATASET/2a/surface/MASKS/2a_1_surface_mask.png,0,2a,surface,2a_1,2a/surface/2a_1_surface.jpg,0,0,0.57811016,0.021141173,0.26617056,0.06533246,0.06924556,1
/home/ikk/renal-calculi-classificaction/DATASET/SECTION_SURFACE_DATASET/2a/section/2a_3103SE_2.png,/home/ikk/renal-calculi-classificaction/DATASET/SECTION_SURFACE_DATASET/2a/section/MASKS/2a_3103SE_2_mask.png,0,2a,section,2a_3103SE,2a/section/2a_3103SE_2.png,0,0,0.72349286,0.07723794,0.08438597,0.08137387,0.03350937,1
/home/ikk/renal-calculi-classificaction/DATASET/SECTION_SURFACE_DATASET/2a/section/2a_3169SE_2.jpg,/home/ikk/renal-calculi-classificaction/DATASET/SECTION_SURFACE_DATASET/2a/section/MASKS/2a_3169SE_2_mask.png,0,2a,section,2a_3169SE,2a/section/2a_3169SE_2.jpg,0,0,0.5800015,0.046165913,0.20504048,0.104781635,0.06401045,1
/home/ikk/renal-calculi-classificaction/DATASET/SECTION_SURFACE_DATASET/2a/section/2a_2335SE.png,/home/ikk/renal-calculi-classificaction/DATASET/SECTION_SURFACE_DATASET/2a/section/MASKS/2a_2335SE_mask.png,0,2a,section,2a_2335SE,2a/section/2a_2335SE.png,0,0,0.80727315,0.029353706,0.034734104,0.019530404,0.10910862,1
/home/ikk/renal-calculi-classificaction/DATASET/SECTION_SURFACE_DATASET/2a/section/2aCOD_sup_3187SE_4.jpg,/home/ikk/renal-calculi-classificaction/DATASET/SECTION_SURFACE_DATASET/2a/section/MASKS/2aCOD_sup_3187SE_4_mask.png,0,2a,section,2aCOD_sup_3187SE,2a/section/2aCOD_sup_3187SE_4.jpg,0,0,0.79083824,0.051424935,0.039986175,0.026535984,0.0912146,1
/home/ikk/renal-calculi-classificaction/DATASET/SECTION_SURFACE_DATASET/2a/section/2a_2703SE.jpg,/home/ikk/renal-calculi-classificaction/DATASET/SECTION_SURFACE_DATASET/2a/section/MASKS/2a_2703SE_mask.png,0,2a,section,2a_2703SE,2a/section/2a_2703SE.jpg,4,0,0.22854976,0.047850896,0.27489972,0.061816126,0.38688353,1
/home/ikk/renal-calculi-classificaction/DATASET/SECTION_SURFACE_DATASET/2a/section/2a_1_section.jpg,/home/ikk/renal-calculi-classificaction/DATASET/SECTION_SURFACE_DATASET/2a/section/MASKS/2a_1_section_mask.png,0,2a,section,2a_1,2a/section/2a_1_section.jpg,0,0,0.7082363,0.051889546,0.064942166,0.03707446,0.13785756,1
/home/ikk/renal-calculi-classificaction/DATASET/SECTION_SURFACE_DATASET/2a/section/2a_2668SE.png,/home/ikk/renal-calculi-classificaction/DATASET/SECTION_SURFACE_DATASET/2a/section/MASKS/2a_2668SE_mask.png,0,2a,section,2a_2668SE,2a/section/2a_2668SE.png,0,0,0.43766072,0.08021072,0.06935247,0.053916313,0.35885972,1
/home/ikk/renal-calculi-classificaction/DATASET/SECTION_SURFACE_DATASET/2a/section/2aCOD_sup_3187SE_3.jpg,/home/ikk/renal-calculi-classificaction/DATASET/SECTION_SURFACE_DATASET/2a/section/MASKS/2aCOD_sup_3187SE_3_mask.png,0,2a,section,2aCOD_sup_3187SE,2a/section/2aCOD_sup_3187SE_3.jpg,0,0,0.85990685,0.01351653,0.060020324,0.049827177,0.0167291,1
/home/ikk/renal-calculi-classificaction/DATASET/SECTION_SURFACE_DATASET/2a/section/2a_1942SE_2.jpg,/home/ikk/renal-calculi-classificaction/DATASET/SECTION_SURFACE_DATASET/2a/section/MASKS/2a_1942SE_2_mask.png,0,2a,section,2a_1942SE,2a/section/2a_1942SE_2.jpg,0,0,0.72756296,0.038238727,0.1506986,0.02935474,0.054144934,1
/home/ikk/renal-calculi-classificaction/DATASET/SECTION_SURFACE_DATASET/2a/section/2aCOD_sup_1783SE_2.jpg,/home/ikk/renal-calculi-classificaction/DATASET/SECTION_SURFACE_DATASET/2a/section/MASKS/2aCOD_sup_1783SE_2_mask.png,0,2a,section,2aCOD_sup_1783SE,2a/section/2aCOD_sup_1783SE_2.jpg,4,0,0.3180878,0.038059406,0.18835843,0.06818864,0.38730568,1
/home/ikk/renal-calculi-classificaction/DATASET/SECTION_SURFACE_DATASET/2a/section/2aCOD_sup_2578SE.png,/home/ikk/renal-calculi-classificaction/DATASET/SECTION_SURFACE_DATASET/2a/section/MASKS/2aCOD_sup_2578SE_mask.png,0,2a,section,2aCOD_sup_2578SE,2a/section/2aCOD_sup_2578SE.png,0,0,0.6168758,0.033321094,0.13831696,0.13987105,0.0716151,1
/home/ikk/renal-calculi-classificaction/DATASET/SECTION_SURFACE_DATASET/2a/section/2a_3103SE_1.png,/home/ikk/renal-calculi-classificaction/DATASET/SECTION_SURFACE_DATASET/2a/section/MASKS/2a_3103SE_1_mask.png,0,2a,section,2a_3103SE,2a/section/2a_3103SE_1.png,0,0,0.5326986,0.10758154,0.24360678,0.08476537,0.031347726,1
/home/ikk/renal-calculi-classificaction/DATASET/SECTION_SURFACE_DATASET/2a/section/2aCOD_sup_3207SE.jpg,/home/ikk/renal-calculi-classificaction/DATASET/SECTION_SURFACE_DATASET/2a/section/MASKS/2aCOD_sup_3207SE_mask.png,0,2a,section,2aCOD_sup_3207SE,2a/section/2aCOD_sup_3207SE.jpg,0,0,0.5983686,0.045664944,0.12636766,0.07067429,0.15892449,1
/home/ikk/renal-calculi-classificaction/DATASET/SECTION_SURFACE_DATASET/4II-4I/surface/4I_1879SE.jpg,/home/ikk/renal-calculi-classificaction/DATASET/SECTION_SURFACE_DATASET/4II-4I/surface/MASKS/4I_1879SE_mask.png,2,4II-4I,surface,4I_1879SE,4II-4I/surface/4I_1879SE.jpg,2,2,0.28538626,0.10568688,0.36825955,0.15538946,0.08527779,1
/home/ikk/renal-calculi-classificaction/DATASET/SECTION_SURFACE_DATASET/4II-4I/surface/4II_2.jpg,/home/ikk/renal-calculi-classificaction/DATASET/SECTION_SURFACE_DATASET/4II-4I/surface/MASKS/4II_2_mask.png,2,4II-4I,surface,4II_2,4II-4I/surface/4II_2.jpg,2,2,0.04639102,0.22773787,0.5763396,0.023666613,0.12586491,1
/home/ikk/renal-calculi-classificaction/DATASET/SECTION_SURFACE_DATASET/4II-4I/section/4I_3373SE.jpg,/home/ikk/renal-calculi-classificaction/DATASET/SECTION_SURFACE_DATASET/4II-4I/section/MASKS/4I_3373SE_mask.png,2,4II-4I,section,4I_3373SE,4II-4I/section/4I_3373SE.jpg,2,2,0.2307306,0.056172255,0.3115651,0.17169368,0.22983839,1
/home/ikk/renal-calculi-classificaction/DATASET/SECTION_SURFACE_DATASET/4II-4I/section/4II_6.jpg,/home/ikk/renal-calculi-classificaction/DATASET/SECTION_SURFACE_DATASET/4II-4I/section/MASKS/4II_6_mask.png,2,4II-4I,section,4II_6,4II-4I/section/4II_6.jpg,2,2,0.08606981,0.08181493,0.615028,0.06665742,0.1504298,1
/home/ikk/renal-calculi-classificaction/DATASET/SECTION_SURFACE_DATASET/4II-4I/section/4II_2705SE.jpg,/home/ikk/renal-calculi-classificaction/DATASET/SECTION_SURFACE_DATASET/4II-4I/section/MASKS/4II_2705SE_mask.png,2,4II-4I,section,4II_2705SE,4II-4I/section/4II_2705SE.jpg,2,2,0.06303671,0.060060173,0.5804321,0.23803413,0.058436915,1
/home/ikk/renal-calculi-classificaction/DATASET/SECTION_SURFACE_DATASET/4II-4I/section/4II_3.jpg,/home/ikk/renal-calculi-classificaction/DATASET/SECTION_SURFACE_DATASET/4II-4I/section/MASKS/4II_3_mask.png,2,4II-4I,section,4II_3,4II-4I/section/4II_3.jpg,0,2,0.5626319,0.094529524,0.18573327,0.033846695,0.12325865,1
/home/ikk/renal-calculi-classificaction/DATASET/SECTION_SURFACE_DATASET/4II-4I/section/4II_3338SE.jpg,/home/ikk/renal-calculi-classificaction/DATASET/SECTION_SURFACE_DATASET/4II-4I/section/MASKS/4II_3338SE_mask.png,2,4II-4I,section,4II_3338SE,4II-4I/section/4II_3338SE.jpg,4,2,0.252202,0.036817893,0.3193957,0.055539187,0.33604527,1
/home/ikk/renal-calculi-classificaction/DATASET/SECTION_SURFACE_DATASET/1aI/surface/1aI_COD_sup_2088SE.jpg,/home/ikk/renal-calculi-classificaction/DATASET/SECTION_SURFACE_DATASET/1aI/surface/MASKS/1aI_COD_sup_2088SE_mask.png,0,1aI,surface,1aI_COD_sup_2088SE,1aI/surface/1aI_COD_sup_2088SE.jpg,0,0,0.8326766,0.03837143,0.0866723,0.024816716,0.01746304,1
/home/ikk/renal-calculi-classificaction/DATASET/SECTION_SURFACE_DATASET/1aI/surface/1aI_1784SE_2.jpg,/home/ikk/renal-calculi-classificaction/DATASET/SECTION_SURFACE_DATASET/1aI/surface/MASKS/1aI_1784SE_2_mask.png,0,1aI,surface,1aI_1784SE,1aI/surface/1aI_1784SE_2.jpg,0,0,0.88089955,0.030814348,0.04791451,0.016757254,0.023614336,1
/home/ikk/renal-calculi-classificaction/DATASET/SECTION_SURFACE_DATASET/1aI/surface/1aI_2781SE.jpg,/home/ikk/renal-calculi-classificaction/DATASET/SECTION_SURFACE_DATASET/1aI/surface/MASKS/1aI_2781SE_mask.png,0,1aI,surface,1aI_2781SE,1aI/surface/1aI_2781SE.jpg,0,0,0.75298625,0.032018196,0.17005013,0.017606584,0.027338797,1
/home/ikk/renal-calculi-classificaction/DATASET/SECTION_SURFACE_DATASET/1aI/surface/1aI_2913SE.jpg,/home/ikk/renal-calculi-classificaction/DATASET/SECTION_SURFACE_DATASET/1aI/surface/MASKS/1aI_2913SE_mask.png,0,1aI,surface,1aI_2913SE,1aI/surface/1aI_2913SE.jpg,0,0,0.639827,0.051145658,0.16211914,0.08032378,0.066584386,1
/home/ikk/renal-calculi-classificaction/DATASET/SECTION_SURFACE_DATASET/1aI/surface/1aI_COD_sup_2111SE_1.jpg,/home/ikk/renal-calculi-classificaction/DATASET/SECTION_SURFACE_DATASET/1aI/surface/MASKS/1aI_COD_sup_2111SE_1_mask.png,0,1aI,surface,1aI_COD_sup_2111SE,1aI/surface/1aI_COD_sup_2111SE_1.jpg,0,0,0.90206254,0.03932975,0.024300458,0.012583568,0.021723665,1
/home/ikk/renal-calculi-classificaction/DATASET/SECTION_SURFACE_DATASET/1aI/surface/1aI_3081SE_2_LB.png,/home/ikk/renal-calculi-classificaction/DATASET/SECTION_SURFACE_DATASET/1aI/surface/MASKS/1aI_3081SE_2_LB_mask.png,0,1aI,surface,1aI_3081SE,1aI/surface/1aI_3081SE_2_LB.png,0,0,0.909315,0.014697678,0.022387862,0.04076049,0.012839065,1
/home/ikk/renal-calculi-classificaction/DATASET/SECTION_SURFACE_DATASET/1aI/surface/1aI_3302SE.jpg,/home/ikk/renal-calculi-classificaction/DATASET/SECTION_SURFACE_DATASET/1aI/surface/MASKS/1aI_3302SE_mask.png,0,1aI,surface,1aI_3302SE,1aI/surface/1aI_3302SE.jpg,0,0,0.4556124,0.23369606,0.2612692,0.012187152,0.037235245,1
/home/ikk/renal-calculi-classificaction/DATASET/SECTION_SURFACE_DATASET/1aI/surface/1aI_1937SE.jpg,/home/ikk/renal-calculi-classificaction/DATASET/SECTION_SURFACE_DATASET/1aI/surface/MASKS/1aI_1937SE_mask.png,0,1aI,surface,1aI_1937SE,1aI/surface/1aI_1937SE.jpg,0,0,0.82185495,0.06453285,0.06664672,0.026974622,0.019990781,1
/home/ikk/renal-calculi-classificaction/DATASET/SECTION_SURFACE_DATASET/1aI/surface/1aI_2366SE_1.png,/home/ikk/renal-calculi-classificaction/DATASET/SECTION_SURFACE_DATASET/1aI/surface/MASKS/1aI_2366SE_1_mask.png,0,1aI,surface,1aI_2366SE,1aI/surface/1aI_2366SE_1.png,0,0,0.871299,0.046465985,0.05580198,0.019270534,0.007162484,1
/home/ikk/renal-calculi-classificaction/DATASET/SECTION_SURFACE_DATASET/1aI/surface/1aI_1917SE.jpg,/home/ikk/renal-calculi-classificaction/DATASET/SECTION_SURFACE_DATASET/1aI/surface/MASKS/1aI_1917SE_mask.png,0,1aI,surface,1aI_1917SE,1aI/surface/1aI_1917SE.jpg,0,0,0.9003394,0.05650865,0.015872933,0.010390898,0.016888095,1
/home/ikk/renal-calculi-classificaction/DATASET/SECTION_SURFACE_DATASET/1aI/surface/1a_3366SE_1.jpg,/home/ikk/renal-calculi-classificaction/DATASET/SECTION_SURFACE_DATASET/1aI/surface/MASKS/1a_3366SE_1_mask.png,0,1aI,surface,1a_3366SE,1aI/surface/1a_3366SE_1.jpg,0,0,0.48115858,0.039470576,0.26174068,0.1417452,0.07588501,1
/home/ikk/renal-calculi-classificaction/DATASET/SECTION_SURFACE_DATASET/1aI/surface/1aI_3081SE_3_LB.png,/home/ikk/renal-calculi-classificaction/DATASET/SECTION_SURFACE_DATASET/1aI/surface/MASKS/1aI_3081SE_3_LB_mask.png,0,1aI,surface,1aI_3081SE,1aI/surface/1aI_3081SE_3_LB.png,0,0,0.98376024,0.0035737427,0.0056362683,0.004136977,0.0028928358,1
/home/ikk/renal-calculi-classificaction/DATASET/SECTION_SURFACE_DATASET/1aI/surface/1aI_3081SE_4_LB.png,/home/ikk/renal-calculi-classificaction/DATASET/SECTION_SURFACE_DATASET/1aI/surface/MASKS/1aI_3081SE_4_LB_mask.png,0,1aI,surface,1aI_3081SE,1aI/surface/1aI_3081SE_4_LB.png,0,0,0.93883365,0.008216476,0.0131270755,0.027701925,0.012120963,1
/home/ikk/renal-calculi-classificaction/DATASET/SECTION_SURFACE_DATASET/1aI/surface/1aI_3081SE_5_LB.png,/home/ikk/renal-calculi-classificaction/DATASET/SECTION_SURFACE_DATASET/1aI/surface/MASKS/1aI_3081SE_5_LB_mask.png,0,1aI,surface,1aI_3081SE,1aI/surface/1aI_3081SE_5_LB.png,0,0,0.9322227,0.016390713,0.015978875,0.010414881,0.024992853,1
/home/ikk/renal-calculi-classificaction/DATASET/SECTION_SURFACE_DATASET/1aI/surface/1aI_1784SE_1.jpg,/home/ikk/renal-calculi-classificaction/DATASET/SECTION_SURFACE_DATASET/1aI/surface/MASKS/1aI_1784SE_1_mask.png,0,1aI,surface,1aI_1784SE,1aI/surface/1aI_1784SE_1.jpg,0,0,0.8834038,0.06132464,0.023032548,0.006040738,0.026198218,1
/home/ikk/renal-calculi-classificaction/DATASET/SECTION_SURFACE_DATASET/1aI/surface/1aI_3081SE_1_LB.png,/home/ikk/renal-calculi-classificaction/DATASET/SECTION_SURFACE_DATASET/1aI/surface/MASKS/1aI_3081SE_1_LB_mask.png,0,1aI,surface,1aI_3081SE,1aI/surface/1aI_3081SE_1_LB.png,0,0,0.94063336,0.01707642,0.011018092,0.017373474,0.0138985375,1
/home/ikk/renal-calculi-classificaction/DATASET/SECTION_SURFACE_DATASET/1aI/section/1aI_COD_sup_2111SE_2.jpg,/home/ikk/renal-calculi-classificaction/DATASET/SECTION_SURFACE_DATASET/1aI/section/MASKS/1aI_COD_sup_2111SE_2_mask.png,0,1aI,section,1aI_COD_sup_2111SE,1aI/section/1aI_COD_sup_2111SE_2.jpg,0,0,0.72420895,0.046439454,0.11579365,0.023715826,0.08984207,1
/home/ikk/renal-calculi-classificaction/DATASET/SECTION_SURFACE_DATASET/1aI/section/1aI_3081SE_6_LB.png,/home/ikk/renal-calculi-classificaction/DATASET/SECTION_SURFACE_DATASET/1aI/section/MASKS/1aI_3081SE_6_LB_mask.png,0,1aI,section,1aI_3081SE,1aI/section/1aI_3081SE_6_LB.png,0,0,0.5766171,0.03840143,0.07950738,0.15103126,0.15444282,1
/home/ikk/renal-calculi-classificaction/DATASET/SECTION_SURFACE_DATASET/1aI/section/1aI_3081SE_8_LB.png,/home/ikk/renal-calculi-classificaction/DATASET/SECTION_SURFACE_DATASET/1aI/section/MASKS/1aI_3081SE_8_LB_mask.png,0,1aI,section,1aI_3081SE,1aI/section/1aI_3081SE_8_LB.png,0,0,0.76512074,0.03849427,0.031817216,0.03949337,0.12507434,1
/home/ikk/renal-calculi-classificaction/DATASET/SECTION_SURFACE_DATASET/1aI/section/1aI_2366SE_3.png,/home/ikk/renal-calculi-classificaction/DATASET/SECTION_SURFACE_DATASET/1aI/section/MASKS/1aI_2366SE_3_mask.png,0,1aI,section,1aI_2366SE,1aI/section/1aI_2366SE_3.png,0,0,0.888389,0.015033664,0.016307982,0.017692257,0.06257708,1
/home/ikk/renal-calculi-classificaction/DATASET/SECTION_SURFACE_DATASET/1aI/section/1a_3366SE_2.jpg,/home/ikk/renal-calculi-classificaction/DATASET/SECTION_SURFACE_DATASET/1aI/section/MASKS/1a_3366SE_2_mask.png,0,1aI,section,1a_3366SE,1aI/section/1a_3366SE_2.jpg,0,0,0.50365233,0.1557053,0.15397707,0.14959562,0.037069682,1
/home/ikk/renal-calculi-classificaction/DATASET/SECTION_SURFACE_DATASET/1aI/section/1aI_2366SE_2.png,/home/ikk/renal-calculi-classificaction/DATASET/SECTION_SURFACE_DATASET/1aI/section/MASKS/1aI_2366SE_2_mask.png,0,1aI,section,1aI_2366SE,1aI/section/1aI_2366SE_2.png,0,0,0.86959505,0.017636131,0.078882046,0.027471127,0.0064156614,1
/home/ikk/renal-calculi-classificaction/DATASET/SECTION_SURFACE_DATASET/1aI/section/1aI_3081SE_7_LB.png,/home/ikk/renal-calculi-classificaction/DATASET/SECTION_SURFACE_DATASET/1aI/section/MASKS/1aI_3081SE_7_LB_mask.png,0,1aI,section,1aI_3081SE,1aI/section/1aI_3081SE_7_LB.png,0,0,0.74631995,0.03359505,0.04260925,0.08033605,0.097139716,1
/home/ikk/renal-calculi-classificaction/DATASET/SECTION_SURFACE_DATASET/1aI/section/1aI_1784SE_3.jpg,/home/ikk/renal-calculi-classificaction/DATASET/SECTION_SURFACE_DATASET/1aI/section/MASKS/1aI_1784SE_3_mask.png,0,1aI,section,1aI_1784SE,1aI/section/1aI_1784SE_3.jpg,0,0,0.8421245,0.037637167,0.055482924,0.014353368,0.050402053,1
/home/ikk/renal-calculi-classificaction/DATASET/SECTION_SURFACE_DATASET/1aI/section/1aI_1784SE_4.jpg,/home/ikk/renal-calculi-classificaction/DATASET/SECTION_SURFACE_DATASET/1aI/section/MASKS/1aI_1784SE_4_mask.png,0,1aI,section,1aI_1784SE,1aI/section/1aI_1784SE_4.jpg,0,0,0.6562833,0.041020192,0.08444171,0.0071108826,0.21114394,1
/home/ikk/renal-calculi-classificaction/DATASET/SECTION_SURFACE_DATASET/6/surface/6_2031SE.jpg,/home/ikk/renal-calculi-classificaction/DATASET/SECTION_SURFACE_DATASET/6/surface/MASKS/6_2031SE_mask.png,3,6,surface,6_2031SE,6/surface/6_2031SE.jpg,3,3,0.017899042,0.0018237928,0.014305876,0.96440744,0.0015638359,2
/home/ikk/renal-calculi-classificaction/DATASET/SECTION_SURFACE_DATASET/6/section/6_2009SE.jpg,/home/ikk/renal-calculi-classificaction/DATASET/SECTION_SURFACE_DATASET/6/section/MASKS/6_2009SE_mask.png,3,6,section,6_2009SE,6/section/6_2009SE.jpg,3,3,0.13707478,0.015562881,0.31271008,0.5113463,0.02330596,2
/home/ikk/renal-calculi-classificaction/DATASET/SECTION_SURFACE_DATASET/6/section/6_3229SE.jpg,/home/ikk/renal-calculi-classificaction/DATASET/SECTION_SURFACE_DATASET/6/section/MASKS/6_3229SE_mask.png,3,6,section,6_3229SE,6/section/6_3229SE.jpg,2,3,0.045555215,0.2196415,0.47927833,0.13257885,0.12294613,2
/home/ikk/renal-calculi-classificaction/DATASET/SECTION_SURFACE_DATASET/6/section/6_3186SE_3.jpg,/home/ikk/renal-calculi-classificaction/DATASET/SECTION_SURFACE_DATASET/6/section/MASKS/6_3186SE_3_mask.png,3,6,section,6_3186SE,6/section/6_3186SE_3.jpg,3,3,0.26755446,0.024419773,0.14422965,0.4967195,0.06707659,2
/home/ikk/renal-calculi-classificaction/DATASET/SECTION_SURFACE_DATASET/6/section/6_2278SE.png,/home/ikk/renal-calculi-classificaction/DATASET/SECTION_SURFACE_DATASET/6/section/MASKS/6_2278SE_mask.png,3,6,section,6_2278SE,6/section/6_2278SE.png,0,3,0.874527,0.08318911,0.031116664,0.004827393,0.006339845,2
/home/ikk/renal-calculi-classificaction/DATASET/SECTION_SURFACE_DATASET/6/section/6_3186SE_1.jpg,/home/ikk/renal-calculi-classificaction/DATASET/SECTION_SURFACE_DATASET/6/section/MASKS/6_3186SE_1_mask.png,3,6,section,6_3186SE,6/section/6_3186SE_1.jpg,3,3,0.023137169,0.008208595,0.32011893,0.60185516,0.04668008,2
/home/ikk/renal-calculi-classificaction/DATASET/SECTION_SURFACE_DATASET/6/section/6_3088SE.png,/home/ikk/renal-calculi-classificaction/DATASET/SECTION_SURFACE_DATASET/6/section/MASKS/6_3088SE_mask.png,3,6,section,6_3088SE,6/section/6_3088SE.png,3,3,0.083190896,0.03200105,0.3086946,0.5476716,0.028441824,2
/home/ikk/renal-calculi-classificaction/DATASET/SECTION_SURFACE_DATASET/6/section/6_3186SE_2.jpg,/home/ikk/renal-calculi-classificaction/DATASET/SECTION_SURFACE_DATASET/6/section/MASKS/6_3186SE_2_mask.png,3,6,section,6_3186SE,6/section/6_3186SE_2.jpg,3,3,0.10403419,0.03135258,0.31735095,0.4861005,0.06116178,2
/home/ikk/renal-calculi-classificaction/DATASET/SECTION_SURFACE_DATASET/6/section/6_2616SE.png,/home/ikk/renal-calculi-classificaction/DATASET/SECTION_SURFACE_DATASET/6/section/MASKS/6_2616SE_mask.png,3,6,section,6_2616SE,6/section/6_2616SE.png,3,3,0.00604717,0.009560101,0.016009498,0.95651805,0.0118650645,2
/home/ikk/renal-calculi-classificaction/DATASET/SECTION_SURFACE_DATASET/8aI - 8aII/section/8aII_1951SE.jpg,/home/ikk/renal-calculi-classificaction/DATASET/SECTION_SURFACE_DATASET/8aI - 8aII/section/MASKS/8aII_1951SE_mask.png,4,8aI - 8aII,section,8aII_1951SE,8aI - 8aII/section/8aII_1951SE.jpg,4,4,0.112175256,0.028972588,0.18716794,0.14414348,0.52754074,2
/home/ikk/renal-calculi-classificaction/DATASET/SECTION_SURFACE_DATASET/8aI - 8aII/section/8aII_2279SE.png,/home/ikk/renal-calculi-classificaction/DATASET/SECTION_SURFACE_DATASET/8aI - 8aII/section/MASKS/8aII_2279SE_mask.png,4,8aI - 8aII,section,8aII_2279SE,8aI - 8aII/section/8aII_2279SE.png,2,4,0.06809838,0.043595646,0.55845755,0.026570914,0.30327746,2
/home/ikk/renal-calculi-classificaction/DATASET/SECTION_SURFACE_DATASET/8aI - 8aII/section/8aII_3332SE.jpg,/home/ikk/renal-calculi-classificaction/DATASET/SECTION_SURFACE_DATASET/8aI - 8aII/section/MASKS/8aII_3332SE_mask.png,4,8aI - 8aII,section,8aII_3332SE,8aI - 8aII/section/8aII_3332SE.jpg,4,4,0.022510912,0.003960748,0.08315284,0.021317879,0.8690576,2
/home/ikk/renal-calculi-classificaction/DATASET/SECTION_SURFACE_DATASET/3aII/surface/3aII_3117SE_2.png,/home/ikk/renal-calculi-classificaction/DATASET/SECTION_SURFACE_DATASET/3aII/surface/MASKS/3aII_3117SE_2_mask.png,1,3aII,surface,3aII_3117SE,3aII/surface/3aII_3117SE_2.png,2,1,0.122988425,0.33043787,0.36678717,0.11797526,0.061811298,2
/home/ikk/renal-calculi-classificaction/DATASET/SECTION_SURFACE_DATASET/3aII/surface/3aII_1976SE.jpg,/home/ikk/renal-calculi-classificaction/DATASET/SECTION_SURFACE_DATASET/3aII/surface/MASKS/3aII_1976SE_mask.png,1,3aII,surface,3aII_1976SE,3aII/surface/3aII_1976SE.jpg,1,1,0.18926856,0.47029117,0.32025746,0.01430225,0.0058804904,2
/home/ikk/renal-calculi-classificaction/DATASET/SECTION_SURFACE_DATASET/3aII/surface/3aII_3044SE.png,/home/ikk/renal-calculi-classificaction/DATASET/SECTION_SURFACE_DATASET/3aII/surface/MASKS/3aII_3044SE_mask.png,1,3aII,surface,3aII_3044SE,3aII/surface/3aII_3044SE.png,2,1,0.06268019,0.075254746,0.6633048,0.038363654,0.16039664,2
/home/ikk/renal-calculi-classificaction/DATASET/SECTION_SURFACE_DATASET/3aII/surface/3aII_2530SE.png,/home/ikk/renal-calculi-classificaction/DATASET/SECTION_SURFACE_DATASET/3aII/surface/MASKS/3aII_2530SE_mask.png,1,3aII,surface,3aII_2530SE,3aII/surface/3aII_2530SE.png,2,1,0.22132304,0.26027182,0.50570285,0.008273215,0.004429087,2
/home/ikk/renal-calculi-classificaction/DATASET/SECTION_SURFACE_DATASET/3aII/surface/3aII_3117SE_1.png,/home/ikk/renal-calculi-classificaction/DATASET/SECTION_SURFACE_DATASET/3aII/surface/MASKS/3aII_3117SE_1_mask.png,1,3aII,surface,3aII_3117SE,3aII/surface/3aII_3117SE_1.png,1,1,0.020530768,0.57112443,0.12666255,0.050910126,0.23077208,2
/home/ikk/renal-calculi-classificaction/DATASET/SECTION_SURFACE_DATASET/3aII/section/3aII_2536SE.png,/home/ikk/renal-calculi-classificaction/DATASET/SECTION_SURFACE_DATASET/3aII/section/MASKS/3aII_2536SE_mask.png,1,3aII,section,3aII_2536SE,3aII/section/3aII_2536SE.png,0,1,0.5535671,0.17915562,0.22085819,0.028749231,0.01766987,2
/home/ikk/renal-calculi-classificaction/DATASET/SECTION_SURFACE_DATASET/3bII/surface/3bII_1973SE.jpg,/home/ikk/renal-calculi-classificaction/DATASET/SECTION_SURFACE_DATASET/3bII/surface/MASKS/3bII_1973SE_mask.png,2,3bII,surface,3bII_1973SE,3bII/surface/3bII_1973SE.jpg,0,2,0.390069,0.23224972,0.34746546,0.023278771,0.0069370596,2
/home/ikk/renal-calculi-classificaction/DATASET/SECTION_SURFACE_DATASET/3bII/surface/3bII_2663SE.png,/home/ikk/renal-calculi-classificaction/DATASET/SECTION_SURFACE_DATASET/3bII/surface/MASKS/3bII_2663SE_mask.png,2,3bII,surface,3bII_2663SE,3bII/surface/3bII_2663SE.png,2,2,0.09812891,0.41247684,0.4431734,0.020234158,0.025986703,2
/home/ikk/renal-calculi-classificaction/DATASET/SECTION_SURFACE_DATASET/3bII/surface/3bII_2419SE.png,/home/ikk/renal-calculi-classificaction/DATASET/SECTION_SURFACE_DATASET/3bII/surface/MASKS/3bII_2419SE_mask.png,2,3bII,surface,3bII_2419SE,3bII/surface/3bII_2419SE.png,1,2,0.23627982,0.5313544,0.21434096,0.013311253,0.0047135586,2
/home/ikk/renal-calculi-classificaction/DATASET/SECTION_SURFACE_DATASET/3bII/surface/3bII_2305SE.png,/home/ikk/renal-calculi-classificaction/DATASET/SECTION_SURFACE_DATASET/3bII/surface/MASKS/3bII_2305SE_mask.png,2,3bII,surface,3bII_2305SE,3bII/surface/3bII_2305SE.png,1,2,0.26190826,0.3308367,0.2877017,0.077280916,0.042272408,2
/home/ikk/renal-calculi-classificaction/DATASET/SECTION_SURFACE_DATASET/3bII/section/3bII_1862SE.jpg,/home/ikk/renal-calculi-classificaction/DATASET/SECTION_SURFACE_DATASET/3bII/section/MASKS/3bII_1862SE_mask.png,2,3bII,section,3bII_1862SE,3bII/section/3bII_1862SE.jpg,0,2,0.5616176,0.08613796,0.21650329,0.015015017,0.12072614,2
/home/ikk/renal-calculi-classificaction/DATASET/SECTION_SURFACE_DATASET/3bII/section/3bII_2450SE.png,/home/ikk/renal-calculi-classificaction/DATASET/SECTION_SURFACE_DATASET/3bII/section/MASKS/3bII_2450SE_mask.png,2,3bII,section,3bII_2450SE,3bII/section/3bII_2450SE.png,0,2,0.9442285,0.01222384,0.023549078,0.010354381,0.0096441535,2
/home/ikk/renal-calculi-classificaction/DATASET/SECTION_SURFACE_DATASET/3bII/section/3bII_3364SE.jpg,/home/ikk/renal-calculi-classificaction/DATASET/SECTION_SURFACE_DATASET/3bII/section/MASKS/3bII_3364SE_mask.png,2,3bII,section,3bII_3364SE,3bII/section/3bII_3364SE.jpg,2,2,0.12083261,0.029455585,0.52705157,0.30603805,0.016622212,2
/home/ikk/renal-calculi-classificaction/DATASET/SECTION_SURFACE_DATASET/3bII/section/3bII_2187SE.jpg,/home/ikk/renal-calculi-classificaction/DATASET/SECTION_SURFACE_DATASET/3bII/section/MASKS/3bII_2187SE_mask.png,2,3bII,section,3bII_2187SE,3bII/section/3bII_2187SE.jpg,0,2,0.875226,0.030838577,0.04112785,0.0081945,0.044612996,2
/home/ikk/renal-calculi-classificaction/DATASET/SECTION_SURFACE_DATASET/3bII/section/3bII_2871SE.jpg,/home/ikk/renal-calculi-classificaction/DATASET/SECTION_SURFACE_DATASET/3bII/section/MASKS/3bII_2871SE_mask.png,2,3bII,section,3bII_2871SE,3bII/section/3bII_2871SE.jpg,4,2,0.2071221,0.06881477,0.28331846,0.15335381,0.28739086,2
/home/ikk/renal-calculi-classificaction/DATASET/SECTION_SURFACE_DATASET/3bII/section/3bII_4.jpg,/home/ikk/renal-calculi-classificaction/DATASET/SECTION_SURFACE_DATASET/3bII/section/MASKS/3bII_4_mask.png,2,3bII,section,3bII_4,3bII/section/3bII_4.jpg,2,2,0.0148433,0.15369585,0.79517967,0.03307074,0.003210482,2
/home/ikk/renal-calculi-classificaction/DATASET/SECTION_SURFACE_DATASET/2a/surface/2a_1800SE.jpg,/home/ikk/renal-calculi-classificaction/DATASET/SECTION_SURFACE_DATASET/2a/surface/MASKS/2a_1800SE_mask.png,0,2a,surface,2a_1800SE,2a/surface/2a_1800SE.jpg,0,0,0.61960155,0.050472375,0.20794006,0.0819211,0.040064905,2
/home/ikk/renal-calculi-classificaction/DATASET/SECTION_SURFACE_DATASET/2a/surface/2a_583CP.jpg,/home/ikk/renal-calculi-classificaction/DATASET/SECTION_SURFACE_DATASET/2a/surface/MASKS/2a_583CP_mask.png,0,2a,surface,2a_583CP,2a/surface/2a_583CP.jpg,0,0,0.89327586,0.021678811,0.021765077,0.030710641,0.032569606,2
/home/ikk/renal-calculi-classificaction/DATASET/SECTION_SURFACE_DATASET/2a/surface/2a_1802SE.jpg,/home/ikk/renal-calculi-classificaction/DATASET/SECTION_SURFACE_DATASET/2a/surface/MASKS/2a_1802SE_mask.png,0,2a,surface,2a_1802SE,2a/surface/2a_1802SE.jpg,0,0,0.4567446,0.24056126,0.27538425,0.01847967,0.008830248,2
/home/ikk/renal-calculi-classificaction/DATASET/SECTION_SURFACE_DATASET/2a/surface/2a_2169SE.jpg,/home/ikk/renal-calculi-classificaction/DATASET/SECTION_SURFACE_DATASET/2a/surface/MASKS/2a_2169SE_mask.png,0,2a,surface,2a_2169SE,2a/surface/2a_2169SE.jpg,0,0,0.92508125,0.020225294,0.022211617,0.019531641,0.012950232,2
/home/ikk/renal-calculi-classificaction/DATASET/SECTION_SURFACE_DATASET/2a/surface/2a_3367SE.jpg,/home/ikk/renal-calculi-classificaction/DATASET/SECTION_SURFACE_DATASET/2a/surface/MASKS/2a_3367SE_mask.png,0,2a,surface,2a_3367SE,2a/surface/2a_3367SE.jpg,0,0,0.6920907,0.06353767,0.19324306,0.016259084,0.034869432,2
/home/ikk/renal-calculi-classificaction/DATASET/SECTION_SURFACE_DATASET/2a/surface/2a_2412SE_1.png,/home/ikk/renal-calculi-classificaction/DATASET/SECTION_SURFACE_DATASET/2a/surface/MASKS/2a_2412SE_1_mask.png,0,2a,surface,2a_2412SE,2a/surface/2a_2412SE_1.png,0,0,0.9343098,0.032061372,0.013990088,0.010685269,0.008953481,2
/home/ikk/renal-calculi-classificaction/DATASET/SECTION_SURFACE_DATASET/2a/surface/2a_1787SE.jpg,/home/ikk/renal-calculi-classificaction/DATASET/SECTION_SURFACE_DATASET/2a/surface/MASKS/2a_1787SE_mask.png,0,2a,surface,2a_1787SE,2a/surface/2a_1787SE.jpg,0,0,0.84109247,0.029590372,0.05290199,0.015219755,0.061195433,2
/home/ikk/renal-calculi-classificaction/DATASET/SECTION_SURFACE_DATASET/2a/surface/2a_1991SE_1.jpg,/home/ikk/renal-calculi-classificaction/DATASET/SECTION_SURFACE_DATASET/2a/surface/MASKS/2a_1991SE_1_mask.png,0,2a,surface,2a_1991SE,2a/surface/2a_1991SE_1.jpg,0,0,0.79967064,0.03552435,0.14894043,0.007273907,0.008590642,2
/home/ikk/renal-calculi-classificaction/DATASET/SECTION_SURFACE_DATASET/2a/surface/2a_1918SE.jpg,/home/ikk/renal-calculi-classificaction/DATASET/SECTION_SURFACE_DATASET/2a/surface/MASKS/2a_1918SE_mask.png,0,2a,surface,2a_1918SE,2a/surface/2a_1918SE.jpg,0,0,0.9754993,0.0051119747,0.007034219,0.0053066746,0.0070478804,2
/home/ikk/renal-calculi-classificaction/DATASET/SECTION_SURFACE_DATASET/2a/section/2a_1802SE_2.jpg,/home/ikk/renal-calculi-classificaction/DATASET/SECTION_SURFACE_DATASET/2a/section/MASKS/2a_1802SE_2_mask.png,0,2a,section,2a_1802SE,2a/section/2a_1802SE_2.jpg,0,0,0.54599154,0.05993008,0.27201787,0.0152375605,0.10682291,2
/home/ikk/renal-calculi-classificaction/DATASET/SECTION_SURFACE_DATASET/2a/section/2a_2867SE.jpg,/home/ikk/renal-calculi-classificaction/DATASET/SECTION_SURFACE_DATASET/2a/section/MASKS/2a_2867SE_mask.png,0,2a,section,2a_2867SE,2a/section/2a_2867SE.jpg,0,0,0.5031727,0.08215099,0.155208,0.14278066,0.11668768,2
/home/ikk/renal-calculi-classificaction/DATASET/SECTION_SURFACE_DATASET/2a/section/2a_3157SE.png,/home/ikk/renal-calculi-classificaction/DATASET/SECTION_SURFACE_DATASET/2a/section/MASKS/2a_3157SE_mask.png,0,2a,section,2a_3157SE,2a/section/2a_3157SE.png,0,0,0.7802948,0.04692734,0.0852908,0.030499334,0.056987766,2
/home/ikk/renal-calculi-classificaction/DATASET/SECTION_SURFACE_DATASET/2a/section/2a_2179SE.jpg,/home/ikk/renal-calculi-classificaction/DATASET/SECTION_SURFACE_DATASET/2a/section/MASKS/2a_2179SE_mask.png,0,2a,section,2a_2179SE,2a/section/2a_2179SE.jpg,0,0,0.89823514,0.046715956,0.03388651,0.004089599,0.017072752,2
/home/ikk/renal-calculi-classificaction/DATASET/SECTION_SURFACE_DATASET/2a/section/2a_2.png,/home/ikk/renal-calculi-classificaction/DATASET/SECTION_SURFACE_DATASET/2a/section/MASKS/2a_2_mask.png,0,2a,section,2a_2,2a/section/2a_2.png,0,0,0.48080164,0.06054965,0.26325256,0.051935267,0.14346085,2
/home/ikk/renal-calculi-classificaction/DATASET/SECTION_SURFACE_DATASET/2a/section/2a_HAP_sup_3296SE.jpg,/home/ikk/renal-calculi-classificaction/DATASET/SECTION_SURFACE_DATASET/2a/section/MASKS/2a_HAP_sup_3296SE_mask.png,0,2a,section,2a_HAP_sup_3296SE,2a/section/2a_HAP_sup_3296SE.jpg,0,0,0.58046836,0.061880626,0.16220886,0.037775774,0.15766644,2
/home/ikk/renal-calculi-classificaction/DATASET/SECTION_SURFACE_DATASET/2a/section/2a_2148SE.jpg,/home/ikk/renal-calculi-classificaction/DATASET/SECTION_SURFACE_DATASET/2a/section/MASKS/2a_2148SE_mask.png,0,2a,section,2a_2148SE,2a/section/2a_2148SE.jpg,0,0,0.628338,0.07225542,0.24114035,0.036293466,0.021972803,2
/home/ikk/renal-calculi-classificaction/DATASET/SECTION_SURFACE_DATASET/2a/section/2a_2412SE_2.png,/home/ikk/renal-calculi-classificaction/DATASET/SECTION_SURFACE_DATASET/2a/section/MASKS/2a_2412SE_2_mask.png,0,2a,section,2a_2412SE,2a/section/2a_2412SE_2.png,0,0,0.8927543,0.06642266,0.01605459,0.009965146,0.014803226,2
/home/ikk/renal-calculi-classificaction/DATASET/SECTION_SURFACE_DATASET/2a/section/2a_2091SE.jpg,/home/ikk/renal-calculi-classificaction/DATASET/SECTION_SURFACE_DATASET/2a/section/MASKS/2a_2091SE_mask.png,0,2a,section,2a_2091SE,2a/section/2a_2091SE.jpg,3,0,0.061431617,0.08144854,0.30046824,0.46007413,0.09657742,2
/home/ikk/renal-calculi-classificaction/DATASET/SECTION_SURFACE_DATASET/2a/section/2a_1991SE_2.jpg,/home/ikk/renal-calculi-classificaction/DATASET/SECTION_SURFACE_DATASET/2a/section/MASKS/2a_1991SE_2_mask.png,0,2a,section,2a_1991SE,2a/section/2a_1991SE_2.jpg,0,0,0.9227335,0.01810394,0.031419322,0.0039571943,0.023786094,2
/home/ikk/renal-calculi-classificaction/DATASET/SECTION_SURFACE_DATASET/2a/section/2a_2513SE.png,/home/ikk/renal-calculi-classificaction/DATASET/SECTION_SURFACE_DATASET/2a/section/MASKS/2a_2513SE_mask.png,0,2a,section,2a_2513SE,2a/section/2a_2513SE.png,0,0,0.4904975,0.016045557,0.2481022,0.024987252,0.2203674,2
/home/ikk/renal-calculi-classificaction/DATASET/SECTION_SURFACE_DATASET/4II-4I/surface/4I_3179SE.jpg,/home/ikk/renal-calculi-classificaction/DATASET/SECTION_SURFACE_DATASET/4II-4I/surface/MASKS/4I_3179SE_mask.png,2,4II-4I,surface,4I_3179SE,4II-4I/surface/4I_3179SE.jpg,1,2,0.1607067,0.40850738,0.33952406,0.06111525,0.030146645,2
/home/ikk/renal-calculi-classificaction/DATASET/SECTION_SURFACE_DATASET/4II-4I/surface/4I_111111_inventado.jpg,/home/ikk/renal-calculi-classificaction/DATASET/SECTION_SURFACE_DATASET/4II-4I/surface/MASKS/4I_111111_inventado_mask.png,2,4II-4I,surface,4I_111111,4II-4I/surface/4I_111111_inventado.jpg,4,2,0.03250889,0.0081235245,0.07435459,0.012386499,0.8726265,2
/home/ikk/renal-calculi-classificaction/DATASET/SECTION_SURFACE_DATASET/4II-4I/surface/4II_2026SE.jpg,/home/ikk/renal-calculi-classificaction/DATASET/SECTION_SURFACE_DATASET/4II-4I/surface/MASKS/4II_2026SE_mask.png,2,4II-4I,surface,4II_2026SE,4II-4I/surface/4II_2026SE.jpg,2,2,0.27056792,0.09275184,0.46360573,0.05286767,0.120206825,2
/home/ikk/renal-calculi-classificaction/DATASET/SECTION_SURFACE_DATASET/4II-4I/surface/4II_1.jpg,/home/ikk/renal-calculi-classificaction/DATASET/SECTION_SURFACE_DATASET/4II-4I/surface/MASKS/4II_1_mask.png,2,4II-4I,surface,4II_1,4II-4I/surface/4II_1.jpg,2,2,0.056954782,0.13436958,0.46450377,0.2702977,0.07387414,2
/home/ikk/renal-calculi-classificaction/DATASET/SECTION_SURFACE_DATASET/4II-4I/section/4I_1872SE.jpg,/home/ikk/renal-calculi-classificaction/DATASET/SECTION_SURFACE_DATASET/4II-4I/section/MASKS/4I_1872SE_mask.png,2,4II-4I,section,4I_1872SE,4II-4I/section/4I_1872SE.jpg,2,2,0.2829797,0.07168454,0.4810366,0.06475562,0.09954355,2
/home/ikk/renal-calculi-classificaction/DATASET/SECTION_SURFACE_DATASET/4II-4I/section/4II_3046SE.png,/home/ikk/renal-calculi-classificaction/DATASET/SECTION_SURFACE_DATASET/4II-4I/section/MASKS/4II_3046SE_mask.png,2,4II-4I,section,4II_3046SE,4II-4I/section/4II_3046SE.png,2,2,0.060200643,0.013517869,0.53361005,0.31884483,0.07382669,2
/home/ikk/renal-calculi-classificaction/DATASET/SECTION_SURFACE_DATASET/4II-4I/section/4II_1993SE.jpg,/home/ikk/renal-calculi-classificaction/DATASET/SECTION_SURFACE_DATASET/4II-4I/section/MASKS/4II_1993SE_mask.png,2,4II-4I,section,4II_1993SE,4II-4I/section/4II_1993SE.jpg,2,2,0.10958311,0.017457204,0.49111703,0.29525834,0.086584315,2
/home/ikk/renal-calculi-classificaction/DATASET/SECTION_SURFACE_DATASET/4II-4I/section/4II_2168SE.jpg,/home/ikk/renal-calculi-classificaction/DATASET/SECTION_SURFACE_DATASET/4II-4I/section/MASKS/4II_2168SE_mask.png,2,4II-4I,section,4II_2168SE,4II-4I/section/4II_2168SE.jpg,2,2,0.17872913,0.33745983,0.46362513,0.006525452,0.013660413,2
/home/ikk/renal-calculi-classificaction/DATASET/SECTION_SURFACE_DATASET/4II-4I/section/4II_7.jpg,/home/ikk/renal-calculi-classificaction/DATASET/SECTION_SURFACE_DATASET/4II-4I/section/MASKS/4II_7_mask.png,2,4II-4I,section,4II_7,4II-4I/section/4II_7.jpg,2,2,0.078157626,0.22671984,0.4545163,0.08291574,0.15769053,2
/home/ikk/renal-calculi-classificaction/DATASET/SECTION_SURFACE_DATASET/4II-4I/section/4II_2439SE.png,/home/ikk/renal-calculi-classificaction/DATASET/SECTION_SURFACE_DATASET/4II-4I/section/MASKS/4II_2439SE_mask.png,2,4II-4I,section,4II_2439SE,4II-4I/section/4II_2439SE.png,2,2,0.1541438,0.05725413,0.622046,0.090158075,0.07639798,2
/home/ikk/renal-calculi-classificaction/DATASET/SECTION_SURFACE_DATASET/4II-4I/section/4I_COM_1892SE_2.jpg,/home/ikk/renal-calculi-classificaction/DATASET/SECTION_SURFACE_DATASET/4II-4I/section/MASKS/4I_COM_1892SE_2_mask.png,2,4II-4I,section,4I_COM_1892SE,4II-4I/section/4I_COM_1892SE_2.jpg,0,2,0.71203345,0.08279054,0.13164124,0.03418221,0.03935257,2
/home/ikk/renal-calculi-classificaction/DATASET/SECTION_SURFACE_DATASET/1aI/surface/1aI_2110SE_5_LB.png,/home/ikk/renal-calculi-classificaction/DATASET/SECTION_SURFACE_DATASET/1aI/surface/MASKS/1aI_2110SE_5_LB_mask.png,0,1aI,surface,1aI_2110SE,1aI/surface/1aI_2110SE_5_LB.png,0,0,0.961109,0.0125281,0.009170607,0.005134711,0.012057531,2
/home/ikk/renal-calculi-classificaction/DATASET/SECTION_SURFACE_DATASET/1aI/surface/1aI_2110SE_1_LB.png,/home/ikk/renal-calculi-classificaction/DATASET/SECTION_SURFACE_DATASET/1aI/surface/MASKS/1aI_2110SE_1_LB_mask.png,0,1aI,surface,1aI_2110SE,1aI/surface/1aI_2110SE_1_LB.png,0,0,0.94365513,0.009283103,0.010941575,0.0057805213,0.030339705,2
/home/ikk/renal-calculi-classificaction/DATASET/SECTION_SURFACE_DATASET/1aI/surface/1aI_2110SE_4_LB.png,/home/ikk/renal-calculi-classificaction/DATASET/SECTION_SURFACE_DATASET/1aI/surface/MASKS/1aI_2110SE_4_LB_mask.png,0,1aI,surface,1aI_2110SE,1aI/surface/1aI_2110SE_4_LB.png,0,0,0.9305244,0.02084018,0.024464738,0.013106813,0.011063817,2
/home/ikk/renal-calculi-classificaction/DATASET/SECTION_SURFACE_DATASET/1aI/surface/1aI_2109SE.jpg,/home/ikk/renal-calculi-classificaction/DATASET/SECTION_SURFACE_DATASET/1aI/surface/MASKS/1aI_2109SE_mask.png,0,1aI,surface,1aI_2109SE,1aI/surface/1aI_2109SE.jpg,0,0,0.9020389,0.024407364,0.024762148,0.022906302,0.025885303,2
/home/ikk/renal-calculi-classificaction/DATASET/SECTION_SURFACE_DATASET/1aI/surface/1aI_COD_sup_2147SE_2.jpg,/home/ikk/renal-calculi-classificaction/DATASET/SECTION_SURFACE_DATASET/1aI/surface/MASKS/1aI_COD_sup_2147SE_2_mask.png,0,1aI,surface,1aI_COD_sup_2147SE,1aI/surface/1aI_COD_sup_2147SE_2.jpg,0,0,0.94565624,0.033572927,0.0080970805,0.0051712086,0.0075024213,2
/home/ikk/renal-calculi-classificaction/DATASET/SECTION_SURFACE_DATASET/1aI/surface/1aI_COD_sup_1928SE.jpg,/home/ikk/renal-calculi-classificaction/DATASET/SECTION_SURFACE_DATASET/1aI/surface/MASKS/1aI_COD_sup_1928SE_mask.png,0,1aI,surface,1aI_COD_sup_1928SE,1aI/surface/1aI_COD_sup_1928SE.jpg,0,0,0.9029313,0.008358641,0.07782533,0.0078246845,0.0030600189,2
/home/ikk/renal-calculi-classificaction/DATASET/SECTION_SURFACE_DATASET/1aI/surface/1aI_2110SE_3_LB.png,/home/ikk/renal-calculi-classificaction/DATASET/SECTION_SURFACE_DATASET/1aI/surface/MASKS/1aI_2110SE_3_LB_mask.png,0,1aI,surface,1aI_2110SE,1aI/surface/1aI_2110SE_3_LB.png,0,0,0.9005152,0.025642166,0.014533218,0.02300398,0.036305387,2
/home/ikk/renal-calculi-classificaction/DATASET/SECTION_SURFACE_DATASET/1aI/surface/1aI_3196SE_1.jpg,/home/ikk/renal-calculi-classificaction/DATASET/SECTION_SURFACE_DATASET/1aI/surface/MASKS/1aI_3196SE_1_mask.png,0,1aI,surface,1aI_3196SE,1aI/surface/1aI_3196SE_1.jpg,0,0,0.622362,0.0269334,0.14026739,0.18105623,0.02938095,2
/home/ikk/renal-calculi-classificaction/DATASET/SECTION_SURFACE_DATASET/1aI/surface/1aI_COD_sup_1928SE_2.jpg,/home/ikk/renal-calculi-classificaction/DATASET/SECTION_SURFACE_DATASET/1aI/surface/MASKS/1aI_COD_sup_1928SE_2_mask.png,0,1aI,surface,1aI_COD_sup_1928SE,1aI/surface/1aI_COD_sup_1928SE_2.jpg,0,0,0.8167076,0.015144169,0.13530247,0.023405604,0.009440206,2
/home/ikk/renal-calculi-classificaction/DATASET/SECTION_SURFACE_DATASET/1aI/surface/1aI_2110SE_2_LB.png,/home/ikk/renal-calculi-classificaction/DATASET/SECTION_SURFACE_DATASET/1aI/surface/MASKS/1aI_2110SE_2_LB_mask.png,0,1aI,surface,1aI_2110SE,1aI/surface/1aI_2110SE_2_LB.png,0,0,0.955212,0.010494499,0.00908964,0.0113441795,0.0138595365,2
/home/ikk/renal-calculi-classificaction/DATASET/SECTION_SURFACE_DATASET/1aI/surface/1aI_2225SE_1.jpg,/home/ikk/renal-calculi-classificaction/DATASET/SECTION_SURFACE_DATASET/1aI/surface/MASKS/1aI_2225SE_1_mask.png,0,1aI,surface,1aI_2225SE,1aI/surface/1aI_2225SE_1.jpg,0,0,0.93356615,0.015817713,0.02278545,0.0119454805,0.01588516,2
/home/ikk/renal-calculi-classificaction/DATASET/SECTION_SURFACE_DATASET/1aI/surface/1aI_1797SE.jpg,/home/ikk/renal-calculi-classificaction/DATASET/SECTION_SURFACE_DATASET/1aI/surface/MASKS/1aI_1797SE_mask.png,0,1aI,surface,1aI_1797SE,1aI/surface/1aI_1797SE.jpg,0,0,0.6211785,0.09109595,0.10592058,0.057592534,0.124212466,2
/home/ikk/renal-calculi-classificaction/DATASET/SECTION_SURFACE_DATASET/1aI/surface/1aI_COD_sup_2147SE_1.jpg,/home/ikk/renal-calculi-classificaction/DATASET/SECTION_SURFACE_DATASET/1aI/surface/MASKS/1aI_COD_sup_2147SE_1_mask.png,0,1aI,surface,1aI_COD_sup_2147SE,1aI/surface/1aI_COD_sup_2147SE_1.jpg,0,0,0.5853611,0.15132031,0.16361217,0.029298091,0.07040829,2
/home/ikk/renal-calculi-classificaction/DATASET/SECTION_SURFACE_DATASET/1aI/surface/1aI_1934SE.jpg,/home/ikk/renal-calculi-classificaction/DATASET/SECTION_SURFACE_DATASET/1aI/surface/MASKS/1aI_1934SE_mask.png,0,1aI,surface,1aI_1934SE,1aI/surface/1aI_1934SE.jpg,0,0,0.54636705,0.053289898,0.32195422,0.02869514,0.049693644,2
/home/ikk/renal-calculi-classificaction/DATASET/SECTION_SURFACE_DATASET/1aI/surface/1aI_2676SE.png,/home/ikk/renal-calculi-classificaction/DATASET/SECTION_SURFACE_DATASET/1aI/surface/MASKS/1aI_2676SE_mask.png,0,1aI,surface,1aI_2676SE,1aI/surface/1aI_2676SE.png,0,0,0.9080651,0.010861873,0.054423444,0.0060845413,0.020565089,2
/home/ikk/renal-calculi-classificaction/DATASET/SECTION_SURFACE_DATASET/1aI/section/1aI_3196SE_2.jpg,/home/ikk/renal-calculi-classificaction/DATASET/SECTION_SURFACE_DATASET/1aI/section/MASKS/1aI_3196SE_2_mask.png,0,1aI,section,1aI_3196SE,1aI/section/1aI_3196SE_2.jpg,0,0,0.50106144,0.041904476,0.333609,0.032393284,0.0910318,2
/home/ikk/renal-calculi-classificaction/DATASET/SECTION_SURFACE_DATASET/1aI/section/1aI_2110SE_7_LB.png,/home/ikk/renal-calculi-classificaction/DATASET/SECTION_SURFACE_DATASET/1aI/section/MASKS/1aI_2110SE_7_LB_mask.png,0,1aI,section,1aI_2110SE,1aI/section/1aI_2110SE_7_LB.png,0,0,0.80257934,0.024222279,0.02781679,0.044402536,0.10097907,2
/home/ikk/renal-calculi-classificaction/DATASET/SECTION_SURFACE_DATASET/1aI/section/1aI_2110SE_6_LB.png,/home/ikk/renal-calculi-classificaction/DATASET/SECTION_SURFACE_DATASET/1aI/section/MASKS/1aI_2110SE_6_LB_mask.png,0,1aI,section,1aI_2110SE,1aI/section/1aI_2110SE_6_LB.png,0,0,0.8686389,0.04244882,0.044055723,0.022083217,0.022773406,2
/home/ikk/renal-calculi-classificaction/DATASET/SECTION_SURFACE_DATASET/1aI/section/1aI_1934SE_2.jpg,/home/ikk/renal-calculi-classificaction/DATASET/SECTION_SURFACE_DATASET/1aI/section/MASKS/1aI_1934SE_2_mask.png,0,1aI,section,1aI_1934SE,1aI/section/1aI_1934SE_2.jpg,0,0,0.93994546,0.004006882,0.038535766,0.0027660104,0.01474588,2
/home/ikk/renal-calculi-classificaction/DATASET/SECTION_SURFACE_DATASET/1aI/section/1aI_2225SE_2.jpg,/home/ikk/renal-calculi-classificaction/DATASET/SECTION_SURFACE_DATASET/1aI/section/MASKS/1aI_2225SE_2_mask.png,0,1aI,section,1aI_2225SE,1aI/section/1aI_2225SE_2.jpg,0,0,0.5877462,0.07587265,0.2824162,0.012053661,0.041911345,2
/home/ikk/renal-calculi-classificaction/DATASET/SECTION_SURFACE_DATASET/6/section/6_3230SE.jpg,/home/ikk/renal-calculi-classificaction/DATASET/SECTION_SURFACE_DATASET/6/section/MASKS/6_3230SE_mask.png,3,6,section,6_3230SE,6/section/6_3230SE.jpg,3,3,0.100556865,0.057087112,0.05291239,0.76490206,0.024541598,3
/home/ikk/renal-calculi-classificaction/DATASET/SECTION_SURFACE_DATASET/6/section/6_2770SE.jpg,/home/ikk/renal-calculi-classificaction/DATASET/SECTION_SURFACE_DATASET/6/section/MASKS/6_2770SE_mask.png,3,6,section,6_2770SE,6/section/6_2770SE.jpg,3,3,0.038950063,0.087460615,0.20390552,0.4280612,0.24162264,3
/home/ikk/renal-calculi-classificaction/DATASET/SECTION_SURFACE_DATASET/6/section/6_2274SE.png,/home/ikk/renal-calculi-classificaction/DATASET/SECTION_SURFACE_DATASET/6/section/MASKS/6_2274SE_mask.png,3,6,section,6_2274SE,6/section/6_2274SE.png,3,3,0.17993453,0.043218814,0.30109367,0.42711592,0.048637085,3
/home/ikk/renal-calculi-classificaction/DATASET/SECTION_SURFACE_DATASET/6/section/6_3059SE.png,/home/ikk/renal-calculi-classificaction/DATASET/SECTION_SURFACE_DATASET/6/section/MASKS/6_3059SE_mask.png,3,6,section,6_3059SE,6/section/6_3059SE.png,3,3,0.020165544,0.011828585,0.13118722,0.82178724,0.015031396,3
/home/ikk/renal-calculi-classificaction/DATASET/SECTION_SURFACE_DATASET/8aI - 8aII/surface/8aII_2163SE.jpg,/home/ikk/renal-calculi-classificaction/DATASET/SECTION_SURFACE_DATASET/8aI - 8aII/surface/MASKS/8aII_2163SE_mask.png,4,8aI - 8aII,surface,8aII_2163SE,8aI - 8aII/surface/8aII_2163SE.jpg,4,4,0.22229092,0.012782292,0.05084068,0.19930792,0.5147782,3
/home/ikk/renal-calculi-classificaction/DATASET/SECTION_SURFACE_DATASET/8aI - 8aII/surface/8aII_3026SE.jpg,/home/ikk/renal-calculi-classificaction/DATASET/SECTION_SURFACE_DATASET/8aI - 8aII/surface/MASKS/8aII_3026SE_mask.png,4,8aI - 8aII,surface,8aII_3026SE,8aI - 8aII/surface/8aII_3026SE.jpg,4,4,0.26879525,0.017668292,0.052564535,0.08020801,0.58076394,3
/home/ikk/renal-calculi-classificaction/DATASET/SECTION_SURFACE_DATASET/8aI - 8aII/surface/8aII_1874SE.jpg,/home/ikk/renal-calculi-classificaction/DATASET/SECTION_SURFACE_DATASET/8aI - 8aII/surface/MASKS/8aII_1874SE_mask.png,4,8aI - 8aII,surface,8aII_1874SE,8aI - 8aII/surface/8aII_1874SE.jpg,4,4,0.12159095,0.11255654,0.15007335,0.22748987,0.38828933,3
/home/ikk/renal-calculi-classificaction/DATASET/SECTION_SURFACE_DATASET/8aI - 8aII/section/8aI_2316SE.png,/home/ikk/renal-calculi-classificaction/DATASET/SECTION_SURFACE_DATASET/8aI - 8aII/section/MASKS/8aI_2316SE_mask.png,4,8aI - 8aII,section,8aI_2316SE,8aI - 8aII/section/8aI_2316SE.png,4,4,0.13056758,0.009266745,0.008569183,0.012770614,0.8388259,3
/home/ikk/renal-calculi-classificaction/DATASET/SECTION_SURFACE_DATASET/8aI - 8aII/section/8aII_2146SE.jpg,/home/ikk/renal-calculi-classificaction/DATASET/SECTION_SURFACE_DATASET/8aI - 8aII/section/MASKS/8aII_2146SE_mask.png,4,8aI - 8aII,section,8aII_2146SE,8aI - 8aII/section/8aII_2146SE.jpg,4,4,0.12443385,0.017320566,0.013162887,0.01364047,0.83144224,3
/home/ikk/renal-calculi-classificaction/DATASET/SECTION_SURFACE_DATASET/8aI - 8aII/section/8aII_1874SE_2.jpg,/home/ikk/renal-calculi-classificaction/DATASET/SECTION_SURFACE_DATASET/8aI - 8aII/section/MASKS/8aII_1874SE_2_mask.png,4,8aI - 8aII,section,8aII_1874SE,8aI - 8aII/section/8aII_1874SE_2.jpg,4,4,0.16964625,0.006340691,0.020187007,0.057237193,0.7465889,3
/home/ikk/renal-calculi-classificaction/DATASET/SECTION_SURFACE_DATASET/3aII/surface/3aII_1786SE.jpg,/home/ikk/renal-calculi-classificaction/DATASET/SECTION_SURFACE_DATASET/3aII/surface/MASKS/3aII_1786SE_mask.png,1,3aII,surface,3aII_1786SE,3aII/surface/3aII_1786SE.jpg,2,1,0.04490852,0.33787265,0.42942545,0.10542623,0.082367174,3
/home/ikk/renal-calculi-classificaction/DATASET/SECTION_SURFACE_DATASET/3aII/surface/3aII_3049SE.png,/home/ikk/renal-calculi-classificaction/DATASET/SECTION_SURFACE_DATASET/3aII/surface/MASKS/3aII_3049SE_mask.png,1,3aII,surface,3aII_3049SE,3aII/surface/3aII_3049SE.png,2,1,0.045004122,0.3675601,0.50452167,0.06022948,0.02268461,3
/home/ikk/renal-calculi-classificaction/DATASET/SECTION_SURFACE_DATASET/3aII/surface/3aII_1969SE_2.jpg,/home/ikk/renal-calculi-classificaction/DATASET/SECTION_SURFACE_DATASET/3aII/surface/MASKS/3aII_1969SE_2_mask.png,1,3aII,surface,3aII_1969SE,3aII/surface/3aII_1969SE_2.jpg,1,1,0.009324483,0.65070736,0.31573847,0.0076234853,0.016606193,3
/home/ikk/renal-calculi-classificaction/DATASET/SECTION_SURFACE_DATASET/3aII/surface/3aII_1969SE_1.jpg,/home/ikk/renal-calculi-classificaction/DATASET/SECTION_SURFACE_DATASET/3aII/surface/MASKS/3aII_1969SE_1_mask.png,1,3aII,surface,3aII_1969SE,3aII/surface/3aII_1969SE_1.jpg,2,1,0.023238556,0.48084992,0.48448798,0.006672652,0.004750922,3
/home/ikk/renal-calculi-classificaction/DATASET/SECTION_SURFACE_DATASET/3aII/surface/3aII_1820SE.jpg,/home/ikk/renal-calculi-classificaction/DATASET/SECTION_SURFACE_DATASET/3aII/surface/MASKS/3aII_1820SE_mask.png,1,3aII,surface,3aII_1820SE,3aII/surface/3aII_1820SE.jpg,1,1,0.04921482,0.5580906,0.3633454,0.010024863,0.019324305,3
/home/ikk/renal-calculi-classificaction/DATASET/SECTION_SURFACE_DATASET/3aII/section/3aII_2654SE.png,/home/ikk/renal-calculi-classificaction/DATASET/SECTION_SURFACE_DATASET/3aII/section/MASKS/3aII_2654SE_mask.png,1,3aII,section,3aII_2654SE,3aII/section/3aII_2654SE.png,4,1,0.10335367,0.12351715,0.37270257,0.010707247,0.38971943,3
/home/ikk/renal-calculi-classificaction/DATASET/SECTION_SURFACE_DATASET/3bII/surface/3bII_2243SE.jpg,/home/ikk/renal-calculi-classificaction/DATASET/SECTION_SURFACE_DATASET/3bII/surface/MASKS/3bII_2243SE_mask.png,2,3bII,surface,3bII_2243SE,3bII/surface/3bII_2243SE.jpg,1,2,0.001547894,0.8080357,0.18686871,0.0033035376,0.00024410758,3
/home/ikk/renal-calculi-classificaction/DATASET/SECTION_SURFACE_DATASET/3bII/surface/3bII_3262SE.jpg,/home/ikk/renal-calculi-classificaction/DATASET/SECTION_SURFACE_DATASET/3bII/surface/MASKS/3bII_3262SE_mask.png,2,3bII,surface,3bII_3262SE,3bII/surface/3bII_3262SE.jpg,0,2,0.5967075,0.029174475,0.3307301,0.020775389,0.022612495,3
/home/ikk/renal-calculi-classificaction/DATASET/SECTION_SURFACE_DATASET/3bII/surface/3bII_2768SE.jpg,/home/ikk/renal-calculi-classificaction/DATASET/SECTION_SURFACE_DATASET/3bII/surface/MASKS/3bII_2768SE_mask.png,2,3bII,surface,3bII_2768SE,3bII/surface/3bII_2768SE.jpg,0,2,0.5633109,0.052236464,0.32481024,0.029081782,0.030560527,3
/home/ikk/renal-calculi-classificaction/DATASET/SECTION_SURFACE_DATASET/3bII/surface/3bII_1958SE.jpg,/home/ikk/renal-calculi-classificaction/DATASET/SECTION_SURFACE_DATASET/3bII/surface/MASKS/3bII_1958SE_mask.png,2,3bII,surface,3bII_1958SE,3bII/surface/3bII_1958SE.jpg,0,2,0.33870527,0.07489614,0.30180708,0.25526923,0.029322263,3
/home/ikk/renal-calculi-classificaction/DATASET/SECTION_SURFACE_DATASET/3bII/surface/3bII_1888SE.jpg,/home/ikk/renal-calculi-classificaction/DATASET/SECTION_SURFACE_DATASET/3bII/surface/MASKS/3bII_1888SE_mask.png,2,3bII,surface,3bII_1888SE,3bII/surface/3bII_1888SE.jpg,2,2,0.035641056,0.08245575,0.83372927,0.030170249,0.01800364,3
/home/ikk/renal-calculi-classificaction/DATASET/SECTION_SURFACE_DATASET/3bII/surface/3bII_MO_1895SE.jpg,/home/ikk/renal-calculi-classificaction/DATASET/SECTION_SURFACE_DATASET/3bII/surface/MASKS/3bII_MO_1895SE_mask.png,2,3bII,surface,3bII_MO_1895SE,3bII/surface/3bII_MO_1895SE.jpg,4,2,0.11346457,0.030669704,0.309183,0.022907075,0.52377564,3
/home/ikk/renal-calculi-classificaction/DATASET/SECTION_SURFACE_DATASET/3bII/section/3bII_1.jpg,/home/ikk/renal-calculi-classificaction/DATASET/SECTION_SURFACE_DATASET/3bII/section/MASKS/3bII_1_mask.png,2,3bII,section,3bII_1,3bII/section/3bII_1.jpg,2,2,0.04529656,0.07323537,0.42698506,0.16512135,0.28936166,3
/home/ikk/renal-calculi-classificaction/DATASET/SECTION_SURFACE_DATASET/3bII/section/3bII_2065SE.jpg,/home/ikk/renal-calculi-classificaction/DATASET/SECTION_SURFACE_DATASET/3bII/section/MASKS/3bII_2065SE_mask.png,2,3bII,section,3bII_2065SE,3bII/section/3bII_2065SE.jpg,2,2,0.034021813,0.013374986,0.90790576,0.02204723,0.022650175,3
/home/ikk/renal-calculi-classificaction/DATASET/SECTION_SURFACE_DATASET/3bII/section/3bII_2451SE.png,/home/ikk/renal-calculi-classificaction/DATASET/SECTION_SURFACE_DATASET/3bII/section/MASKS/3bII_2451SE_mask.png,2,3bII,section,3bII_2451SE,3bII/section/3bII_2451SE.png,0,2,0.33014178,0.32158485,0.26670605,0.047143035,0.034424327,3
/home/ikk/renal-calculi-classificaction/DATASET/SECTION_SURFACE_DATASET/3bII/section/3bII_6.jpg,/home/ikk/renal-calculi-classificaction/DATASET/SECTION_SURFACE_DATASET/3bII/section/MASKS/3bII_6_mask.png,2,3bII,section,3bII_6,3bII/section/3bII_6.jpg,2,2,0.010532308,0.14870502,0.61733055,0.19294253,0.030489625,3
/home/ikk/renal-calculi-classificaction/DATASET/SECTION_SURFACE_DATASET/3bII/section/3bII_3.jpg,/home/ikk/renal-calculi-classificaction/DATASET/SECTION_SURFACE_DATASET/3bII/section/MASKS/3bII_3_mask.png,2,3bII,section,3bII_3,3bII/section/3bII_3.jpg,2,2,0.00852673,0.2283983,0.7049466,0.03037613,0.027752278,3
/home/ikk/renal-calculi-classificaction/DATASET/SECTION_SURFACE_DATASET/2a/surface/2a_1940SE.jpg,/home/ikk/renal-calculi-classificaction/DATASET/SECTION_SURFACE_DATASET/2a/surface/MASKS/2a_1940SE_mask.png,0,2a,surface,2a_1940SE,2a/surface/2a_1940SE.jpg,0,0,0.4709715,0.029354205,0.15938577,0.11169447,0.22859405,3
/home/ikk/renal-calculi-classificaction/DATASET/SECTION_SURFACE_DATASET/2a/surface/2a_3346SE_surface.jpg,/home/ikk/renal-calculi-classificaction/DATASET/SECTION_SURFACE_DATASET/2a/surface/MASKS/2a_3346SE_surface_mask.png,0,2a,surface,2a_3346SE,2a/surface/2a_3346SE_surface.jpg,0,0,0.51209676,0.13307853,0.19031972,0.057954274,0.106550716,3
/home/ikk/renal-calculi-classificaction/DATASET/SECTION_SURFACE_DATASET/2a/surface/2a_3351SE_1._Imagen_general.jpg,/home/ikk/renal-calculi-classificaction/DATASET/SECTION_SURFACE_DATASET/2a/surface/MASKS/2a_3351SE_1._Imagen_general_mask.png,0,2a,surface,2a_3351SE,2a/surface/2a_3351SE_1._Imagen_general.jpg,2,0,0.119808964,0.23703562,0.5576909,0.07690365,0.008560832,3
/home/ikk/renal-calculi-classificaction/DATASET/SECTION_SURFACE_DATASET/2a/surface/2a_2073SE.jpg,/home/ikk/renal-calculi-classificaction/DATASET/SECTION_SURFACE_DATASET/2a/surface/MASKS/2a_2073SE_mask.png,0,2a,surface,2a_2073SE,2a/surface/2a_2073SE.jpg,0,0,0.479092,0.10752542,0.32006836,0.073358126,0.019956037,3
/home/ikk/renal-calculi-classificaction/DATASET/SECTION_SURFACE_DATASET/2a/surface/2a_2015SE.jpg,/home/ikk/renal-calculi-classificaction/DATASET/SECTION_SURFACE_DATASET/2a/surface/MASKS/2a_2015SE_mask.png,0,2a,surface,2a_2015SE,2a/surface/2a_2015SE.jpg,0,0,0.76653594,0.07599622,0.09257987,0.052548297,0.012339637,3
/home/ikk/renal-calculi-classificaction/DATASET/SECTION_SURFACE_DATASET/2a/surface/2a_2087SE.jpg,/home/ikk/renal-calculi-classificaction/DATASET/SECTION_SURFACE_DATASET/2a/surface/MASKS/2a_2087SE_mask.png,0,2a,surface,2a_2087SE,2a/surface/2a_2087SE.jpg,0,0,0.9179512,0.0058537885,0.054193296,0.015851444,0.0061503523,3
/home/ikk/renal-calculi-classificaction/DATASET/SECTION_SURFACE_DATASET/2a/section/2a_2749SE.jpg,/home/ikk/renal-calculi-classificaction/DATASET/SECTION_SURFACE_DATASET/2a/section/MASKS/2a_2749SE_mask.png,0,2a,section,2a_2749SE,2a/section/2a_2749SE.jpg,0,0,0.42544314,0.020416796,0.18356211,0.054308403,0.3162696,3
/home/ikk/renal-calculi-classificaction/DATASET/SECTION_SURFACE_DATASET/2a/section/2a_2133SE.jpg,/home/ikk/renal-calculi-classificaction/DATASET/SECTION_SURFACE_DATASET/2a/section/MASKS/2a_2133SE_mask.png,0,2a,section,2a_2133SE,2a/section/2a_2133SE.jpg,0,0,0.63185614,0.02233363,0.2150351,0.04649628,0.08427888,3
/home/ikk/renal-calculi-classificaction/DATASET/SECTION_SURFACE_DATASET/2a/section/2a_1940SE_2.jpg,/home/ikk/renal-calculi-classificaction/DATASET/SECTION_SURFACE_DATASET/2a/section/MASKS/2a_1940SE_2_mask.png,0,2a,section,2a_1940SE,2a/section/2a_1940SE_2.jpg,0,0,0.57084054,0.013402838,0.061654218,0.14717875,0.20692363,3
/home/ikk/renal-calculi-classificaction/DATASET/SECTION_SURFACE_DATASET/2a/section/2a_3346SE_section.jpg,/home/ikk/renal-calculi-classificaction/DATASET/SECTION_SURFACE_DATASET/2a/section/MASKS/2a_3346SE_section_mask.png,0,2a,section,2a_3346SE,2a/section/2a_3346SE_section.jpg,4,0,0.12917508,0.009293365,0.088239804,0.02396243,0.74932927,3
/home/ikk/renal-calculi-classificaction/DATASET/SECTION_SURFACE_DATASET/2a/section/2a_3351SE_3._Seccion_2.jpg,/home/ikk/renal-calculi-classificaction/DATASET/SECTION_SURFACE_DATASET/2a/section/MASKS/2a_3351SE_3._Seccion_2_mask.png,0,2a,section,2a_3351SE,2a/section/2a_3351SE_3._Seccion_2.jpg,0,0,0.44311762,0.059742015,0.17522106,0.14858404,0.17333531,3
/home/ikk/renal-calculi-classificaction/DATASET/SECTION_SURFACE_DATASET/2a/section/2a_3266SE.jpg,/home/ikk/renal-calculi-classificaction/DATASET/SECTION_SURFACE_DATASET/2a/section/MASKS/2a_3266SE_mask.png,0,2a,section,2a_3266SE,2a/section/2a_3266SE.jpg,0,0,0.70055085,0.023784509,0.03157361,0.01824071,0.22585027,3
/home/ikk/renal-calculi-classificaction/DATASET/SECTION_SURFACE_DATASET/2a/section/2a_2580SE.png,/home/ikk/renal-calculi-classificaction/DATASET/SECTION_SURFACE_DATASET/2a/section/MASKS/2a_2580SE_mask.png,0,2a,section,2a_2580SE,2a/section/2a_2580SE.png,0,0,0.7540425,0.011114042,0.20319223,0.005823663,0.025827544,3
/home/ikk/renal-calculi-classificaction/DATASET/SECTION_SURFACE_DATASET/2a/section/2a_2327SE.png,/home/ikk/renal-calculi-classificaction/DATASET/SECTION_SURFACE_DATASET/2a/section/MASKS/2a_2327SE_mask.png,0,2a,section,2a_2327SE,2a/section/2a_2327SE.png,0,0,0.6877287,0.08091233,0.09792166,0.042469822,0.09096747,3
/home/ikk/renal-calculi-classificaction/DATASET/SECTION_SURFACE_DATASET/2a/section/2a_3351SE_2._Seccion_1.jpg,/home/ikk/renal-calculi-classificaction/DATASET/SECTION_SURFACE_DATASET/2a/section/MASKS/2a_3351SE_2._Seccion_1_mask.png,0,2a,section,2a_3351SE,2a/section/2a_3351SE_2._Seccion_1.jpg,3,0,0.335852,0.083657354,0.15575738,0.34574965,0.07898371,3
/home/ikk/renal-calculi-classificaction/DATASET/SECTION_SURFACE_DATASET/2a/section/2a_1830SE.jpg,/home/ikk/renal-calculi-classificaction/DATASET/SECTION_SURFACE_DATASET/2a/section/MASKS/2a_1830SE_mask.png,0,2a,section,2a_1830SE,2a/section/2a_1830SE.jpg,2,0,0.38911337,0.011258745,0.43131068,0.03701124,0.13130601,3
/home/ikk/renal-calculi-classificaction/DATASET/SECTION_SURFACE_DATASET/2a/section/2a_3025SE.jpg,/home/ikk/renal-calculi-classificaction/DATASET/SECTION_SURFACE_DATASET/2a/section/MASKS/2a_3025SE_mask.png,0,2a,section,2a_3025SE,2a/section/2a_3025SE.jpg,1,0,0.054535206,0.29117557,0.26409844,0.1263153,0.26387548,3
/home/ikk/renal-calculi-classificaction/DATASET/SECTION_SURFACE_DATASET/2a/section/2a_2872SE.jpg,/home/ikk/renal-calculi-classificaction/DATASET/SECTION_SURFACE_DATASET/2a/section/MASKS/2a_2872SE_mask.png,0,2a,section,2a_2872SE,2a/section/2a_2872SE.jpg,0,0,0.6981608,0.022816114,0.13656281,0.04401528,0.098445036,3
/home/ikk/renal-calculi-classificaction/DATASET/SECTION_SURFACE_DATASET/4II-4I/surface/4I_1853SE.jpg,/home/ikk/renal-calculi-classificaction/DATASET/SECTION_SURFACE_DATASET/4II-4I/surface/MASKS/4I_1853SE_mask.png,2,4II-4I,surface,4I_1853SE,4II-4I/surface/4I_1853SE.jpg,2,2,0.13634863,0.05795657,0.7694838,0.027611123,0.008599851,3
/home/ikk/renal-calculi-classificaction/DATASET/SECTION_SURFACE_DATASET/4II-4I/surface/4II_5.jpg,/home/ikk/renal-calculi-classificaction/DATASET/SECTION_SURFACE_DATASET/4II-4I/surface/MASKS/4II_5_mask.png,2,4II-4I,surface,4II_5,4II-4I/surface/4II_5.jpg,2,2,0.024783473,0.10066403,0.8519783,0.013575314,0.0089988345,3
/home/ikk/renal-calculi-classificaction/DATASET/SECTION_SURFACE_DATASET/4II-4I/surface/4II_2201SE.jpg,/home/ikk/renal-calculi-classificaction/DATASET/SECTION_SURFACE_DATASET/4II-4I/surface/MASKS/4II_2201SE_mask.png,2,4II-4I,surface,4II_2201SE,4II-4I/surface/4II_2201SE.jpg,2,2,0.11379101,0.026020044,0.41118523,0.40152428,0.047479376,3
/home/ikk/renal-calculi-classificaction/DATASET/SECTION_SURFACE_DATASET/4II-4I/section/4II_1920SE.jpg,/home/ikk/renal-calculi-classificaction/DATASET/SECTION_SURFACE_DATASET/4II-4I/section/MASKS/4II_1920SE_mask.png,2,4II-4I,section,4II_1920SE,4II-4I/section/4II_1920SE.jpg,2,2,0.0900223,0.038427804,0.82200396,0.027649479,0.021896495,3
/home/ikk/renal-calculi-classificaction/DATASET/SECTION_SURFACE_DATASET/4II-4I/section/4I_1853SE_2.jpg,/home/ikk/renal-calculi-classificaction/DATASET/SECTION_SURFACE_DATASET/4II-4I/section/MASKS/4I_1853SE_2_mask.png,2,4II-4I,section,4I_1853SE,4II-4I/section/4I_1853SE_2.jpg,2,2,0.20132934,0.0476671,0.502464,0.10003894,0.14850062,3
/home/ikk/renal-calculi-classificaction/DATASET/SECTION_SURFACE_DATASET/4II-4I/section/4I_COM_2150SE.jpg,/home/ikk/renal-calculi-classificaction/DATASET/SECTION_SURFACE_DATASET/4II-4I/section/MASKS/4I_COM_2150SE_mask.png,2,4II-4I,section,4I_COM_2150SE,4II-4I/section/4I_COM_2150SE.jpg,3,2,0.07298937,0.09625812,0.3034266,0.46886647,0.058459457,3
/home/ikk/renal-calculi-classificaction/DATASET/SECTION_SURFACE_DATASET/4II-4I/section/4II_2659SE.png,/home/ikk/renal-calculi-classificaction/DATASET/SECTION_SURFACE_DATASET/4II-4I/section/MASKS/4II_2659SE_mask.png,2,4II-4I,section,4II_2659SE,4II-4I/section/4II_2659SE.png,2,2,0.13496776,0.27674815,0.4062979,0.13869683,0.043289397,3
/home/ikk/renal-calculi-classificaction/DATASET/SECTION_SURFACE_DATASET/4II-4I/section/4I_1931SE.jpg,/home/ikk/renal-calculi-classificaction/DATASET/SECTION_SURFACE_DATASET/4II-4I/section/MASKS/4I_1931SE_mask.png,2,4II-4I,section,4I_1931SE,4II-4I/section/4I_1931SE.jpg,0,2,0.33207843,0.099079505,0.15066265,0.1872472,0.23093227,3
/home/ikk/renal-calculi-classificaction/DATASET/SECTION_SURFACE_DATASET/4II-4I/section/4I_2531SE.png,/home/ikk/renal-calculi-classificaction/DATASET/SECTION_SURFACE_DATASET/4II-4I/section/MASKS/4I_2531SE_mask.png,2,4II-4I,section,4I_2531SE,4II-4I/section/4I_2531SE.png,3,2,0.10300444,0.0053865784,0.3165742,0.5316829,0.043351837,3
/home/ikk/renal-calculi-classificaction/DATASET/SECTION_SURFACE_DATASET/4II-4I/section/4I_1931SE_2.jpg,/home/ikk/renal-calculi-classificaction/DATASET/SECTION_SURFACE_DATASET/4II-4I/section/MASKS/4I_1931SE_2_mask.png,2,4II-4I,section,4I_1931SE,4II-4I/section/4I_1931SE_2.jpg,2,2,0.29498237,0.008760779,0.6214017,0.03489538,0.03995973,3
/home/ikk/renal-calculi-classificaction/DATASET/SECTION_SURFACE_DATASET/4II-4I/section/4I_3271SE.jpg,/home/ikk/renal-calculi-classificaction/DATASET/SECTION_SURFACE_DATASET/4II-4I/section/MASKS/4I_3271SE_mask.png,2,4II-4I,section,4I_3271SE,4II-4I/section/4I_3271SE.jpg,2,2,0.07986454,0.05095086,0.5460488,0.26292664,0.060209148,3
/home/ikk/renal-calculi-classificaction/DATASET/SECTION_SURFACE_DATASET/4II-4I/section/4I_2761SE.jpg,/home/ikk/renal-calculi-classificaction/DATASET/SECTION_SURFACE_DATASET/4II-4I/section/MASKS/4I_2761SE_mask.png,2,4II-4I,section,4I_2761SE,4II-4I/section/4I_2761SE.jpg,2,2,0.057125654,0.09415201,0.6207428,0.20713297,0.02084656,3
/home/ikk/renal-calculi-classificaction/DATASET/SECTION_SURFACE_DATASET/4II-4I/section/4II_3040SE.png,/home/ikk/renal-calculi-classificaction/DATASET/SECTION_SURFACE_DATASET/4II-4I/section/MASKS/4II_3040SE_mask.png,2,4II-4I,section,4II_3040SE,4II-4I/section/4II_3040SE.png,4,2,0.09678059,0.06379434,0.2388602,0.23960942,0.36095548,3
/home/ikk/renal-calculi-classificaction/DATASET/SECTION_SURFACE_DATASET/1aI/surface/1aI_COD_sup_1996SE.jpg,/home/ikk/renal-calculi-classificaction/DATASET/SECTION_SURFACE_DATASET/1aI/surface/MASKS/1aI_COD_sup_1996SE_mask.png,0,1aI,surface,1aI_COD_sup_1996SE,1aI/surface/1aI_COD_sup_1996SE.jpg,0,0,0.9631268,0.0027516128,0.025498185,0.0030371372,0.00558623,3
/home/ikk/renal-calculi-classificaction/DATASET/SECTION_SURFACE_DATASET/1aI/surface/1aI_1890SE.jpg,/home/ikk/renal-calculi-classificaction/DATASET/SECTION_SURFACE_DATASET/1aI/surface/MASKS/1aI_1890SE_mask.png,0,1aI,surface,1aI_1890SE,1aI/surface/1aI_1890SE.jpg,0,0,0.70163184,0.026899155,0.19190915,0.02231728,0.05724263,3
/home/ikk/renal-calculi-classificaction/DATASET/SECTION_SURFACE_DATASET/1aI/surface/1aI_1986SE.jpg,/home/ikk/renal-calculi-classificaction/DATASET/SECTION_SURFACE_DATASET/1aI/surface/MASKS/1aI_1986SE_mask.png,0,1aI,surface,1aI_1986SE,1aI/surface/1aI_1986SE.jpg,0,0,0.9563874,0.0015409028,0.016074255,0.016837073,0.00916028,3
/home/ikk/renal-calculi-classificaction/DATASET/SECTION_SURFACE_DATASET/1aI/surface/1aI_2895SE.jpg,/home/ikk/renal-calculi-classificaction/DATASET/SECTION_SURFACE_DATASET/1aI/surface/MASKS/1aI_2895SE_mask.png,0,1aI,surface,1aI_2895SE,1aI/surface/1aI_2895SE.jpg,0,0,0.5874788,0.030247372,0.26864997,0.02556144,0.08806233,3
/home/ikk/renal-calculi-classificaction/DATASET/SECTION_SURFACE_DATASET/1aI/surface/1aI_3199SE.jpg,/home/ikk/renal-calculi-classificaction/DATASET/SECTION_SURFACE_DATASET/1aI/surface/MASKS/1aI_3199SE_mask.png,0,1aI,surface,1aI_3199SE,1aI/surface/1aI_3199SE.jpg,0,0,0.6129547,0.05001738,0.24857862,0.010765488,0.07768378,3
/home/ikk/renal-calculi-classificaction/DATASET/SECTION_SURFACE_DATASET/1aI/surface/1aI_1777SE.jpg,/home/ikk/renal-calculi-classificaction/DATASET/SECTION_SURFACE_DATASET/1aI/surface/MASKS/1aI_1777SE_mask.png,0,1aI,surface,1aI_1777SE,1aI/surface/1aI_1777SE.jpg,0,0,0.8776702,0.03645703,0.035268486,0.011976623,0.038627565,3
/home/ikk/renal-calculi-classificaction/DATASET/SECTION_SURFACE_DATASET/1aI/surface/1aI_1781SE.jpg,/home/ikk/renal-calculi-classificaction/DATASET/SECTION_SURFACE_DATASET/1aI/surface/MASKS/1aI_1781SE_mask.png,0,1aI,surface,1aI_1781SE,1aI/surface/1aI_1781SE.jpg,0,0,0.9579325,0.002340502,0.012236857,0.015133163,0.012357012,3
/home/ikk/renal-calculi-classificaction/DATASET/SECTION_SURFACE_DATASET/1aI/surface/1aI_COD_sup_1829SE.jpg,/home/ikk/renal-calculi-classificaction/DATASET/SECTION_SURFACE_DATASET/1aI/surface/MASKS/1aI_COD_sup_1829SE_mask.png,0,1aI,surface,1aI_COD_sup_1829SE,1aI/surface/1aI_COD_sup_1829SE.jpg,0,0,0.5358409,0.056625582,0.36980054,0.020450266,0.017282687,3
/home/ikk/renal-calculi-classificaction/DATASET/SECTION_SURFACE_DATASET/1aI/surface/1aI_COD_sup_3317SE.jpg,/home/ikk/renal-calculi-classificaction/DATASET/SECTION_SURFACE_DATASET/1aI/surface/MASKS/1aI_COD_sup_3317SE_mask.png,0,1aI,surface,1aI_COD_sup_3317SE,1aI/surface/1aI_COD_sup_3317SE.jpg,0,0,0.8930261,0.006795754,0.086841576,0.0061626057,0.0071739187,3
/home/ikk/renal-calculi-classificaction/DATASET/SECTION_SURFACE_DATASET/1aI/surface/1aI_1947SE.jpg,/home/ikk/renal-calculi-classificaction/DATASET/SECTION_SURFACE_DATASET/1aI/surface/MASKS/1aI_1947SE_mask.png,0,1aI,surface,1aI_1947SE,1aI/surface/1aI_1947SE.jpg,0,0,0.8642203,0.048363347,0.061176367,0.010874603,0.015365397,3
/home/ikk/renal-calculi-classificaction/DATASET/SECTION_SURFACE_DATASET/1aI/surface/1aI_2016SE.jpg,/home/ikk/renal-calculi-classificaction/DATASET/SECTION_SURFACE_DATASET/1aI/surface/MASKS/1aI_2016SE_mask.png,0,1aI,surface,1aI_2016SE,1aI/surface/1aI_2016SE.jpg,0,0,0.94340295,0.013851126,0.011910227,0.015027642,0.015808022,3
/home/ikk/renal-calculi-classificaction/DATASET/SECTION_SURFACE_DATASET/1aI/surface/1aI_2798SE.jpg,/home/ikk/renal-calculi-classificaction/DATASET/SECTION_SURFACE_DATASET/1aI/surface/MASKS/1aI_2798SE_mask.png,0,1aI,surface,1aI_2798SE,1aI/surface/1aI_2798SE.jpg,0,0,0.35580206,0.23990466,0.24981008,0.10877837,0.045704823,3
/home/ikk/renal-calculi-classificaction/DATASET/SECTION_SURFACE_DATASET/1aI/section/1aI_2779SE.jpg,/home/ikk/renal-calculi-classificaction/DATASET/SECTION_SURFACE_DATASET/1aI/section/MASKS/1aI_2779SE_mask.png,0,1aI,section,1aI_2779SE,1aI/section/1aI_2779SE.jpg,0,0,0.98584056,0.0028026605,0.0072053648,0.0010177734,0.00313371,3
/home/ikk/renal-calculi-classificaction/DATASET/SECTION_SURFACE_DATASET/1aI/section/1aI_1947SE_2.jpg,/home/ikk/renal-calculi-classificaction/DATASET/SECTION_SURFACE_DATASET/1aI/section/MASKS/1aI_1947SE_2_mask.png,0,1aI,section,1aI_1947SE,1aI/section/1aI_1947SE_2.jpg,0,0,0.91968673,0.005503594,0.06325719,0.0076267105,0.0039257533,3
/home/ikk/renal-calculi-classificaction/DATASET/SECTION_SURFACE_DATASET/6/surface/6_2784SE.jpg,/home/ikk/renal-calculi-classificaction/DATASET/SECTION_SURFACE_DATASET/6/surface/MASKS/6_2784SE_mask.png,3,6,surface,6_2784SE,6/surface/6_2784SE.jpg,3,3,0.078712575,0.014381641,0.42689943,0.43022993,0.04977645,4
/home/ikk/renal-calculi-classificaction/DATASET/SECTION_SURFACE_DATASET/6/surface/6_2351SE.png,/home/ikk/renal-calculi-classificaction/DATASET/SECTION_SURFACE_DATASET/6/surface/MASKS/6_2351SE_mask.png,3,6,surface,6_2351SE,6/surface/6_2351SE.png,2,3,0.06945915,0.2140505,0.5895403,0.10394554,0.023004558,4
/home/ikk/renal-calculi-classificaction/DATASET/SECTION_SURFACE_DATASET/6/section/6_2061SE.jpg,/home/ikk/renal-calculi-classificaction/DATASET/SECTION_SURFACE_DATASET/6/section/MASKS/6_2061SE_mask.png,3,6,section,6_2061SE,6/section/6_2061SE.jpg,3,3,0.013878741,0.009851412,0.041183714,0.9126282,0.022457983,4
/home/ikk/renal-calculi-classificaction/DATASET/SECTION_SURFACE_DATASET/6/section/6_3253SE.jpg,/home/ikk/renal-calculi-classificaction/DATASET/SECTION_SURFACE_DATASET/6/section/MASKS/6_3253SE_mask.png,3,6,section,6_3253SE,6/section/6_3253SE.jpg,3,3,0.033472244,0.027071845,0.06133612,0.86598575,0.012134033,4
/home/ikk/renal-calculi-classificaction/DATASET/SECTION_SURFACE_DATASET/8aI - 8aII/surface/8aII_1930SE.jpg,/home/ikk/renal-calculi-classificaction/DATASET/SECTION_SURFACE_DATASET/8aI - 8aII/surface/MASKS/8aII_1930SE_mask.png,4,8aI - 8aII,surface,8aII_1930SE,8aI - 8aII/surface/8aII_1930SE.jpg,0,4,0.4308452,0.03964225,0.09930346,0.06080977,0.3693993,4
/home/ikk/renal-calculi-classificaction/DATASET/SECTION_SURFACE_DATASET/8aI - 8aII/surface/8aII_COM_min_1808SE.jpg,/home/ikk/renal-calculi-classificaction/DATASET/SECTION_SURFACE_DATASET/8aI - 8aII/surface/MASKS/8aII_COM_min_1808SE_mask.png,4,8aI - 8aII,surface,8aII_COM_min_1808SE,8aI - 8aII/surface/8aII_COM_min_1808SE.jpg,4,4,0.24875447,0.10975349,0.14129198,0.010432498,0.48976752,4
/home/ikk/renal-calculi-classificaction/DATASET/SECTION_SURFACE_DATASET/8aI - 8aII/surface/8aII_1936SE_surface.jpg,/home/ikk/renal-calculi-classificaction/DATASET/SECTION_SURFACE_DATASET/8aI - 8aII/surface/MASKS/8aII_1936SE_surface_mask.png,4,8aI - 8aII,surface,8aII_1936SE,8aI - 8aII/surface/8aII_1936SE_surface.jpg,0,4,0.5772136,0.06626555,0.17369379,0.09031185,0.09251526,4
/home/ikk/renal-calculi-classificaction/DATASET/SECTION_SURFACE_DATASET/8aI - 8aII/section/8aII_1936SE_section.jpg,/home/ikk/renal-calculi-classificaction/DATASET/SECTION_SURFACE_DATASET/8aI - 8aII/section/MASKS/8aII_1936SE_section_mask.png,4,8aI - 8aII,section,8aII_1936SE,8aI - 8aII/section/8aII_1936SE_section.jpg,0,4,0.43931052,0.03368399,0.33443195,0.040442437,0.15213104,4
/home/ikk/renal-calculi-classificaction/DATASET/SECTION_SURFACE_DATASET/8aI - 8aII/section/8aII_1936SE_2_.jpg,/home/ikk/renal-calculi-classificaction/DATASET/SECTION_SURFACE_DATASET/8aI - 8aII/section/MASKS/8aII_1936SE_2__mask.png,4,8aI - 8aII,section,8aII_1936SE,8aI - 8aII/section/8aII_1936SE_2_.jpg,0,4,0.72244304,0.03501742,0.08435323,0.071127415,0.087058835,4
/home/ikk/renal-calculi-classificaction/DATASET/SECTION_SURFACE_DATASET/8aI - 8aII/section/8aII_1.jpg,/home/ikk/renal-calculi-classificaction/DATASET/SECTION_SURFACE_DATASET/8aI - 8aII/section/MASKS/8aII_1_mask.png,4,8aI - 8aII,section,8aII_1,8aI - 8aII/section/8aII_1.jpg,4,4,0.11799719,0.110843316,0.22030166,0.030111575,0.52074623,4
/home/ikk/renal-calculi-classificaction/DATASET/SECTION_SURFACE_DATASET/8aI - 8aII/section/8aII_2520SE.png,/home/ikk/renal-calculi-classificaction/DATASET/SECTION_SURFACE_DATASET/8aI - 8aII/section/MASKS/8aII_2520SE_mask.png,4,8aI - 8aII,section,8aII_2520SE,8aI - 8aII/section/8aII_2520SE.png,4,4,0.23642541,0.030125273,0.17230928,0.13924772,0.42189234,4
/home/ikk/renal-calculi-classificaction/DATASET/SECTION_SURFACE_DATASET/8aI - 8aII/section/8aII_3053SE.png,/home/ikk/renal-calculi-classificaction/DATASET/SECTION_SURFACE_DATASET/8aI - 8aII/section/MASKS/8aII_3053SE_mask.png,4,8aI - 8aII,section,8aII_3053SE,8aI - 8aII/section/8aII_3053SE.png,4,4,0.07044493,0.0074029276,0.043184686,0.014913202,0.8640542,4
/home/ikk/renal-calculi-classificaction/DATASET/SECTION_SURFACE_DATASET/8aI - 8aII/section/8aII_3118SE.png,/home/ikk/renal-calculi-classificaction/DATASET/SECTION_SURFACE_DATASET/8aI - 8aII/section/MASKS/8aII_3118SE_mask.png,4,8aI - 8aII,section,8aII_3118SE,8aI - 8aII/section/8aII_3118SE.png,4,4,0.10959681,0.25793713,0.1347715,0.029235527,0.46845904,4
/home/ikk/renal-calculi-classificaction/DATASET/SECTION_SURFACE_DATASET/3aII/surface/3aII_3176SE.jpg,/home/ikk/renal-calculi-classificaction/DATASET/SECTION_SURFACE_DATASET/3aII/surface/MASKS/3aII_3176SE_mask.png,1,3aII,surface,3aII_3176SE,3aII/surface/3aII_3176SE.jpg,1,1,0.023663033,0.8025575,0.15655908,0.006499674,0.01072072,4
/home/ikk/renal-calculi-classificaction/DATASET/SECTION_SURFACE_DATASET/3aII/surface/3aII_1994SE.jpg,/home/ikk/renal-calculi-classificaction/DATASET/SECTION_SURFACE_DATASET/3aII/surface/MASKS/3aII_1994SE_mask.png,1,3aII,surface,3aII_1994SE,3aII/surface/3aII_1994SE.jpg,1,1,0.022752618,0.6726123,0.28662965,0.006117687,0.011887714,4
/home/ikk/renal-calculi-classificaction/DATASET/SECTION_SURFACE_DATASET/3aII/surface/3aII_2224SE.jpg,/home/ikk/renal-calculi-classificaction/DATASET/SECTION_SURFACE_DATASET/3aII/surface/MASKS/3aII_2224SE_mask.png,1,3aII,surface,3aII_2224SE,3aII/surface/3aII_2224SE.jpg,1,1,0.16243748,0.42090672,0.24798092,0.06275873,0.105916165,4
/home/ikk/renal-calculi-classificaction/DATASET/SECTION_SURFACE_DATASET/3bII/surface/3bII_2318SE.png,/home/ikk/renal-calculi-classificaction/DATASET/SECTION_SURFACE_DATASET/3bII/surface/MASKS/3bII_2318SE_mask.png,2,3bII,surface,3bII_2318SE,3bII/surface/3bII_2318SE.png,1,2,0.020990822,0.737287,0.2342851,0.0024381524,0.004998965,4
/home/ikk/renal-calculi-classificaction/DATASET/SECTION_SURFACE_DATASET/3bII/surface/3bII_7.png,/home/ikk/renal-calculi-classificaction/DATASET/SECTION_SURFACE_DATASET/3bII/surface/MASKS/3bII_7_mask.png,2,3bII,surface,3bII_7,3bII/surface/3bII_7.png,2,2,0.31198898,0.0743599,0.38480553,0.113362595,0.11548298,4
/home/ikk/renal-calculi-classificaction/DATASET/SECTION_SURFACE_DATASET/3bII/surface/3bII_1995SE.jpg,/home/ikk/renal-calculi-classificaction/DATASET/SECTION_SURFACE_DATASET/3bII/surface/MASKS/3bII_1995SE_mask.png,2,3bII,surface,3bII_1995SE,3bII/surface/3bII_1995SE.jpg,1,2,0.109101094,0.5081936,0.29559654,0.008657951,0.078450814,4
/home/ikk/renal-calculi-classificaction/DATASET/SECTION_SURFACE_DATASET/3bII/surface/3bII_1914SE_2.jpg,/home/ikk/renal-calculi-classificaction/DATASET/SECTION_SURFACE_DATASET/3bII/surface/MASKS/3bII_1914SE_2_mask.png,2,3bII,surface,3bII_1914SE,3bII/surface/3bII_1914SE_2.jpg,2,2,0.061414212,0.33732042,0.5026917,0.076398216,0.022175482,4
/home/ikk/renal-calculi-classificaction/DATASET/SECTION_SURFACE_DATASET/3bII/surface/3bII_1914SE.jpg,/home/ikk/renal-calculi-classificaction/DATASET/SECTION_SURFACE_DATASET/3bII/surface/MASKS/3bII_1914SE_mask.png,2,3bII,surface,3bII_1914SE,3bII/surface/3bII_1914SE.jpg,2,2,0.06491858,0.33045337,0.47790113,0.09774166,0.028985254,4
/home/ikk/renal-calculi-classificaction/DATASET/SECTION_SURFACE_DATASET/3bII/section/3bII_2.png,/home/ikk/renal-calculi-classificaction/DATASET/SECTION_SURFACE_DATASET/3bII/section/MASKS/3bII_2_mask.png,2,3bII,section,3bII_2,3bII/section/3bII_2.png,2,2,0.0991733,0.24643724,0.48310542,0.12319014,0.04809396,4
/home/ikk/renal-calculi-classificaction/DATASET/SECTION_SURFACE_DATASET/3bII/section/3bII_1816SE.jpg,/home/ikk/renal-calculi-classificaction/DATASET/SECTION_SURFACE_DATASET/3bII/section/MASKS/3bII_1816SE_mask.png,2,3bII,section,3bII_1816SE,3bII/section/3bII_1816SE.jpg,1,2,0.11059047,0.6540603,0.2240644,0.0025254511,0.0087594,4
/home/ikk/renal-calculi-classificaction/DATASET/SECTION_SURFACE_DATASET/3bII/section/3bII_2495SE.png,/home/ikk/renal-calculi-classificaction/DATASET/SECTION_SURFACE_DATASET/3bII/section/MASKS/3bII_2495SE_mask.png,2,3bII,section,3bII_2495SE,3bII/section/3bII_2495SE.png,0,2,0.6081139,0.16587856,0.1917411,0.021760028,0.012506361,4
/home/ikk/renal-calculi-classificaction/DATASET/SECTION_SURFACE_DATASET/3bII/section/3bII_111111_inventado.jpg,/home/ikk/renal-calculi-classificaction/DATASET/SECTION_SURFACE_DATASET/3bII/section/MASKS/3bII_111111_inventado_mask.png,2,3bII,section,3bII_111111,3bII/section/3bII_111111_inventado.jpg,0,2,0.69929546,0.017644348,0.16425437,0.07634594,0.042459853,4
/home/ikk/renal-calculi-classificaction/DATASET/SECTION_SURFACE_DATASET/3bII/section/3bII_2847SE.jpg,/home/ikk/renal-calculi-classificaction/DATASET/SECTION_SURFACE_DATASET/3bII/section/MASKS/3bII_2847SE_mask.png,2,3bII,section,3bII_2847SE,3bII/section/3bII_2847SE.jpg,2,2,0.073036514,0.2591341,0.5155985,0.13646157,0.01576934,4
/home/ikk/renal-calculi-classificaction/DATASET/SECTION_SURFACE_DATASET/3bII/section/3bII_3476SE.png,/home/ikk/renal-calculi-classificaction/DATASET/SECTION_SURFACE_DATASET/3bII/section/MASKS/3bII_3476SE_mask.png,2,3bII,section,3bII_3476SE,3bII/section/3bII_3476SE.png,2,2,0.25776163,0.14068164,0.3142198,0.18314737,0.10418953,4
/home/ikk/renal-calculi-classificaction/DATASET/SECTION_SURFACE_DATASET/3bII/section/3bII_2043SE_2.jpg,/home/ikk/renal-calculi-classificaction/DATASET/SECTION_SURFACE_DATASET/3bII/section/MASKS/3bII_2043SE_2_mask.png,2,3bII,section,3bII_2043SE,3bII/section/3bII_2043SE_2.jpg,0,2,0.8362988,0.025545236,0.123454936,0.0038463047,0.010854698,4
/home/ikk/renal-calculi-classificaction/DATASET/SECTION_SURFACE_DATASET/2a/surface/2a_1878SE.jpg,/home/ikk/renal-calculi-classificaction/DATASET/SECTION_SURFACE_DATASET/2a/surface/MASKS/2a_1878SE_mask.png,0,2a,surface,2a_1878SE,2a/surface/2a_1878SE.jpg,2,0,0.3283931,0.113808244,0.35535258,0.08580764,0.1166384,4
/home/ikk/renal-calculi-classificaction/DATASET/SECTION_SURFACE_DATASET/2a/surface/2a_3500SE_1.png,/home/ikk/renal-calculi-classificaction/DATASET/SECTION_SURFACE_DATASET/2a/surface/MASKS/2a_3500SE_1_mask.png,0,2a,surface,2a_3500SE,2a/surface/2a_3500SE_1.png,0,0,0.9479146,0.006095025,0.014974332,0.020065356,0.01095074,4
/home/ikk/renal-calculi-classificaction/DATASET/SECTION_SURFACE_DATASET/2a/surface/2a_3333SE.jpg,/home/ikk/renal-calculi-classificaction/DATASET/SECTION_SURFACE_DATASET/2a/surface/MASKS/2a_3333SE_mask.png,0,2a,surface,2a_3333SE,2a/surface/2a_3333SE.jpg,0,0,0.79365057,0.027984187,0.05116588,0.043554287,0.083645076,4
/home/ikk/renal-calculi-classificaction/DATASET/SECTION_SURFACE_DATASET/2a/surface/2a_2485SE_1.png,/home/ikk/renal-calculi-classificaction/DATASET/SECTION_SURFACE_DATASET/2a/surface/MASKS/2a_2485SE_1_mask.png,0,2a,surface,2a_2485SE,2a/surface/2a_2485SE_1.png,0,0,0.41378626,0.027904348,0.24007829,0.19496173,0.12326934,4
/home/ikk/renal-calculi-classificaction/DATASET/SECTION_SURFACE_DATASET/2a/surface/2a_3469SE_1.png,/home/ikk/renal-calculi-classificaction/DATASET/SECTION_SURFACE_DATASET/2a/surface/MASKS/2a_3469SE_1_mask.png,0,2a,surface,2a_3469SE,2a/surface/2a_3469SE_1.png,0,0,0.7746522,0.04242894,0.06051975,0.0583906,0.06400851,4
/home/ikk/renal-calculi-classificaction/DATASET/SECTION_SURFACE_DATASET/2a/surface/2a_3337SE.jpg,/home/ikk/renal-calculi-classificaction/DATASET/SECTION_SURFACE_DATASET/2a/surface/MASKS/2a_3337SE_mask.png,0,2a,surface,2a_3337SE,2a/surface/2a_3337SE.jpg,0,0,0.9377686,0.0036189866,0.009023051,0.032645155,0.016944252,4
/home/ikk/renal-calculi-classificaction/DATASET/SECTION_SURFACE_DATASET/2a/surface/2a_3098SE.png,/home/ikk/renal-calculi-classificaction/DATASET/SECTION_SURFACE_DATASET/2a/surface/MASKS/2a_3098SE_mask.png,0,2a,surface,2a_3098SE,2a/surface/2a_3098SE.png,0,0,0.9132694,0.019454619,0.016497532,0.025664398,0.02511406,4
/home/ikk/renal-calculi-classificaction/DATASET/SECTION_SURFACE_DATASET/2a/surface/2a_2297SE_1.png,/home/ikk/renal-calculi-classificaction/DATASET/SECTION_SURFACE_DATASET/2a/surface/MASKS/2a_2297SE_1_mask.png,0,2a,surface,2a_2297SE,2a/surface/2a_2297SE_1.png,0,0,0.6789824,0.02145996,0.079761684,0.15205538,0.06774062,4
/home/ikk/renal-calculi-classificaction/DATASET/SECTION_SURFACE_DATASET/2a/section/2a_3500SE_2.png,/home/ikk/renal-calculi-classificaction/DATASET/SECTION_SURFACE_DATASET/2a/section/MASKS/2a_3500SE_2_mask.png,0,2a,section,2a_3500SE,2a/section/2a_3500SE_2.png,0,0,0.8786123,0.004272485,0.07058957,0.012263076,0.034262516,4
/home/ikk/renal-calculi-classificaction/DATASET/SECTION_SURFACE_DATASET/2a/section/2a_COD_sup_2283SE.png,/home/ikk/renal-calculi-classificaction/DATASET/SECTION_SURFACE_DATASET/2a/section/MASKS/2a_COD_sup_2283SE_mask.png,0,2a,section,2a_COD_sup_2283SE,2a/section/2a_COD_sup_2283SE.png,0,0,0.82950664,0.087768614,0.036872778,0.015343326,0.030508684,4
/home/ikk/renal-calculi-classificaction/DATASET/SECTION_SURFACE_DATASET/2a/section/2a_2077SE.jpg,/home/ikk/renal-calculi-classificaction/DATASET/SECTION_SURFACE_DATASET/2a/section/MASKS/2a_2077SE_mask.png,0,2a,section,2a_2077SE,2a/section/2a_2077SE.jpg,0,0,0.675181,0.0594326,0.16362315,0.03879731,0.06296592,4
/home/ikk/renal-calculi-classificaction/DATASET/SECTION_SURFACE_DATASET/2a/section/2aCOD_sup_1.jpg,/home/ikk/renal-calculi-classificaction/DATASET/SECTION_SURFACE_DATASET/2a/section/MASKS/2aCOD_sup_1_mask.png,0,2a,section,2aCOD_sup_1,2a/section/2aCOD_sup_1.jpg,0,0,0.7128069,0.06050814,0.08293135,0.03875913,0.104994506,4
/home/ikk/renal-calculi-classificaction/DATASET/SECTION_SURFACE_DATASET/2a/section/2a_2602SE.png,/home/ikk/renal-calculi-classificaction/DATASET/SECTION_SURFACE_DATASET/2a/section/MASKS/2a_2602SE_mask.png,0,2a,section,2a_2602SE,2a/section/2a_2602SE.png,0,0,0.8874948,0.013829137,0.039644238,0.008228382,0.05080338,4
/home/ikk/renal-calculi-classificaction/DATASET/SECTION_SURFACE_DATASET/2a/section/2a_2869SE.jpg,/home/ikk/renal-calculi-classificaction/DATASET/SECTION_SURFACE_DATASET/2a/section/MASKS/2a_2869SE_mask.png,0,2a,section,2a_2869SE,2a/section/2a_2869SE.jpg,0,0,0.9263096,0.006100164,0.020748023,0.013611786,0.033230394,4
/home/ikk/renal-calculi-classificaction/DATASET/SECTION_SURFACE_DATASET/2a/section/2a_2049SE.jpg,/home/ikk/renal-calculi-classificaction/DATASET/SECTION_SURFACE_DATASET/2a/section/MASKS/2a_2049SE_mask.png,0,2a,section,2a_2049SE,2a/section/2a_2049SE.jpg,0,0,0.88680184,0.02237516,0.06814939,0.0061691995,0.01650448,4
/home/ikk/renal-calculi-classificaction/DATASET/SECTION_SURFACE_DATASET/2a/section/2a_2297SE_2.png,/home/ikk/renal-calculi-classificaction/DATASET/SECTION_SURFACE_DATASET/2a/section/MASKS/2a_2297SE_2_mask.png,0,2a,section,2a_2297SE,2a/section/2a_2297SE_2.png,0,0,0.8933312,0.0062354547,0.03715782,0.02260697,0.040668562,4
/home/ikk/renal-calculi-classificaction/DATASET/SECTION_SURFACE_DATASET/2a/section/2a_2485SE_2.png,/home/ikk/renal-calculi-classificaction/DATASET/SECTION_SURFACE_DATASET/2a/section/MASKS/2a_2485SE_2_mask.png,0,2a,section,2a_2485SE,2a/section/2a_2485SE_2.png,0,0,0.54177696,0.06869469,0.18255188,0.14507875,0.061897743,4
/home/ikk/renal-calculi-classificaction/DATASET/SECTION_SURFACE_DATASET/2a/section/2a_3469SE_2.png,/home/ikk/renal-calculi-classificaction/DATASET/SECTION_SURFACE_DATASET/2a/section/MASKS/2a_3469SE_2_mask.png,0,2a,section,2a_3469SE,2a/section/2a_3469SE_2.png,0,0,0.63154036,0.028824229,0.1265654,0.06043427,0.1526357,4
/home/ikk/renal-calculi-classificaction/DATASET/SECTION_SURFACE_DATASET/2a/section/2a_2710SE.jpg,/home/ikk/renal-calculi-classificaction/DATASET/SECTION_SURFACE_DATASET/2a/section/MASKS/2a_2710SE_mask.png,0,2a,section,2a_2710SE,2a/section/2a_2710SE.jpg,0,0,0.6577428,0.03858456,0.11237856,0.03760076,0.15369327,4
/home/ikk/renal-calculi-classificaction/DATASET/SECTION_SURFACE_DATASET/2a/section/2a_1878SE_2.jpg,/home/ikk/renal-calculi-classificaction/DATASET/SECTION_SURFACE_DATASET/2a/section/MASKS/2a_1878SE_2_mask.png,0,2a,section,2a_1878SE,2a/section/2a_1878SE_2.jpg,2,0,0.29248488,0.115030326,0.35357553,0.020988505,0.21792077,4
/home/ikk/renal-calculi-classificaction/DATASET/SECTION_SURFACE_DATASET/2a/section/2a_1938SE.jpg,/home/ikk/renal-calculi-classificaction/DATASET/SECTION_SURFACE_DATASET/2a/section/MASKS/2a_1938SE_mask.png,0,2a,section,2a_1938SE,2a/section/2a_1938SE.jpg,0,0,0.72811645,0.08479142,0.068232805,0.030996319,0.08786298,4
/home/ikk/renal-calculi-classificaction/DATASET/SECTION_SURFACE_DATASET/4II-4I/surface/4II_1825SE.jpg,/home/ikk/renal-calculi-classificaction/DATASET/SECTION_SURFACE_DATASET/4II-4I/surface/MASKS/4II_1825SE_mask.png,2,4II-4I,surface,4II_1825SE,4II-4I/surface/4II_1825SE.jpg,0,2,0.81781054,0.021923596,0.0917744,0.00510865,0.063382834,4
/home/ikk/renal-calculi-classificaction/DATASET/SECTION_SURFACE_DATASET/4II-4I/surface/4II_4.jpg,/home/ikk/renal-calculi-classificaction/DATASET/SECTION_SURFACE_DATASET/4II-4I/surface/MASKS/4II_4_mask.png,2,4II-4I,surface,4II_4,4II-4I/surface/4II_4.jpg,1,2,0.07749004,0.42900747,0.42731634,0.048076384,0.018109795,4
/home/ikk/renal-calculi-classificaction/DATASET/SECTION_SURFACE_DATASET/4II-4I/surface/4I_2157SE.jpg,/home/ikk/renal-calculi-classificaction/DATASET/SECTION_SURFACE_DATASET/4II-4I/surface/MASKS/4I_2157SE_mask.png,2,4II-4I,surface,4I_2157SE,4II-4I/surface/4I_2157SE.jpg,3,2,0.1786038,0.085250385,0.2730033,0.28167847,0.18146406,4
/home/ikk/renal-calculi-classificaction/DATASET/SECTION_SURFACE_DATASET/4II-4I/section/4II_1825SE_2.jpg,/home/ikk/renal-calculi-classificaction/DATASET/SECTION_SURFACE_DATASET/4II-4I/section/MASKS/4II_1825SE_2_mask.png,2,4II-4I,section,4II_1825SE,4II-4I/section/4II_1825SE_2.jpg,2,2,0.079190575,0.042631004,0.5958638,0.2373478,0.044966836,4
/home/ikk/renal-calculi-classificaction/DATASET/SECTION_SURFACE_DATASET/4II-4I/section/4II_2995SE.jpg,/home/ikk/renal-calculi-classificaction/DATASET/SECTION_SURFACE_DATASET/4II-4I/section/MASKS/4II_2995SE_mask.png,2,4II-4I,section,4II_2995SE,4II-4I/section/4II_2995SE.jpg,2,2,0.03366066,0.11320623,0.75274885,0.048216358,0.052167896,4
/home/ikk/renal-calculi-classificaction/DATASET/SECTION_SURFACE_DATASET/4II-4I/section/4I_2427SE.png,/home/ikk/renal-calculi-classificaction/DATASET/SECTION_SURFACE_DATASET/4II-4I/section/MASKS/4I_2427SE_mask.png,2,4II-4I,section,4I_2427SE,4II-4I/section/4I_2427SE.png,0,2,0.5998166,0.048621725,0.26599163,0.057822455,0.027747685,4
/home/ikk/renal-calculi-classificaction/DATASET/SECTION_SURFACE_DATASET/4II-4I/section/4I_2021SE.jpg,/home/ikk/renal-calculi-classificaction/DATASET/SECTION_SURFACE_DATASET/4II-4I/section/MASKS/4I_2021SE_mask.png,2,4II-4I,section,4I_2021SE,4II-4I/section/4I_2021SE.jpg,0,2,0.78163344,0.028376054,0.16954951,0.006585435,0.013855609,4
/home/ikk/renal-calculi-classificaction/DATASET/SECTION_SURFACE_DATASET/4II-4I/section/4II_3012SE.jpg,/home/ikk/renal-calculi-classificaction/DATASET/SECTION_SURFACE_DATASET/4II-4I/section/MASKS/4II_3012SE_mask.png,2,4II-4I,section,4II_3012SE,4II-4I/section/4II_3012SE.jpg,2,2,0.024857318,0.053275768,0.6217675,0.29110643,0.00899297,4
/home/ikk/renal-calculi-classificaction/DATASET/SECTION_SURFACE_DATASET/4II-4I/section/4I_3380SE.jpg,/home/ikk/renal-calculi-classificaction/DATASET/SECTION_SURFACE_DATASET/4II-4I/section/MASKS/4I_3380SE_mask.png,2,4II-4I,section,4I_3380SE,4II-4I/section/4I_3380SE.jpg,0,2,0.74635357,0.006901141,0.19989228,0.03834449,0.0085085435,4
/home/ikk/renal-calculi-classificaction/DATASET/SECTION_SURFACE_DATASET/4II-4I/section/4II_2213SE.jpg,/home/ikk/renal-calculi-classificaction/DATASET/SECTION_SURFACE_DATASET/4II-4I/section/MASKS/4II_2213SE_mask.png,2,4II-4I,section,4II_2213SE,4II-4I/section/4II_2213SE.jpg,2,2,0.18791363,0.11566751,0.58085996,0.04394168,0.07161724,4
/home/ikk/renal-calculi-classificaction/DATASET/SECTION_SURFACE_DATASET/4II-4I/section/4I_COM_3445SE.jpg,/home/ikk/renal-calculi-classificaction/DATASET/SECTION_SURFACE_DATASET/4II-4I/section/MASKS/4I_COM_3445SE_mask.png,2,4II-4I,section,4I_COM_3445SE,4II-4I/section/4I_COM_3445SE.jpg,0,2,0.41894066,0.034239944,0.13048846,0.2659767,0.15035427,4
/home/ikk/renal-calculi-classificaction/DATASET/SECTION_SURFACE_DATASET/4II-4I/section/4II_2620SE.png,/home/ikk/renal-calculi-classificaction/DATASET/SECTION_SURFACE_DATASET/4II-4I/section/MASKS/4II_2620SE_mask.png,2,4II-4I,section,4II_2620SE,4II-4I/section/4II_2620SE.png,0,2,0.41087717,0.12400414,0.34440297,0.044869363,0.0758464,4
/home/ikk/renal-calculi-classificaction/DATASET/SECTION_SURFACE_DATASET/4II-4I/section/4II_8.png,/home/ikk/renal-calculi-classificaction/DATASET/SECTION_SURFACE_DATASET/4II-4I/section/MASKS/4II_8_mask.png,2,4II-4I,section,4II_8,4II-4I/section/4II_8.png,2,2,0.036625788,0.17265928,0.6049116,0.17281519,0.012988083,4
/home/ikk/renal-calculi-classificaction/DATASET/SECTION_SURFACE_DATASET/1aI/surface/1aI_2004SE_1.jpg,/home/ikk/renal-calculi-classificaction/DATASET/SECTION_SURFACE_DATASET/1aI/surface/MASKS/1aI_2004SE_1_mask.png,0,1aI,surface,1aI_2004SE,1aI/surface/1aI_2004SE_1.jpg,0,0,0.6871938,0.15080221,0.11462072,0.015043978,0.032339297,4
/home/ikk/renal-calculi-classificaction/DATASET/SECTION_SURFACE_DATASET/1aI/surface/1aI_3206SE_1.jpg,/home/ikk/renal-calculi-classificaction/DATASET/SECTION_SURFACE_DATASET/1aI/surface/MASKS/1aI_3206SE_1_mask.png,0,1aI,surface,1aI_3206SE,1aI/surface/1aI_3206SE_1.jpg,0,0,0.5984527,0.14150414,0.068741046,0.027987195,0.16331498,4
/home/ikk/renal-calculi-classificaction/DATASET/SECTION_SURFACE_DATASET/1aI/surface/1aI_2857SE_1.jpg,/home/ikk/renal-calculi-classificaction/DATASET/SECTION_SURFACE_DATASET/1aI/surface/MASKS/1aI_2857SE_1_mask.png,0,1aI,surface,1aI_2857SE,1aI/surface/1aI_2857SE_1.jpg,0,0,0.7908028,0.07397578,0.08494286,0.028964525,0.021314159,4
/home/ikk/renal-calculi-classificaction/DATASET/SECTION_SURFACE_DATASET/1aI/surface/1aI_3369SE.jpg,/home/ikk/renal-calculi-classificaction/DATASET/SECTION_SURFACE_DATASET/1aI/surface/MASKS/1aI_3369SE_mask.png,0,1aI,surface,1aI_3369SE,1aI/surface/1aI_3369SE.jpg,0,0,0.43188035,0.17907017,0.332166,0.0062539945,0.05062952,4
/home/ikk/renal-calculi-classificaction/DATASET/SECTION_SURFACE_DATASET/1aI/surface/1aI_3292SE_2.jpg,/home/ikk/renal-calculi-classificaction/DATASET/SECTION_SURFACE_DATASET/1aI/surface/MASKS/1aI_3292SE_2_mask.png,0,1aI,surface,1aI_3292SE,1aI/surface/1aI_3292SE_2.jpg,4,0,0.32229123,0.13797057,0.110103644,0.04648924,0.38314536,4
/home/ikk/renal-calculi-classificaction/DATASET/SECTION_SURFACE_DATASET/1aI/surface/1aI_3292SE_1.jpg,/home/ikk/renal-calculi-classificaction/DATASET/SECTION_SURFACE_DATASET/1aI/surface/MASKS/1aI_3292SE_1_mask.png,0,1aI,surface,1aI_3292SE,1aI/surface/1aI_3292SE_1.jpg,4,0,0.19185543,0.04452425,0.1735733,0.05493352,0.5351135,4
/home/ikk/renal-calculi-classificaction/DATASET/SECTION_SURFACE_DATASET/1aI/surface/1aI_2046SE_1.jpg,/home/ikk/renal-calculi-classificaction/DATASET/SECTION_SURFACE_DATASET/1aI/surface/MASKS/1aI_2046SE_1_mask.png,0,1aI,surface,1aI_2046SE,1aI/surface/1aI_2046SE_1.jpg,0,0,0.8444605,0.01937694,0.04111882,0.026963102,0.068080544,4
/home/ikk/renal-calculi-classificaction/DATASET/SECTION_SURFACE_DATASET/1aI/surface/1aI_2138SE_1.jpg,/home/ikk/renal-calculi-classificaction/DATASET/SECTION_SURFACE_DATASET/1aI/surface/MASKS/1aI_2138SE_1_mask.png,0,1aI,surface,1aI_2138SE,1aI/surface/1aI_2138SE_1.jpg,0,0,0.7068868,0.010892098,0.08367153,0.03067475,0.16787483,4
/home/ikk/renal-calculi-classificaction/DATASET/SECTION_SURFACE_DATASET/1aI/surface/1aI_2004SE_2.jpg,/home/ikk/renal-calculi-classificaction/DATASET/SECTION_SURFACE_DATASET/1aI/surface/MASKS/1aI_2004SE_2_mask.png,0,1aI,surface,1aI_2004SE,1aI/surface/1aI_2004SE_2.jpg,0,0,0.8570848,0.036968887,0.050345812,0.023927948,0.031672563,4
/home/ikk/renal-calculi-classificaction/DATASET/SECTION_SURFACE_DATASET/1aI/surface/1aI_3292SE_3.jpg,/home/ikk/renal-calculi-classificaction/DATASET/SECTION_SURFACE_DATASET/1aI/surface/MASKS/1aI_3292SE_3_mask.png,0,1aI,surface,1aI_3292SE,1aI/surface/1aI_3292SE_3.jpg,0,0,0.4202163,0.07166908,0.060331605,0.028316379,0.41946656,4
/home/ikk/renal-calculi-classificaction/DATASET/SECTION_SURFACE_DATASET/1aI/section/1aI_3292SE_5.jpg,/home/ikk/renal-calculi-classificaction/DATASET/SECTION_SURFACE_DATASET/1aI/section/MASKS/1aI_3292SE_5_mask.png,0,1aI,section,1aI_3292SE,1aI/section/1aI_3292SE_5.jpg,0,0,0.5964719,0.053681836,0.14988366,0.064456284,0.13550635,4
/home/ikk/renal-calculi-classificaction/DATASET/SECTION_SURFACE_DATASET/1aI/section/1aI_2046SE_3.jpg,/home/ikk/renal-calculi-classificaction/DATASET/SECTION_SURFACE_DATASET/1aI/section/MASKS/1aI_2046SE_3_mask.png,0,1aI,section,1aI_2046SE,1aI/section/1aI_2046SE_3.jpg,0,0,0.92293555,0.0070860283,0.018912552,0.004754633,0.046311323,4
/home/ikk/renal-calculi-classificaction/DATASET/SECTION_SURFACE_DATASET/1aI/section/1aI_COD_sup_2058SE.jpg,/home/ikk/renal-calculi-classificaction/DATASET/SECTION_SURFACE_DATASET/1aI/section/MASKS/1aI_COD_sup_2058SE_mask.png,0,1aI,section,1aI_COD_sup_2058SE,1aI/section/1aI_COD_sup_2058SE.jpg,2,0,0.3570543,0.08455782,0.42578351,0.1067404,0.025863906,4
/home/ikk/renal-calculi-classificaction/DATASET/SECTION_SURFACE_DATASET/1aI/section/1aI_COD_sup_3291SE_2.jpg,/home/ikk/renal-calculi-classificaction/DATASET/SECTION_SURFACE_DATASET/1aI/section/MASKS/1aI_COD_sup_3291SE_2_mask.png,0,1aI,section,1aI_COD_sup_3291SE,1aI/section/1aI_COD_sup_3291SE_2.jpg,0,0,0.8022685,0.02055267,0.03805938,0.0761513,0.062968194,4
/home/ikk/renal-calculi-classificaction/DATASET/SECTION_SURFACE_DATASET/1aI/section/1aI_2046SE_2.jpg,/home/ikk/renal-calculi-classificaction/DATASET/SECTION_SURFACE_DATASET/1aI/section/MASKS/1aI_2046SE_2_mask.png,0,1aI,section,1aI_2046SE,1aI/section/1aI_2046SE_2.jpg,0,0,0.917747,0.0088854525,0.023172207,0.004897368,0.045297958,4
/home/ikk/renal-calculi-classificaction/DATASET/SECTION_SURFACE_DATASET/1aI/section/1aI_2138SE_2.jpg,/home/ikk/renal-calculi-classificaction/DATASET/SECTION_SURFACE_DATASET/1aI/section/MASKS/1aI_2138SE_2_mask.png,0,1aI,section,1aI_2138SE,1aI/section/1aI_2138SE_2.jpg,0,0,0.9266734,0.0019472946,0.019847605,0.0021289645,0.049402785,4
/home/ikk/renal-calculi-classificaction/DATASET/SECTION_SURFACE_DATASET/1aI/section/1aI_3292SE_4.jpg,/home/ikk/renal-calculi-classificaction/DATASET/SECTION_SURFACE_DATASET/1aI/section/MASKS/1aI_3292SE_4_mask.png,0,1aI,section,1aI_3292SE,1aI/section/1aI_3292SE_4.jpg,0,0,0.6193083,0.047355965,0.06064851,0.036526036,0.23616122,4
