image_path,mask_path,label,folder,view,stone_id,pred,true,fold,prob_COM,prob_COD,prob_Mixto,prob_Infeccioso,prob_Urico
/home/ikk/renal-calculi-classificaction/DATASET/RESIZED/6/surface/6_2662SE_surface.png,/home/ikk/renal-calculi-classificaction/DATASET/RESIZED/6/surface/MASKS/6_2662SE_surface_mask.png,3,6,surface,6_2662SE,1,3,1,0.039596613,0.44177827,0.26857436,0.10955619,0.14049451
/home/ikk/renal-calculi-classificaction/DATASET/RESIZED/6/surface/6_3260SE.jpg,/home/ikk/renal-calculi-classificaction/DATASET/RESIZED/6/surface/MASKS/6_3260SE_mask.png,3,6,surface,6_3260SE,3,3,1,0.0076352064,0.0018819076,0.021222321,0.96720225,0.0020583498
/home/ikk/renal-calculi-classificaction/DATASET/RESIZED/6/surface/6_2365SE_1.png,/home/ikk/renal-calculi-classificaction/DATASET/RESIZED/6/surface/MASKS/6_2365SE_1_mask.png,3,6,surface,6_2365SE,3,3,1,0.07038242,0.01171728,0.063509755,0.8393223,0.0150682395
/home/ikk/renal-calculi-classificaction/DATASET/RESIZED/6/section/6_2535SE_1.png,/home/ikk/renal-calculi-classificaction/DATASET/RESIZED/6/section/MASKS/6_2535SE_1_mask.png,3,6,section,6_2535SE,2,3,1,0.045050442,0.038615014,0.8362657,0.0694425,0.010626314
/home/ikk/renal-calculi-classificaction/DATASET/RESIZED/6/section/6_2662SE_section.png,/home/ikk/renal-calculi-classificaction/DATASET/RESIZED/6/section/MASKS/6_2662SE_section_mask.png,3,6,section,6_2662SE,2,3,1,0.13932076,0.096801795,0.38126874,0.3588973,0.023711411
/home/ikk/renal-calculi-classificaction/DATASET/RESIZED/6/section/6_2535SE_2.png,/home/ikk/renal-calculi-classificaction/DATASET/RESIZED/6/section/MASKS/6_2535SE_2_mask.png,3,6,section,6_2535SE,3,3,1,0.051551253,0.016004087,0.20491377,0.7150911,0.012439783
/home/ikk/renal-calculi-classificaction/DATASET/RESIZED/6/section/6_3198SE.jpg,/home/ikk/renal-calculi-classificaction/DATASET/RESIZED/6/section/MASKS/6_3198SE_mask.png,3,6,section,6_3198SE,0,3,1,0.83220154,0.02238311,0.07458312,0.015472312,0.055359952
/home/ikk/renal-calculi-classificaction/DATASET/RESIZED/6/section/6_2365SE_2.png,/home/ikk/renal-calculi-classificaction/DATASET/RESIZED/6/section/MASKS/6_2365SE_2_mask.png,3,6,section,6_2365SE,2,3,1,0.07714508,0.012412374,0.50900316,0.3757126,0.025726782
/home/ikk/renal-calculi-classificaction/DATASET/RESIZED/6/section/6_2212SE.jpg,/home/ikk/renal-calculi-classificaction/DATASET/RESIZED/6/section/MASKS/6_2212SE_mask.png,3,6,section,6_2212SE,3,3,1,0.019598613,0.0049618706,0.04435501,0.9277225,0.003362046
/home/ikk/renal-calculi-classificaction/DATASET/RESIZED/8aI - 8aII/surface/8aII_2951SE.jpg,/home/ikk/renal-calculi-classificaction/DATASET/RESIZED/8aI - 8aII/surface/MASKS/8aII_2951SE_mask.png,4,8aI - 8aII,surface,8aII_2951SE,4,4,1,0.130921,0.023743607,0.022417769,0.03132629,0.79159135
/home/ikk/renal-calculi-classificaction/DATASET/RESIZED/8aI - 8aII/surface/8aI_2044SE_1.jpg,/home/ikk/renal-calculi-classificaction/DATASET/RESIZED/8aI - 8aII/surface/MASKS/8aI_2044SE_1_mask.png,4,8aI - 8aII,surface,8aI_2044SE,2,4,1,0.044781882,0.026716178,0.7973004,0.09207973,0.039121836
/home/ikk/renal-calculi-classificaction/DATASET/RESIZED/8aI - 8aII/surface/8aII_2826SE.jpg,/home/ikk/renal-calculi-classificaction/DATASET/RESIZED/8aI - 8aII/surface/MASKS/8aII_2826SE_mask.png,4,8aI - 8aII,surface,8aII_2826SE,4,4,1,0.22200811,0.01726876,0.010135312,0.026731042,0.72385675
/home/ikk/renal-calculi-classificaction/DATASET/RESIZED/8aI - 8aII/section/8aII_2106SE.jpg,/home/ikk/renal-calculi-classificaction/DATASET/RESIZED/8aI - 8aII/section/MASKS/8aII_2106SE_mask.png,4,8aI - 8aII,section,8aII_2106SE,0,4,1,0.43002954,0.10471862,0.33646274,0.05521367,0.07357543
/home/ikk/renal-calculi-classificaction/DATASET/RESIZED/8aI - 8aII/section/8aI_2044SE_2.jpg,/home/ikk/renal-calculi-classificaction/DATASET/RESIZED/8aI - 8aII/section/MASKS/8aI_2044SE_2_mask.png,4,8aI - 8aII,section,8aI_2044SE,0,4,1,0.43892205,0.011949739,0.23357816,0.030665813,0.28488427
/home/ikk/renal-calculi-classificaction/DATASET/RESIZED/8aI - 8aII/section/8aII_2515SE.png,/home/ikk/renal-calculi-classificaction/DATASET/RESIZED/8aI - 8aII/section/MASKS/8aII_2515SE_mask.png,4,8aI - 8aII,section,8aII_2515SE,0,4,1,0.48583218,0.03416784,0.09406628,0.01389998,0.37203372
/home/ikk/renal-calculi-classificaction/DATASET/RESIZED/8aI - 8aII/section/8aII_3102SE.png,/home/ikk/renal-calculi-classificaction/DATASET/RESIZED/8aI - 8aII/section/MASKS/8aII_3102SE_mask.png,4,8aI - 8aII,section,8aII_3102SE,4,4,1,0.028318252,0.025957955,0.016604232,0.012832064,0.9162875
/home/ikk/renal-calculi-classificaction/DATASET/RESIZED/3aII/surface/3aII_2047SE.jpg,/home/ikk/renal-calculi-classificaction/DATASET/RESIZED/3aII/surface/MASKS/3aII_2047SE_mask.png,1,3aII,surface,3aII_2047SE,2,1,1,0.371837,0.09778337,0.5109518,0.0073032225,0.012124566
/home/ikk/renal-calculi-classificaction/DATASET/RESIZED/3aII/surface/3aII_3381SE.jpg,/home/ikk/renal-calculi-classificaction/DATASET/RESIZED/3aII/surface/MASKS/3aII_3381SE_mask.png,1,3aII,surface,3aII_3381SE,2,1,1,0.16204962,0.14550966,0.6648824,0.017326308,0.010231963
/home/ikk/renal-calculi-classificaction/DATASET/RESIZED/3aII/surface/3aII_2682SE.png,/home/ikk/renal-calculi-classificaction/DATASET/RESIZED/3aII/surface/MASKS/3aII_2682SE_mask.png,1,3aII,surface,3aII_2682SE,0,1,1,0.43040067,0.33330247,0.14765345,0.030194866,0.058448542
/home/ikk/renal-calculi-classificaction/DATASET/RESIZED/3bII/surface/3bII_2024SE.jpg,/home/ikk/renal-calculi-classificaction/DATASET/RESIZED/3bII/surface/MASKS/3bII_2024SE_mask.png,2,3bII,surface,3bII_2024SE,2,2,1,0.26444554,0.049332112,0.66595554,0.009800065,0.010466674
/home/ikk/renal-calculi-classificaction/DATASET/RESIZED/3bII/surface/3bII_1863SE.jpg,/home/ikk/renal-calculi-classificaction/DATASET/RESIZED/3bII/surface/MASKS/3bII_1863SE_mask.png,2,3bII,surface,3bII_1863SE,0,2,1,0.7356189,0.012395617,0.20973936,0.0032694014,0.038976762
/home/ikk/renal-calculi-classificaction/DATASET/RESIZED/3bII/surface/3bII_2434SE.png,/home/ikk/renal-calculi-classificaction/DATASET/RESIZED/3bII/surface/MASKS/3bII_2434SE_mask.png,2,3bII,surface,3bII_2434SE,0,2,1,0.56983984,0.04710011,0.33801007,0.010703037,0.03434693
/home/ikk/renal-calculi-classificaction/DATASET/RESIZED/3bII/surface/3bII_3007SE.jpg,/home/ikk/renal-calculi-classificaction/DATASET/RESIZED/3bII/surface/MASKS/3bII_3007SE_mask.png,2,3bII,surface,3bII_3007SE,2,2,1,0.030039506,0.010231113,0.9055598,0.050676275,0.0034933055
/home/ikk/renal-calculi-classificaction/DATASET/RESIZED/3bII/surface/3bII_2258SE.png,/home/ikk/renal-calculi-classificaction/DATASET/RESIZED/3bII/surface/MASKS/3bII_2258SE_mask.png,2,3bII,surface,3bII_2258SE,2,2,1,0.01218021,0.011075706,0.9421819,0.023447253,0.011114989
/home/ikk/renal-calculi-classificaction/DATASET/RESIZED/3bII/surface/3bII_2699SE.jpg,/home/ikk/renal-calculi-classificaction/DATASET/RESIZED/3bII/surface/MASKS/3bII_2699SE_mask.png,2,3bII,surface,3bII_2699SE,0,2,1,0.6021987,0.077585,0.29342115,0.011898669,0.014896468
/home/ikk/renal-calculi-classificaction/DATASET/RESIZED/3bII/surface/3bII_2251SE.png,/home/ikk/renal-calculi-classificaction/DATASET/RESIZED/3bII/surface/MASKS/3bII_2251SE_mask.png,2,3bII,surface,3bII_2251SE,2,2,1,0.023905005,0.081351735,0.8590186,0.029312804,0.0064118295
/home/ikk/renal-calculi-classificaction/DATASET/RESIZED/3bII/surface/3bII_1985SE_1.jpg,/home/ikk/renal-calculi-classificaction/DATASET/RESIZED/3bII/surface/MASKS/3bII_1985SE_1_mask.png,2,3bII,surface,3bII_1985SE,2,2,1,0.118595384,0.015049659,0.8222236,0.028693672,0.015437703
/home/ikk/renal-calculi-classificaction/DATASET/RESIZED/3bII/section/3bII_3069SE.png,/home/ikk/renal-calculi-classificaction/DATASET/RESIZED/3bII/section/MASKS/3bII_3069SE_mask.png,2,3bII,section,3bII_3069SE,2,2,1,0.23441412,0.121814124,0.46808273,0.052407607,0.12328145
/home/ikk/renal-calculi-classificaction/DATASET/RESIZED/3bII/section/3bII_1985SE_2.jpg,/home/ikk/renal-calculi-classificaction/DATASET/RESIZED/3bII/section/MASKS/3bII_1985SE_2_mask.png,2,3bII,section,3bII_1985SE,1,2,1,0.2307811,0.3305814,0.27802786,0.1533365,0.007273137
/home/ikk/renal-calculi-classificaction/DATASET/RESIZED/3bII/section/3bII_MO_1868SE.jpg,/home/ikk/renal-calculi-classificaction/DATASET/RESIZED/3bII/section/MASKS/3bII_MO_1868SE_mask.png,2,3bII,section,3bII_MO_1868SE,2,2,1,0.058391526,0.18003389,0.7158779,0.021996938,0.023699747
/home/ikk/renal-calculi-classificaction/DATASET/RESIZED/3bII/section/3bII_1804SE.jpg,/home/ikk/renal-calculi-classificaction/DATASET/RESIZED/3bII/section/MASKS/3bII_1804SE_mask.png,2,3bII,section,3bII_1804SE,2,2,1,0.36914575,0.08688456,0.5088005,0.0061095958,0.029059557
/home/ikk/renal-calculi-classificaction/DATASET/RESIZED/3bII/section/3bII_1941SE.jpg,/home/ikk/renal-calculi-classificaction/DATASET/RESIZED/3bII/section/MASKS/3bII_1941SE_mask.png,2,3bII,section,3bII_1941SE,2,2,1,0.123124965,0.019714965,0.8316898,0.0121086165,0.01336161
/home/ikk/renal-calculi-classificaction/DATASET/RESIZED/3bII/section/3bII_2759SE.jpg,/home/ikk/renal-calculi-classificaction/DATASET/RESIZED/3bII/section/MASKS/3bII_2759SE_mask.png,2,3bII,section,3bII_2759SE,2,2,1,0.38419092,0.011859068,0.57213324,0.025164608,0.006652145
/home/ikk/renal-calculi-classificaction/DATASET/RESIZED/2a/surface/2a_1796SE_2.jpg,/home/ikk/renal-calculi-classificaction/DATASET/RESIZED/2a/surface/MASKS/2a_1796SE_2_mask.png,0,2a,surface,2a_1796SE,0,0,1,0.6599938,0.029978167,0.14113162,0.0049748085,0.16392155
/home/ikk/renal-calculi-classificaction/DATASET/RESIZED/2a/surface/2a_2156SE.jpg,/home/ikk/renal-calculi-classificaction/DATASET/RESIZED/2a/surface/MASKS/2a_2156SE_mask.png,0,2a,surface,2a_2156SE,0,0,1,0.7756597,0.031952143,0.12884572,0.033995643,0.029546788
/home/ikk/renal-calculi-classificaction/DATASET/RESIZED/2a/surface/2a_1782SE_surface.jpg,/home/ikk/renal-calculi-classificaction/DATASET/RESIZED/2a/surface/MASKS/2a_1782SE_surface_mask.png,0,2a,surface,2a_1782SE,2,0,1,0.47019324,0.028301446,0.4762888,0.0047322875,0.020484202
/home/ikk/renal-calculi-classificaction/DATASET/RESIZED/2a/surface/2a_1939SE.jpg,/home/ikk/renal-calculi-classificaction/DATASET/RESIZED/2a/surface/MASKS/2a_1939SE_mask.png,0,2a,surface,2a_1939SE,0,0,1,0.58286226,0.027848564,0.2553751,0.11219205,0.021722043
/home/ikk/renal-calculi-classificaction/DATASET/RESIZED/2a/surface/2a_3387SE.jpg,/home/ikk/renal-calculi-classificaction/DATASET/RESIZED/2a/surface/MASKS/2a_3387SE_mask.png,0,2a,surface,2a_3387SE,3,0,1,0.051457696,0.0048744683,0.33916473,0.5917697,0.012733406
/home/ikk/renal-calculi-classificaction/DATASET/RESIZED/2a/surface/2a_1796SE.jpg,/home/ikk/renal-calculi-classificaction/DATASET/RESIZED/2a/surface/MASKS/2a_1796SE_mask.png,0,2a,surface,2a_1796SE,0,0,1,0.77620727,0.036593925,0.09868105,0.006637252,0.081880525
/home/ikk/renal-calculi-classificaction/DATASET/RESIZED/2a/section/2a_2883SE.jpg,/home/ikk/renal-calculi-classificaction/DATASET/RESIZED/2a/section/MASKS/2a_2883SE_mask.png,0,2a,section,2a_2883SE,0,0,1,0.95579875,0.0029294041,0.027284792,0.0018436746,0.012143317
/home/ikk/renal-calculi-classificaction/DATASET/RESIZED/2a/section/2a_1782SE_section.jpg,/home/ikk/renal-calculi-classificaction/DATASET/RESIZED/2a/section/MASKS/2a_1782SE_section_mask.png,0,2a,section,2a_1782SE,0,0,1,0.88916004,0.03974729,0.0605653,0.0015201821,0.009007163
/home/ikk/renal-calculi-classificaction/DATASET/RESIZED/2a/section/2a_2149SE_1.jpg,/home/ikk/renal-calculi-classificaction/DATASET/RESIZED/2a/section/MASKS/2a_2149SE_1_mask.png,0,2a,section,2a_2149SE,0,0,1,0.98767394,0.0029232972,0.0068449476,0.0009154718,0.0016423283
/home/ikk/renal-calculi-classificaction/DATASET/RESIZED/2a/section/2a_1939SE_3.jpg,/home/ikk/renal-calculi-classificaction/DATASET/RESIZED/2a/section/MASKS/2a_1939SE_3_mask.png,0,2a,section,2a_1939SE,0,0,1,0.87442386,0.006837175,0.09870768,0.0045341784,0.015497093
/home/ikk/renal-calculi-classificaction/DATASET/RESIZED/2a/section/2a_1910SE.jpg,/home/ikk/renal-calculi-classificaction/DATASET/RESIZED/2a/section/MASKS/2a_1910SE_mask.png,0,2a,section,2a_1910SE,0,0,1,0.7587808,0.009766413,0.12867558,0.08911832,0.013658952
/home/ikk/renal-calculi-classificaction/DATASET/RESIZED/2a/section/2a_1960SE.jpg,/home/ikk/renal-calculi-classificaction/DATASET/RESIZED/2a/section/MASKS/2a_1960SE_mask.png,0,2a,section,2a_1960SE,0,0,1,0.49836734,0.028841982,0.45236334,0.0062099816,0.014217274
/home/ikk/renal-calculi-classificaction/DATASET/RESIZED/2a/section/2a_2218SE.jpg,/home/ikk/renal-calculi-classificaction/DATASET/RESIZED/2a/section/MASKS/2a_2218SE_mask.png,0,2a,section,2a_2218SE,2,0,1,0.42912275,0.051201887,0.49561647,0.009839367,0.014219488
/home/ikk/renal-calculi-classificaction/DATASET/RESIZED/2a/section/2a_3345SE.jpg,/home/ikk/renal-calculi-classificaction/DATASET/RESIZED/2a/section/MASKS/2a_3345SE_mask.png,0,2a,section,2a_3345SE,0,0,1,0.5485577,0.010024841,0.43332416,0.00440229,0.0036909888
/home/ikk/renal-calculi-classificaction/DATASET/RESIZED/2a/section/2a_2149SE_2.jpg,/home/ikk/renal-calculi-classificaction/DATASET/RESIZED/2a/section/MASKS/2a_2149SE_2_mask.png,0,2a,section,2a_2149SE,0,0,1,0.8826423,0.0066962275,0.10377103,0.0022530367,0.004637361
/home/ikk/renal-calculi-classificaction/DATASET/RESIZED/2a/section/2a_2708SE.jpg,/home/ikk/renal-calculi-classificaction/DATASET/RESIZED/2a/section/MASKS/2a_2708SE_mask.png,0,2a,section,2a_2708SE,0,0,1,0.59562504,0.04702254,0.22360276,0.1120067,0.021742923
/home/ikk/renal-calculi-classificaction/DATASET/RESIZED/2a/section/2a_2060SE.jpg,/home/ikk/renal-calculi-classificaction/DATASET/RESIZED/2a/section/MASKS/2a_2060SE_mask.png,0,2a,section,2a_2060SE,0,0,1,0.84430695,0.0061000497,0.14162615,0.0018592102,0.0061077075
/home/ikk/renal-calculi-classificaction/DATASET/RESIZED/2a/section/2a_2790SE.jpg,/home/ikk/renal-calculi-classificaction/DATASET/RESIZED/2a/section/MASKS/2a_2790SE_mask.png,0,2a,section,2a_2790SE,0,0,1,0.8255175,0.003948782,0.16208068,0.0027554943,0.0056975884
/home/ikk/renal-calculi-classificaction/DATASET/RESIZED/2a/section/2a_1980SE.jpg,/home/ikk/renal-calculi-classificaction/DATASET/RESIZED/2a/section/MASKS/2a_1980SE_mask.png,0,2a,section,2a_1980SE,2,0,1,0.15192327,0.29119524,0.45701852,0.05956879,0.04029415
/home/ikk/renal-calculi-classificaction/DATASET/RESIZED/2a/section/2a_3382SE.jpg,/home/ikk/renal-calculi-classificaction/DATASET/RESIZED/2a/section/MASKS/2a_3382SE_mask.png,0,2a,section,2a_3382SE,2,0,1,0.38380942,0.02076557,0.52949023,0.0132408785,0.0526939
/home/ikk/renal-calculi-classificaction/DATASET/RESIZED/2a/section/2a_1939SE_2.jpg,/home/ikk/renal-calculi-classificaction/DATASET/RESIZED/2a/section/MASKS/2a_1939SE_2_mask.png,0,2a,section,2a_1939SE,0,0,1,0.93736786,0.003127184,0.0438768,0.0026475969,0.012980596
/home/ikk/renal-calculi-classificaction/DATASET/RESIZED/4II-4I/surface/4II_2731SE.jpg,/home/ikk/renal-calculi-classificaction/DATASET/RESIZED/4II-4I/surface/MASKS/4II_2731SE_mask.png,2,4II-4I,surface,4II_2731SE,0,2,1,0.3637115,0.11805635,0.2883455,0.078228004,0.15165862
/home/ikk/renal-calculi-classificaction/DATASET/RESIZED/4II-4I/surface/4II_1906SE.jpg,/home/ikk/renal-calculi-classificaction/DATASET/RESIZED/4II-4I/surface/MASKS/4II_1906SE_mask.png,2,4II-4I,surface,4II_1906SE,2,2,1,0.2412644,0.09665272,0.5676762,0.046757597,0.04764905
/home/ikk/renal-calculi-classificaction/DATASET/RESIZED/4II-4I/surface/4II_1906SE_2.jpg,/home/ikk/renal-calculi-classificaction/DATASET/RESIZED/4II-4I/surface/MASKS/4II_1906SE_2_mask.png,2,4II-4I,surface,4II_1906SE,2,2,1,0.07304119,0.09318307,0.71918416,0.07367896,0.04091261
/home/ikk/renal-calculi-classificaction/DATASET/RESIZED/4II-4I/surface/4I_3506SE.png,/home/ikk/renal-calculi-classificaction/DATASET/RESIZED/4II-4I/surface/MASKS/4I_3506SE_mask.png,2,4II-4I,surface,4I_3506SE,1,2,1,0.02450208,0.3959109,0.22219716,0.017459653,0.33993027
/home/ikk/renal-calculi-classificaction/DATASET/RESIZED/4II-4I/section/4II_1933SE.jpg,/home/ikk/renal-calculi-classificaction/DATASET/RESIZED/4II-4I/section/MASKS/4II_1933SE_mask.png,2,4II-4I,section,4II_1933SE,2,2,1,0.08302454,0.07600061,0.69940513,0.132774,0.008795664
/home/ikk/renal-calculi-classificaction/DATASET/RESIZED/4II-4I/section/4II_9.png,/home/ikk/renal-calculi-classificaction/DATASET/RESIZED/4II-4I/section/MASKS/4II_9_mask.png,2,4II-4I,section,4II_9,2,2,1,0.017241575,0.019930374,0.6193167,0.33366334,0.009847968
/home/ikk/renal-calculi-classificaction/DATASET/RESIZED/4II-4I/section/4I_2753SE.jpg,/home/ikk/renal-calculi-classificaction/DATASET/RESIZED/4II-4I/section/MASKS/4I_2753SE_mask.png,2,4II-4I,section,4I_2753SE,2,2,1,0.029062914,0.046453565,0.7846059,0.1294869,0.010390736
/home/ikk/renal-calculi-classificaction/DATASET/RESIZED/4II-4I/section/4II_3132SE.png,/home/ikk/renal-calculi-classificaction/DATASET/RESIZED/4II-4I/section/MASKS/4II_3132SE_mask.png,2,4II-4I,section,4II_3132SE,0,2,1,0.57496613,0.047719944,0.3549877,0.0075909495,0.014735233
/home/ikk/renal-calculi-classificaction/DATASET/RESIZED/4II-4I/section/4I_COM_1898SE.jpg,/home/ikk/renal-calculi-classificaction/DATASET/RESIZED/4II-4I/section/MASKS/4I_COM_1898SE_mask.png,2,4II-4I,section,4I_COM_1898SE,0,2,1,0.69371563,0.013814236,0.24774922,0.005255762,0.03946516
/home/ikk/renal-calculi-classificaction/DATASET/RESIZED/4II-4I/section/4II_1933SE_2.jpg,/home/ikk/renal-calculi-classificaction/DATASET/RESIZED/4II-4I/section/MASKS/4II_1933SE_2_mask.png,2,4II-4I,section,4II_1933SE,2,2,1,0.013164203,0.0034662387,0.96372515,0.016867882,0.0027764891
/home/ikk/renal-calculi-classificaction/DATASET/RESIZED/4II-4I/section/4II_3166SE.jpg,/home/ikk/renal-calculi-classificaction/DATASET/RESIZED/4II-4I/section/MASKS/4II_3166SE_mask.png,2,4II-4I,section,4II_3166SE,2,2,1,0.02457995,0.007904921,0.84826756,0.11348049,0.0057670446
/home/ikk/renal-calculi-classificaction/DATASET/RESIZED/1aI/surface/1aI_COD_sup_1828SE.jpg,/home/ikk/renal-calculi-classificaction/DATASET/RESIZED/1aI/surface/MASKS/1aI_COD_sup_1828SE_mask.png,0,1aI,surface,1aI_COD_sup_1828SE,0,0,1,0.6271407,0.032350007,0.32098594,0.0051528597,0.0143704675
/home/ikk/renal-calculi-classificaction/DATASET/RESIZED/1aI/surface/1aI_3111SE.png,/home/ikk/renal-calculi-classificaction/DATASET/RESIZED/1aI/surface/MASKS/1aI_3111SE_mask.png,0,1aI,surface,1aI_3111SE,0,0,1,0.9516084,0.004344379,0.011817674,0.029856715,0.0023728758
/home/ikk/renal-calculi-classificaction/DATASET/RESIZED/1aI/surface/1aI_COD_sup_2524SE.png,/home/ikk/renal-calculi-classificaction/DATASET/RESIZED/1aI/surface/MASKS/1aI_COD_sup_2524SE_mask.png,0,1aI,surface,1aI_COD_sup_2524SE,0,0,1,0.8466443,0.025310367,0.10451954,0.011717467,0.01180841
/home/ikk/renal-calculi-classificaction/DATASET/RESIZED/1aI/surface/1aI_COD_sup_1929SE.jpg,/home/ikk/renal-calculi-classificaction/DATASET/RESIZED/1aI/surface/MASKS/1aI_COD_sup_1929SE_mask.png,0,1aI,surface,1aI_COD_sup_1929SE,0,0,1,0.9794422,0.003518605,0.00951172,0.002050327,0.0054771854
/home/ikk/renal-calculi-classificaction/DATASET/RESIZED/1aI/surface/1aI_1992SE_2.jpg,/home/ikk/renal-calculi-classificaction/DATASET/RESIZED/1aI/surface/MASKS/1aI_1992SE_2_mask.png,0,1aI,surface,1aI_1992SE,0,0,1,0.9147847,0.024339033,0.043576747,0.010764026,0.0065355175
/home/ikk/renal-calculi-classificaction/DATASET/RESIZED/1aI/surface/1aI_1794SE.jpg,/home/ikk/renal-calculi-classificaction/DATASET/RESIZED/1aI/surface/MASKS/1aI_1794SE_mask.png,0,1aI,surface,1aI_1794SE,2,0,1,0.35622385,0.03163965,0.47393647,0.0175168,0.120683216
/home/ikk/renal-calculi-classificaction/DATASET/RESIZED/1aI/surface/1aI_2411SE_1.png,/home/ikk/renal-calculi-classificaction/DATASET/RESIZED/1aI/surface/MASKS/1aI_2411SE_1_mask.png,0,1aI,surface,1aI_2411SE,2,0,1,0.08841632,0.047273498,0.81865996,0.029903129,0.015747122
/home/ikk/renal-calculi-classificaction/DATASET/RESIZED/1aI/surface/1aI_1992SE_1.jpg,/home/ikk/renal-calculi-classificaction/DATASET/RESIZED/1aI/surface/MASKS/1aI_1992SE_1_mask.png,0,1aI,surface,1aI_1992SE,0,0,1,0.98667973,0.0028700095,0.0048839995,0.0010429473,0.004523289
/home/ikk/renal-calculi-classificaction/DATASET/RESIZED/1aI/section/1aI_2014SE.jpg,/home/ikk/renal-calculi-classificaction/DATASET/RESIZED/1aI/section/MASKS/1aI_2014SE_mask.png,0,1aI,section,1aI_2014SE,0,0,1,0.72712827,0.02524463,0.20968072,0.010260338,0.027686063
/home/ikk/renal-calculi-classificaction/DATASET/RESIZED/1aI/section/1aI_2408SE_1.png,/home/ikk/renal-calculi-classificaction/DATASET/RESIZED/1aI/section/MASKS/1aI_2408SE_1_mask.png,0,1aI,section,1aI_2408SE,0,0,1,0.68917555,0.017607711,0.20630202,0.0087451665,0.07816954
/home/ikk/renal-calculi-classificaction/DATASET/RESIZED/1aI/section/1aI_2411SE_2.png,/home/ikk/renal-calculi-classificaction/DATASET/RESIZED/1aI/section/MASKS/1aI_2411SE_2_mask.png,0,1aI,section,1aI_2411SE,2,0,1,0.04411484,0.041692503,0.8716062,0.02326627,0.019320248
/home/ikk/renal-calculi-classificaction/DATASET/RESIZED/1aI/section/1aI_2408SE_2.png,/home/ikk/renal-calculi-classificaction/DATASET/RESIZED/1aI/section/MASKS/1aI_2408SE_2_mask.png,0,1aI,section,1aI_2408SE,0,0,1,0.9682272,0.005144712,0.016307848,0.0036920868,0.0066281226
/home/ikk/renal-calculi-classificaction/DATASET/RESIZED/6/surface/6_3002SE.jpg,/home/ikk/renal-calculi-classificaction/DATASET/RESIZED/6/surface/MASKS/6_3002SE_mask.png,3,6,surface,6_3002SE,3,3,2,0.039027963,0.0061500166,0.027741665,0.9153388,0.011741582
/home/ikk/renal-calculi-classificaction/DATASET/RESIZED/6/surface/6_2023SE_3.jpg,/home/ikk/renal-calculi-classificaction/DATASET/RESIZED/6/surface/MASKS/6_2023SE_3_mask.png,3,6,surface,6_2023SE,3,3,2,0.20046493,0.016723296,0.08892484,0.6652772,0.028609764
/home/ikk/renal-calculi-classificaction/DATASET/RESIZED/6/surface/6_2430SE.png,/home/ikk/renal-calculi-classificaction/DATASET/RESIZED/6/surface/MASKS/6_2430SE_mask.png,3,6,surface,6_2430SE,3,3,2,0.02379113,0.029276766,0.42574027,0.4958949,0.025296872
/home/ikk/renal-calculi-classificaction/DATASET/RESIZED/6/section/6_3001SE.jpg,/home/ikk/renal-calculi-classificaction/DATASET/RESIZED/6/section/MASKS/6_3001SE_mask.png,3,6,section,6_3001SE,3,3,2,0.07065585,0.053974614,0.11017444,0.689699,0.0754961
/home/ikk/renal-calculi-classificaction/DATASET/RESIZED/6/section/6_3265SE.jpg,/home/ikk/renal-calculi-classificaction/DATASET/RESIZED/6/section/MASKS/6_3265SE_mask.png,3,6,section,6_3265SE,3,3,2,0.020268446,0.0071148295,0.46484256,0.5002205,0.007553651
/home/ikk/renal-calculi-classificaction/DATASET/RESIZED/6/section/6_2023SE_1.jpg,/home/ikk/renal-calculi-classificaction/DATASET/RESIZED/6/section/MASKS/6_2023SE_1_mask.png,3,6,section,6_2023SE,2,3,2,0.14654943,0.035042517,0.36249843,0.1601258,0.2957838
/home/ikk/renal-calculi-classificaction/DATASET/RESIZED/6/section/6_2023SE_2.jpg,/home/ikk/renal-calculi-classificaction/DATASET/RESIZED/6/section/MASKS/6_2023SE_2_mask.png,3,6,section,6_2023SE,2,3,2,0.010678339,0.017161204,0.86331135,0.10464975,0.004199382
/home/ikk/renal-calculi-classificaction/DATASET/RESIZED/6/section/6_2548SE.png,/home/ikk/renal-calculi-classificaction/DATASET/RESIZED/6/section/MASKS/6_2548SE_mask.png,3,6,section,6_2548SE,3,3,2,0.030619252,0.00527937,0.020712227,0.9267218,0.016667355
/home/ikk/renal-calculi-classificaction/DATASET/RESIZED/6/section/6_1860SE.jpg,/home/ikk/renal-calculi-classificaction/DATASET/RESIZED/6/section/MASKS/6_1860SE_mask.png,3,6,section,6_1860SE,2,3,2,0.013017246,0.080660366,0.7461878,0.03841637,0.12171823
/home/ikk/renal-calculi-classificaction/DATASET/RESIZED/8aI - 8aII/surface/8aII_2041SE.jpg,/home/ikk/renal-calculi-classificaction/DATASET/RESIZED/8aI - 8aII/surface/MASKS/8aII_2041SE_mask.png,4,8aI - 8aII,surface,8aII_2041SE,1,4,2,0.14141089,0.54065883,0.028857155,0.047269586,0.24180357
/home/ikk/renal-calculi-classificaction/DATASET/RESIZED/8aI - 8aII/surface/8aII_1866SE.jpg,/home/ikk/renal-calculi-classificaction/DATASET/RESIZED/8aI - 8aII/surface/MASKS/8aII_1866SE_mask.png,4,8aI - 8aII,surface,8aII_1866SE,2,4,2,0.04526458,0.3054827,0.4714774,0.029476542,0.14829876
/home/ikk/renal-calculi-classificaction/DATASET/RESIZED/8aI - 8aII/section/8aII_and_COM_minim_1977SE_2.jpg,/home/ikk/renal-calculi-classificaction/DATASET/RESIZED/8aI - 8aII/section/MASKS/8aII_and_COM_minim_1977SE_2_mask.png,4,8aI - 8aII,section,8aII_and_COM_minim_1977SE,4,4,2,0.09929953,0.021626003,0.08877014,0.013831676,0.7764726
/home/ikk/renal-calculi-classificaction/DATASET/RESIZED/8aI - 8aII/section/8aI_1871SE_2.jpg,/home/ikk/renal-calculi-classificaction/DATASET/RESIZED/8aI - 8aII/section/MASKS/8aI_1871SE_2_mask.png,4,8aI - 8aII,section,8aI_1871SE,4,4,2,0.20345742,0.17253259,0.22439927,0.007094511,0.39251623
/home/ikk/renal-calculi-classificaction/DATASET/RESIZED/8aI - 8aII/section/8aII_2796SE.jpg,/home/ikk/renal-calculi-classificaction/DATASET/RESIZED/8aI - 8aII/section/MASKS/8aII_2796SE_mask.png,4,8aI - 8aII,section,8aII_2796SE,4,4,2,0.056428485,0.006215235,0.015713625,0.012776481,0.9088661
/home/ikk/renal-calculi-classificaction/DATASET/RESIZED/8aI - 8aII/section/8aII_and_COM_minim_1977SE_1.jpg,/home/ikk/renal-calculi-classificaction/DATASET/RESIZED/8aI - 8aII/section/MASKS/8aII_and_COM_minim_1977SE_1_mask.png,4,8aI - 8aII,section,8aII_and_COM_minim_1977SE,0,4,2,0.37444282,0.06016952,0.19552103,0.025002362,0.34486428
/home/ikk/renal-calculi-classificaction/DATASET/RESIZED/3aII/surface/3aII_1912SE_2.jpg,/home/ikk/renal-calculi-classificaction/DATASET/RESIZED/3aII/surface/MASKS/3aII_1912SE_2_mask.png,1,3aII,surface,3aII_1912SE,4,1,2,0.27570724,0.110417046,0.26950625,0.056918915,0.28745055
/home/ikk/renal-calculi-classificaction/DATASET/RESIZED/3aII/surface/3aII_1913SE.jpg,/home/ikk/renal-calculi-classificaction/DATASET/RESIZED/3aII/surface/MASKS/3aII_1913SE_mask.png,1,3aII,surface,3aII_1913SE,2,1,2,0.027849061,0.01812414,0.93298155,0.01749921,0.003546065
/home/ikk/renal-calculi-classificaction/DATASET/RESIZED/3aII/surface/3aII_1912SE.jpg,/home/ikk/renal-calculi-classificaction/DATASET/RESIZED/3aII/surface/MASKS/3aII_1912SE_mask.png,1,3aII,surface,3aII_1912SE,1,1,2,0.24288563,0.34267148,0.3221164,0.037588485,0.054737978
/home/ikk/renal-calculi-classificaction/DATASET/RESIZED/3aII/surface/3aII_2107SE.jpg,/home/ikk/renal-calculi-classificaction/DATASET/RESIZED/3aII/surface/MASKS/3aII_2107SE_mask.png,1,3aII,surface,3aII_2107SE,2,1,2,0.22396468,0.047612198,0.5809166,0.06725492,0.0802516
/home/ikk/renal-calculi-classificaction/DATASET/RESIZED/3aII/surface/3aII_2354SE.png,/home/ikk/renal-calculi-classificaction/DATASET/RESIZED/3aII/surface/MASKS/3aII_2354SE_mask.png,1,3aII,surface,3aII_2354SE,0,1,2,0.82395416,0.05678568,0.099250235,0.014476029,0.0055339085
/home/ikk/renal-calculi-classificaction/DATASET/RESIZED/3aII/surface/3aII_3114SE.png,/home/ikk/renal-calculi-classificaction/DATASET/RESIZED/3aII/surface/MASKS/3aII_3114SE_mask.png,1,3aII,surface,3aII_3114SE,2,1,2,0.0076642153,0.045702044,0.7700941,0.17327227,0.0032674107
/home/ikk/renal-calculi-classificaction/DATASET/RESIZED/3bII/surface/3bII_2102SE.jpg,/home/ikk/renal-calculi-classificaction/DATASET/RESIZED/3bII/surface/MASKS/3bII_2102SE_mask.png,2,3bII,surface,3bII_2102SE,2,2,2,0.42629242,0.02486283,0.48115084,0.016970882,0.050723035
/home/ikk/renal-calculi-classificaction/DATASET/RESIZED/3bII/surface/3bII_1819SE.jpg,/home/ikk/renal-calculi-classificaction/DATASET/RESIZED/3bII/surface/MASKS/3bII_1819SE_mask.png,2,3bII,surface,3bII_1819SE,0,2,2,0.534508,0.19149745,0.19729532,0.013486559,0.06321267
/home/ikk/renal-calculi-classificaction/DATASET/RESIZED/3bII/surface/3bII_2584SE.png,/home/ikk/renal-calculi-classificaction/DATASET/RESIZED/3bII/surface/MASKS/3bII_2584SE_mask.png,2,3bII,surface,3bII_2584SE,2,2,2,0.124272436,0.023972698,0.7939485,0.0415082,0.01629822
/home/ikk/renal-calculi-classificaction/DATASET/RESIZED/3bII/surface/3bII_3047SE_surface.png,/home/ikk/renal-calculi-classificaction/DATASET/RESIZED/3bII/surface/MASKS/3bII_3047SE_surface_mask.png,2,3bII,surface,3bII_3047SE,0,2,2,0.6756235,0.072085366,0.21816555,0.020048736,0.014076851
/home/ikk/renal-calculi-classificaction/DATASET/RESIZED/3bII/section/3bII_1818SE_2.jpg,/home/ikk/renal-calculi-classificaction/DATASET/RESIZED/3bII/section/MASKS/3bII_1818SE_2_mask.png,2,3bII,section,3bII_1818SE,0,2,2,0.9043398,0.022222959,0.049588855,0.01001497,0.013833435
/home/ikk/renal-calculi-classificaction/DATASET/RESIZED/3bII/section/3bII_3471SE.png,/home/ikk/renal-calculi-classificaction/DATASET/RESIZED/3bII/section/MASKS/3bII_3471SE_mask.png,2,3bII,section,3bII_3471SE,3,2,2,0.034613777,0.010257956,0.07661822,0.85939324,0.019116832
/home/ikk/renal-calculi-classificaction/DATASET/RESIZED/3bII/section/3bII_2850SE.jpg,/home/ikk/renal-calculi-classificaction/DATASET/RESIZED/3bII/section/MASKS/3bII_2850SE_mask.png,2,3bII,section,3bII_2850SE,2,2,2,0.03189585,0.05654331,0.62571436,0.20549978,0.08034672
/home/ikk/renal-calculi-classificaction/DATASET/RESIZED/3bII/section/3bII_3047SE_section.png,/home/ikk/renal-calculi-classificaction/DATASET/RESIZED/3bII/section/MASKS/3bII_3047SE_section_mask.png,2,3bII,section,3bII_3047SE,2,2,2,0.11160368,0.1180588,0.4845254,0.06713546,0.21867664
/home/ikk/renal-calculi-classificaction/DATASET/RESIZED/3bII/section/3bII_2492SE.png,/home/ikk/renal-calculi-classificaction/DATASET/RESIZED/3bII/section/MASKS/3bII_2492SE_mask.png,2,3bII,section,3bII_2492SE,2,2,2,0.35198155,0.023362914,0.5922354,0.013697207,0.018722989
/home/ikk/renal-calculi-classificaction/DATASET/RESIZED/3bII/section/3bII_1961SE.jpg,/home/ikk/renal-calculi-classificaction/DATASET/RESIZED/3bII/section/MASKS/3bII_1961SE_mask.png,2,3bII,section,3bII_1961SE,0,2,2,0.50340706,0.022203794,0.45233944,0.014097825,0.007951831
/home/ikk/renal-calculi-classificaction/DATASET/RESIZED/3bII/section/3bII_5.jpg,/home/ikk/renal-calculi-classificaction/DATASET/RESIZED/3bII/section/MASKS/3bII_5_mask.png,2,3bII,section,3bII_5,2,2,2,0.08024765,0.023693237,0.8160365,0.06326612,0.016756529
/home/ikk/renal-calculi-classificaction/DATASET/RESIZED/3bII/section/3bII_1959SE.jpg,/home/ikk/renal-calculi-classificaction/DATASET/RESIZED/3bII/section/MASKS/3bII_1959SE_mask.png,2,3bII,section,3bII_1959SE,2,2,2,0.11300505,0.062256426,0.7679631,0.040986817,0.015788563
/home/ikk/renal-calculi-classificaction/DATASET/RESIZED/3bII/section/3bII_2071SE.jpg,/home/ikk/renal-calculi-classificaction/DATASET/RESIZED/3bII/section/MASKS/3bII_2071SE_mask.png,2,3bII,section,3bII_2071SE,2,2,2,0.05207416,0.006710235,0.9215582,0.011161553,0.0084958775
/home/ikk/renal-calculi-classificaction/DATASET/RESIZED/2a/surface/2a_2145SE.jpg,/home/ikk/renal-calculi-classificaction/DATASET/RESIZED/2a/surface/MASKS/2a_2145SE_mask.png,0,2a,surface,2a_2145SE,0,0,2,0.9829526,0.0028603505,0.0083852345,0.0012682794,0.004533531
/home/ikk/renal-calculi-classificaction/DATASET/RESIZED/2a/surface/2aCOD_sup_1783SE.jpg,/home/ikk/renal-calculi-classificaction/DATASET/RESIZED/2a/surface/MASKS/2aCOD_sup_1783SE_mask.png,0,2a,surface,2aCOD_sup_1783SE,2,0,2,0.06514233,0.03549215,0.580478,0.0067457263,0.31214178
/home/ikk/renal-calculi-classificaction/DATASET/RESIZED/2a/surface/2aCOD_sup_3187SE_1.jpg,/home/ikk/renal-calculi-classificaction/DATASET/RESIZED/2a/surface/MASKS/2aCOD_sup_3187SE_1_mask.png,0,2a,surface,2aCOD_sup_3187SE,0,0,2,0.9851841,0.0022999528,0.010786681,0.0011137634,0.0006155219
/home/ikk/renal-calculi-classificaction/DATASET/RESIZED/2a/surface/2a_1964SE.jpg,/home/ikk/renal-calculi-classificaction/DATASET/RESIZED/2a/surface/MASKS/2a_1964SE_mask.png,0,2a,surface,2a_1964SE,0,0,2,0.98812664,0.0020208585,0.0055748466,0.0009093534,0.0033682967
/home/ikk/renal-calculi-classificaction/DATASET/RESIZED/2a/surface/2aCOD_sup_3187SE_2.jpg,/home/ikk/renal-calculi-classificaction/DATASET/RESIZED/2a/surface/MASKS/2aCOD_sup_3187SE_2_mask.png,0,2a,surface,2aCOD_sup_3187SE,0,0,2,0.9843625,0.002261705,0.010644597,0.0011621764,0.0015690101
/home/ikk/renal-calculi-classificaction/DATASET/RESIZED/2a/surface/2aCOD_sup_2247SE.jpg,/home/ikk/renal-calculi-classificaction/DATASET/RESIZED/2a/surface/MASKS/2aCOD_sup_2247SE_mask.png,0,2a,surface,2aCOD_sup_2247SE,0,0,2,0.98930246,0.0037073605,0.0031730232,0.0012854286,0.0025317022
/home/ikk/renal-calculi-classificaction/DATASET/RESIZED/2a/surface/2a_3441SE.jpg,/home/ikk/renal-calculi-classificaction/DATASET/RESIZED/2a/surface/MASKS/2a_3441SE_mask.png,0,2a,surface,2a_3441SE,0,0,2,0.96654576,0.0052716574,0.022354698,0.0043324553,0.0014954648
/home/ikk/renal-calculi-classificaction/DATASET/RESIZED/2a/surface/2a_1942SE.jpg,/home/ikk/renal-calculi-classificaction/DATASET/RESIZED/2a/surface/MASKS/2a_1942SE_mask.png,0,2a,surface,2a_1942SE,0,0,2,0.9943223,0.00057100836,0.0025781705,0.0005508257,0.0019777531
/home/ikk/renal-calculi-classificaction/DATASET/RESIZED/2a/surface/2a_3169SE_1.jpg,/home/ikk/renal-calculi-classificaction/DATASET/RESIZED/2a/surface/MASKS/2a_3169SE_1_mask.png,0,2a,surface,2a_3169SE,2,0,2,0.13309935,0.014034055,0.7593324,0.016831597,0.07670254
/home/ikk/renal-calculi-classificaction/DATASET/RESIZED/2a/surface/2a_2348SE.png,/home/ikk/renal-calculi-classificaction/DATASET/RESIZED/2a/surface/MASKS/2a_2348SE_mask.png,0,2a,surface,2a_2348SE,0,0,2,0.7196099,0.0317986,0.1793957,0.060307886,0.008887865
/home/ikk/renal-calculi-classificaction/DATASET/RESIZED/2a/surface/2a_1_surface.jpg,/home/ikk/renal-calculi-classificaction/DATASET/RESIZED/2a/surface/MASKS/2a_1_surface_mask.png,0,2a,surface,2a_1,0,0,2,0.82099295,0.014037653,0.098044366,0.049307328,0.017617734
/home/ikk/renal-calculi-classificaction/DATASET/RESIZED/2a/section/2a_3103SE_2.png,/home/ikk/renal-calculi-classificaction/DATASET/RESIZED/2a/section/MASKS/2a_3103SE_2_mask.png,0,2a,section,2a_3103SE,0,0,2,0.9341472,0.025981132,0.03264544,0.0044337744,0.0027924476
/home/ikk/renal-calculi-classificaction/DATASET/RESIZED/2a/section/2a_3169SE_2.jpg,/home/ikk/renal-calculi-classificaction/DATASET/RESIZED/2a/section/MASKS/2a_3169SE_2_mask.png,0,2a,section,2a_3169SE,2,0,2,0.35744473,0.021744905,0.59426945,0.013284987,0.0132559035
/home/ikk/renal-calculi-classificaction/DATASET/RESIZED/2a/section/2a_2335SE.png,/home/ikk/renal-calculi-classificaction/DATASET/RESIZED/2a/section/MASKS/2a_2335SE_mask.png,0,2a,section,2a_2335SE,0,0,2,0.9598826,0.0053897444,0.025777996,0.005902756,0.0030468616
/home/ikk/renal-calculi-classificaction/DATASET/RESIZED/2a/section/2aCOD_sup_3187SE_4.jpg,/home/ikk/renal-calculi-classificaction/DATASET/RESIZED/2a/section/MASKS/2aCOD_sup_3187SE_4_mask.png,0,2a,section,2aCOD_sup_3187SE,0,0,2,0.9574523,0.003973246,0.0328309,0.002849441,0.002894145
/home/ikk/renal-calculi-classificaction/DATASET/RESIZED/2a/section/2a_2703SE.jpg,/home/ikk/renal-calculi-classificaction/DATASET/RESIZED/2a/section/MASKS/2a_2703SE_mask.png,0,2a,section,2a_2703SE,2,0,2,0.08661144,0.021251088,0.87265277,0.013025386,0.006459248
/home/ikk/renal-calculi-classificaction/DATASET/RESIZED/2a/section/2a_1_section.jpg,/home/ikk/renal-calculi-classificaction/DATASET/RESIZED/2a/section/MASKS/2a_1_section_mask.png,0,2a,section,2a_1,0,0,2,0.9768574,0.0028790936,0.01572815,0.0031999785,0.0013352924
/home/ikk/renal-calculi-classificaction/DATASET/RESIZED/2a/section/2a_2668SE.png,/home/ikk/renal-calculi-classificaction/DATASET/RESIZED/2a/section/MASKS/2a_2668SE_mask.png,0,2a,section,2a_2668SE,0,0,2,0.32503954,0.12870654,0.28370526,0.06274642,0.19980223
/home/ikk/renal-calculi-classificaction/DATASET/RESIZED/2a/section/2aCOD_sup_3187SE_3.jpg,/home/ikk/renal-calculi-classificaction/DATASET/RESIZED/2a/section/MASKS/2aCOD_sup_3187SE_3_mask.png,0,2a,section,2aCOD_sup_3187SE,0,0,2,0.987916,0.0021430247,0.007541677,0.0010228538,0.0013764553
/home/ikk/renal-calculi-classificaction/DATASET/RESIZED/2a/section/2a_1942SE_2.jpg,/home/ikk/renal-calculi-classificaction/DATASET/RESIZED/2a/section/MASKS/2a_1942SE_2_mask.png,0,2a,section,2a_1942SE,0,0,2,0.9747643,0.0034577397,0.016445305,0.0011717629,0.004160952
/home/ikk/renal-calculi-classificaction/DATASET/RESIZED/2a/section/2aCOD_sup_1783SE_2.jpg,/home/ikk/renal-calculi-classificaction/DATASET/RESIZED/2a/section/MASKS/2aCOD_sup_1783SE_2_mask.png,0,2a,section,2aCOD_sup_1783SE,2,0,2,0.06645334,0.058204766,0.6347432,0.010009906,0.23058876
/home/ikk/renal-calculi-classificaction/DATASET/RESIZED/2a/section/2aCOD_sup_2578SE.png,/home/ikk/renal-calculi-classificaction/DATASET/RESIZED/2a/section/MASKS/2aCOD_sup_2578SE_mask.png,0,2a,section,2aCOD_sup_2578SE,3,0,2,0.05634184,0.00602055,0.11291082,0.8134696,0.011257173
/home/ikk/renal-calculi-classificaction/DATASET/RESIZED/2a/section/2a_3103SE_1.png,/home/ikk/renal-calculi-classificaction/DATASET/RESIZED/2a/section/MASKS/2a_3103SE_1_mask.png,0,2a,section,2a_3103SE,0,0,2,0.96508193,0.011597666,0.012902269,0.0063141556,0.0041039884
/home/ikk/renal-calculi-classificaction/DATASET/RESIZED/2a/section/2aCOD_sup_3207SE.jpg,/home/ikk/renal-calculi-classificaction/DATASET/RESIZED/2a/section/MASKS/2aCOD_sup_3207SE_mask.png,0,2a,section,2aCOD_sup_3207SE,0,0,2,0.9402911,0.009090628,0.03419461,0.0027837753,0.01363989
/home/ikk/renal-calculi-classificaction/DATASET/RESIZED/4II-4I/surface/4I_1879SE.jpg,/home/ikk/renal-calculi-classificaction/DATASET/RESIZED/4II-4I/surface/MASKS/4I_1879SE_mask.png,2,4II-4I,surface,4I_1879SE,2,2,2,0.08958348,0.1812986,0.6743167,0.025039798,0.029761482
/home/ikk/renal-calculi-classificaction/DATASET/RESIZED/4II-4I/surface/4II_2.jpg,/home/ikk/renal-calculi-classificaction/DATASET/RESIZED/4II-4I/surface/MASKS/4II_2_mask.png,2,4II-4I,surface,4II_2,2,2,2,0.012496464,0.009336299,0.8446875,0.09011581,0.043363895
/home/ikk/renal-calculi-classificaction/DATASET/RESIZED/4II-4I/section/4I_3373SE.jpg,/home/ikk/renal-calculi-classificaction/DATASET/RESIZED/4II-4I/section/MASKS/4I_3373SE_mask.png,2,4II-4I,section,4I_3373SE,2,2,2,0.037904896,0.007399111,0.92318165,0.027696967,0.0038173671
/home/ikk/renal-calculi-classificaction/DATASET/RESIZED/4II-4I/section/4II_6.jpg,/home/ikk/renal-calculi-classificaction/DATASET/RESIZED/4II-4I/section/MASKS/4II_6_mask.png,2,4II-4I,section,4II_6,2,2,2,0.019653153,0.0056290254,0.82586807,0.13944261,0.009407109
/home/ikk/renal-calculi-classificaction/DATASET/RESIZED/4II-4I/section/4II_2705SE.jpg,/home/ikk/renal-calculi-classificaction/DATASET/RESIZED/4II-4I/section/MASKS/4II_2705SE_mask.png,2,4II-4I,section,4II_2705SE,2,2,2,0.041222855,0.002039047,0.93974525,0.011829793,0.0051630074
/home/ikk/renal-calculi-classificaction/DATASET/RESIZED/4II-4I/section/4II_3.jpg,/home/ikk/renal-calculi-classificaction/DATASET/RESIZED/4II-4I/section/MASKS/4II_3_mask.png,2,4II-4I,section,4II_3,0,2,2,0.49524504,0.050023485,0.43433985,0.008715897,0.0116757285
/home/ikk/renal-calculi-classificaction/DATASET/RESIZED/4II-4I/section/4II_3338SE.jpg,/home/ikk/renal-calculi-classificaction/DATASET/RESIZED/4II-4I/section/MASKS/4II_3338SE_mask.png,2,4II-4I,section,4II_3338SE,0,2,2,0.9060898,0.013717632,0.07170698,0.003465223,0.00502036
/home/ikk/renal-calculi-classificaction/DATASET/RESIZED/1aI/surface/1aI_COD_sup_2088SE.jpg,/home/ikk/renal-calculi-classificaction/DATASET/RESIZED/1aI/surface/MASKS/1aI_COD_sup_2088SE_mask.png,0,1aI,surface,1aI_COD_sup_2088SE,0,0,2,0.9820435,0.0064842105,0.0063489024,0.002604885,0.002518498
/home/ikk/renal-calculi-classificaction/DATASET/RESIZED/1aI/surface/1aI_1784SE_2.jpg,/home/ikk/renal-calculi-classificaction/DATASET/RESIZED/1aI/surface/MASKS/1aI_1784SE_2_mask.png,0,1aI,surface,1aI_1784SE,0,0,2,0.93569034,0.0064824866,0.049639385,0.002507826,0.0056799697
/home/ikk/renal-calculi-classificaction/DATASET/RESIZED/1aI/surface/1aI_2781SE.jpg,/home/ikk/renal-calculi-classificaction/DATASET/RESIZED/1aI/surface/MASKS/1aI_2781SE_mask.png,0,1aI,surface,1aI_2781SE,0,0,2,0.9364749,0.017068272,0.037296627,0.0051908996,0.0039693057
/home/ikk/renal-calculi-classificaction/DATASET/RESIZED/1aI/surface/1aI_2913SE.jpg,/home/ikk/renal-calculi-classificaction/DATASET/RESIZED/1aI/surface/MASKS/1aI_2913SE_mask.png,0,1aI,surface,1aI_2913SE,0,0,2,0.9698934,0.0025425507,0.021590756,0.0027914683,0.0031818429
/home/ikk/renal-calculi-classificaction/DATASET/RESIZED/1aI/surface/1aI_COD_sup_2111SE_1.jpg,/home/ikk/renal-calculi-classificaction/DATASET/RESIZED/1aI/surface/MASKS/1aI_COD_sup_2111SE_1_mask.png,0,1aI,surface,1aI_COD_sup_2111SE,0,0,2,0.9848465,0.0032222238,0.006402128,0.0016356991,0.0038934792
/home/ikk/renal-calculi-classificaction/DATASET/RESIZED/1aI/surface/1aI_3081SE_2_LB.png,/home/ikk/renal-calculi-classificaction/DATASET/RESIZED/1aI/surface/MASKS/1aI_3081SE_2_LB_mask.png,0,1aI,surface,1aI_3081SE,0,0,2,0.9876237,0.0041104173,0.0034074446,0.0039153015,0.0009431995
/home/ikk/renal-calculi-classificaction/DATASET/RESIZED/1aI/surface/1aI_3302SE.jpg,/home/ikk/renal-calculi-classificaction/DATASET/RESIZED/1aI/surface/MASKS/1aI_3302SE_mask.png,0,1aI,surface,1aI_3302SE,0,0,2,0.90848905,0.05328006,0.022964219,0.010603626,0.0046630204
/home/ikk/renal-calculi-classificaction/DATASET/RESIZED/1aI/surface/1aI_1937SE.jpg,/home/ikk/renal-calculi-classificaction/DATASET/RESIZED/1aI/surface/MASKS/1aI_1937SE_mask.png,0,1aI,surface,1aI_1937SE,0,0,2,0.9663784,0.007565511,0.017421955,0.0037695856,0.004864553
/home/ikk/renal-calculi-classificaction/DATASET/RESIZED/1aI/surface/1aI_2366SE_1.png,/home/ikk/renal-calculi-classificaction/DATASET/RESIZED/1aI/surface/MASKS/1aI_2366SE_1_mask.png,0,1aI,surface,1aI_2366SE,0,0,2,0.9787394,0.006341336,0.009967996,0.0036313583,0.0013199027
/home/ikk/renal-calculi-classificaction/DATASET/RESIZED/1aI/surface/1aI_1917SE.jpg,/home/ikk/renal-calculi-classificaction/DATASET/RESIZED/1aI/surface/MASKS/1aI_1917SE_mask.png,0,1aI,surface,1aI_1917SE,0,0,2,0.9272648,0.00962965,0.04968049,0.0049996166,0.008425403
/home/ikk/renal-calculi-classificaction/DATASET/RESIZED/1aI/surface/1a_3366SE_1.jpg,/home/ikk/renal-calculi-classificaction/DATASET/RESIZED/1aI/surface/MASKS/1a_3366SE_1_mask.png,0,1aI,surface,1a_3366SE,0,0,2,0.898238,0.016027244,0.057803787,0.021927945,0.006003005
/home/ikk/renal-calculi-classificaction/DATASET/RESIZED/1aI/surface/1aI_3081SE_3_LB.png,/home/ikk/renal-calculi-classificaction/DATASET/RESIZED/1aI/surface/MASKS/1aI_3081SE_3_LB_mask.png,0,1aI,surface,1aI_3081SE,0,0,2,0.9866595,0.005090385,0.003798959,0.0037623956,0.0006887484
/home/ikk/renal-calculi-classificaction/DATASET/RESIZED/1aI/surface/1aI_3081SE_4_LB.png,/home/ikk/renal-calculi-classificaction/DATASET/RESIZED/1aI/surface/MASKS/1aI_3081SE_4_LB_mask.png,0,1aI,surface,1aI_3081SE,0,0,2,0.9547706,0.018540615,0.011998163,0.0080791665,0.006611412
/home/ikk/renal-calculi-classificaction/DATASET/RESIZED/1aI/surface/1aI_3081SE_5_LB.png,/home/ikk/renal-calculi-classificaction/DATASET/RESIZED/1aI/surface/MASKS/1aI_3081SE_5_LB_mask.png,0,1aI,surface,1aI_3081SE,0,0,2,0.9887193,0.006607564,0.0024860073,0.0012824388,0.0009047348
/home/ikk/renal-calculi-classificaction/DATASET/RESIZED/1aI/surface/1aI_1784SE_1.jpg,/home/ikk/renal-calculi-classificaction/DATASET/RESIZED/1aI/surface/MASKS/1aI_1784SE_1_mask.png,0,1aI,surface,1aI_1784SE,0,0,2,0.9766598,0.0057122563,0.012477589,0.0020633722,0.003086974
/home/ikk/renal-calculi-classificaction/DATASET/RESIZED/1aI/surface/1aI_3081SE_1_LB.png,/home/ikk/renal-calculi-classificaction/DATASET/RESIZED/1aI/surface/MASKS/1aI_3081SE_1_LB_mask.png,0,1aI,surface,1aI_3081SE,0,0,2,0.98657775,0.0030244994,0.005283195,0.004331906,0.00078264216
/home/ikk/renal-calculi-classificaction/DATASET/RESIZED/1aI/section/1aI_COD_sup_2111SE_2.jpg,/home/ikk/renal-calculi-classificaction/DATASET/RESIZED/1aI/section/MASKS/1aI_COD_sup_2111SE_2_mask.png,0,1aI,section,1aI_COD_sup_2111SE,0,0,2,0.97459704,0.002402507,0.018505385,0.0010525176,0.003442527
/home/ikk/renal-calculi-classificaction/DATASET/RESIZED/1aI/section/1aI_3081SE_6_LB.png,/home/ikk/renal-calculi-classificaction/DATASET/RESIZED/1aI/section/MASKS/1aI_3081SE_6_LB_mask.png,0,1aI,section,1aI_3081SE,0,0,2,0.6121265,0.01067754,0.3485932,0.013843093,0.014759588
/home/ikk/renal-calculi-classificaction/DATASET/RESIZED/1aI/section/1aI_3081SE_8_LB.png,/home/ikk/renal-calculi-classificaction/DATASET/RESIZED/1aI/section/MASKS/1aI_3081SE_8_LB_mask.png,0,1aI,section,1aI_3081SE,0,0,2,0.8115242,0.032697223,0.13534668,0.006390014,0.014041845
/home/ikk/renal-calculi-classificaction/DATASET/RESIZED/1aI/section/1aI_2366SE_3.png,/home/ikk/renal-calculi-classificaction/DATASET/RESIZED/1aI/section/MASKS/1aI_2366SE_3_mask.png,0,1aI,section,1aI_2366SE,0,0,2,0.9503081,0.007582045,0.034339387,0.0042220484,0.0035484536
/home/ikk/renal-calculi-classificaction/DATASET/RESIZED/1aI/section/1a_3366SE_2.jpg,/home/ikk/renal-calculi-classificaction/DATASET/RESIZED/1aI/section/MASKS/1a_3366SE_2_mask.png,0,1aI,section,1a_3366SE,0,0,2,0.7669148,0.004548918,0.20031033,0.01543327,0.0127926795
/home/ikk/renal-calculi-classificaction/DATASET/RESIZED/1aI/section/1aI_2366SE_2.png,/home/ikk/renal-calculi-classificaction/DATASET/RESIZED/1aI/section/MASKS/1aI_2366SE_2_mask.png,0,1aI,section,1aI_2366SE,0,0,2,0.93187374,0.011620704,0.04617962,0.00627536,0.004050599
/home/ikk/renal-calculi-classificaction/DATASET/RESIZED/1aI/section/1aI_3081SE_7_LB.png,/home/ikk/renal-calculi-classificaction/DATASET/RESIZED/1aI/section/MASKS/1aI_3081SE_7_LB_mask.png,0,1aI,section,1aI_3081SE,0,0,2,0.8118446,0.007935586,0.15141174,0.008488148,0.02031993
/home/ikk/renal-calculi-classificaction/DATASET/RESIZED/1aI/section/1aI_1784SE_3.jpg,/home/ikk/renal-calculi-classificaction/DATASET/RESIZED/1aI/section/MASKS/1aI_1784SE_3_mask.png,0,1aI,section,1aI_1784SE,0,0,2,0.92180663,0.0057001165,0.04975423,0.00220123,0.020537786
/home/ikk/renal-calculi-classificaction/DATASET/RESIZED/1aI/section/1aI_1784SE_4.jpg,/home/ikk/renal-calculi-classificaction/DATASET/RESIZED/1aI/section/MASKS/1aI_1784SE_4_mask.png,0,1aI,section,1aI_1784SE,0,0,2,0.9245044,0.005993428,0.040373605,0.0017841109,0.027344493
/home/ikk/renal-calculi-classificaction/DATASET/RESIZED/6/surface/6_2031SE.jpg,/home/ikk/renal-calculi-classificaction/DATASET/RESIZED/6/surface/MASKS/6_2031SE_mask.png,3,6,surface,6_2031SE,3,3,3,0.017394723,0.014182959,0.05300103,0.90967655,0.005744715
/home/ikk/renal-calculi-classificaction/DATASET/RESIZED/6/section/6_2009SE.jpg,/home/ikk/renal-calculi-classificaction/DATASET/RESIZED/6/section/MASKS/6_2009SE_mask.png,3,6,section,6_2009SE,3,3,3,0.09514554,0.014042098,0.3177865,0.44528034,0.12774545
/home/ikk/renal-calculi-classificaction/DATASET/RESIZED/6/section/6_3229SE.jpg,/home/ikk/renal-calculi-classificaction/DATASET/RESIZED/6/section/MASKS/6_3229SE_mask.png,3,6,section,6_3229SE,2,3,3,0.043100175,0.010529596,0.9226506,0.018682685,0.005036982
/home/ikk/renal-calculi-classificaction/DATASET/RESIZED/6/section/6_3186SE_3.jpg,/home/ikk/renal-calculi-classificaction/DATASET/RESIZED/6/section/MASKS/6_3186SE_3_mask.png,3,6,section,6_3186SE,2,3,3,0.061585836,0.08632446,0.6765696,0.16486757,0.010652559
/home/ikk/renal-calculi-classificaction/DATASET/RESIZED/6/section/6_2278SE.png,/home/ikk/renal-calculi-classificaction/DATASET/RESIZED/6/section/MASKS/6_2278SE_mask.png,3,6,section,6_2278SE,0,3,3,0.67779535,0.097668126,0.10068062,0.04919084,0.074665055
/home/ikk/renal-calculi-classificaction/DATASET/RESIZED/6/section/6_3186SE_1.jpg,/home/ikk/renal-calculi-classificaction/DATASET/RESIZED/6/section/MASKS/6_3186SE_1_mask.png,3,6,section,6_3186SE,3,3,3,0.09210207,0.004868568,0.09305001,0.79747903,0.012500304
/home/ikk/renal-calculi-classificaction/DATASET/RESIZED/6/section/6_3088SE.png,/home/ikk/renal-calculi-classificaction/DATASET/RESIZED/6/section/MASKS/6_3088SE_mask.png,3,6,section,6_3088SE,0,3,3,0.93312985,0.0114519335,0.03265306,0.016278768,0.006486375
/home/ikk/renal-calculi-classificaction/DATASET/RESIZED/6/section/6_3186SE_2.jpg,/home/ikk/renal-calculi-classificaction/DATASET/RESIZED/6/section/MASKS/6_3186SE_2_mask.png,3,6,section,6_3186SE,0,3,3,0.44838604,0.12745194,0.30009562,0.08250841,0.041558027
/home/ikk/renal-calculi-classificaction/DATASET/RESIZED/6/section/6_2616SE.png,/home/ikk/renal-calculi-classificaction/DATASET/RESIZED/6/section/MASKS/6_2616SE_mask.png,3,6,section,6_2616SE,3,3,3,0.07324115,0.006224322,0.038341034,0.87704974,0.005143714
/home/ikk/renal-calculi-classificaction/DATASET/RESIZED/8aI - 8aII/section/8aII_1951SE.jpg,/home/ikk/renal-calculi-classificaction/DATASET/RESIZED/8aI - 8aII/section/MASKS/8aII_1951SE_mask.png,4,8aI - 8aII,section,8aII_1951SE,4,4,3,0.041369744,0.2865589,0.019338105,0.10645596,0.5462773
/home/ikk/renal-calculi-classificaction/DATASET/RESIZED/8aI - 8aII/section/8aII_2279SE.png,/home/ikk/renal-calculi-classificaction/DATASET/RESIZED/8aI - 8aII/section/MASKS/8aII_2279SE_mask.png,4,8aI - 8aII,section,8aII_2279SE,4,4,3,0.076802485,0.07491425,0.0330744,0.09904627,0.7161626
/home/ikk/renal-calculi-classificaction/DATASET/RESIZED/8aI - 8aII/section/8aII_3332SE.jpg,/home/ikk/renal-calculi-classificaction/DATASET/RESIZED/8aI - 8aII/section/MASKS/8aII_3332SE_mask.png,4,8aI - 8aII,section,8aII_3332SE,4,4,3,0.03770529,0.002053955,0.0068227425,0.01441357,0.9390044
/home/ikk/renal-calculi-classificaction/DATASET/RESIZED/3aII/surface/3aII_3117SE_2.png,/home/ikk/renal-calculi-classificaction/DATASET/RESIZED/3aII/surface/MASKS/3aII_3117SE_2_mask.png,1,3aII,surface,3aII_3117SE,2,1,3,0.21574901,0.22510402,0.5338691,0.012172138,0.013105746
/home/ikk/renal-calculi-classificaction/DATASET/RESIZED/3aII/surface/3aII_1976SE.jpg,/home/ikk/renal-calculi-classificaction/DATASET/RESIZED/3aII/surface/MASKS/3aII_1976SE_mask.png,1,3aII,surface,3aII_1976SE,2,1,3,0.34425887,0.118845455,0.50440764,0.018342528,0.01414549
/home/ikk/renal-calculi-classificaction/DATASET/RESIZED/3aII/surface/3aII_3044SE.png,/home/ikk/renal-calculi-classificaction/DATASET/RESIZED/3aII/surface/MASKS/3aII_3044SE_mask.png,1,3aII,surface,3aII_3044SE,2,1,3,0.3081232,0.14980192,0.4606188,0.01716698,0.06428908
/home/ikk/renal-calculi-classificaction/DATASET/RESIZED/3aII/surface/3aII_2530SE.png,/home/ikk/renal-calculi-classificaction/DATASET/RESIZED/3aII/surface/MASKS/3aII_2530SE_mask.png,1,3aII,surface,3aII_2530SE,2,1,3,0.30756822,0.19487244,0.47982842,0.009865393,0.007865527
/home/ikk/renal-calculi-classificaction/DATASET/RESIZED/3aII/surface/3aII_3117SE_1.png,/home/ikk/renal-calculi-classificaction/DATASET/RESIZED/3aII/surface/MASKS/3aII_3117SE_1_mask.png,1,3aII,surface,3aII_3117SE,1,1,3,0.043691255,0.58783287,0.12794758,0.056898363,0.18362996
/home/ikk/renal-calculi-classificaction/DATASET/RESIZED/3aII/section/3aII_2536SE.png,/home/ikk/renal-calculi-classificaction/DATASET/RESIZED/3aII/section/MASKS/3aII_2536SE_mask.png,1,3aII,section,3aII_2536SE,0,1,3,0.45753822,0.031040525,0.34677652,0.016951427,0.14769332
/home/ikk/renal-calculi-classificaction/DATASET/RESIZED/3bII/surface/3bII_1973SE.jpg,/home/ikk/renal-calculi-classificaction/DATASET/RESIZED/3bII/surface/MASKS/3bII_1973SE_mask.png,2,3bII,surface,3bII_1973SE,2,2,3,0.087356105,0.025065182,0.8093083,0.07272079,0.0055496674
/home/ikk/renal-calculi-classificaction/DATASET/RESIZED/3bII/surface/3bII_2663SE.png,/home/ikk/renal-calculi-classificaction/DATASET/RESIZED/3bII/surface/MASKS/3bII_2663SE_mask.png,2,3bII,surface,3bII_2663SE,2,2,3,0.029459905,0.34524277,0.60133976,0.01483321,0.009124333
/home/ikk/renal-calculi-classificaction/DATASET/RESIZED/3bII/surface/3bII_2419SE.png,/home/ikk/renal-calculi-classificaction/DATASET/RESIZED/3bII/surface/MASKS/3bII_2419SE_mask.png,2,3bII,surface,3bII_2419SE,0,2,3,0.7603011,0.02702018,0.20263743,0.0043215714,0.0057197274
/home/ikk/renal-calculi-classificaction/DATASET/RESIZED/3bII/surface/3bII_2305SE.png,/home/ikk/renal-calculi-classificaction/DATASET/RESIZED/3bII/surface/MASKS/3bII_2305SE_mask.png,2,3bII,surface,3bII_2305SE,2,2,3,0.1414954,0.1886284,0.6541494,0.007991024,0.007735739
/home/ikk/renal-calculi-classificaction/DATASET/RESIZED/3bII/section/3bII_1862SE.jpg,/home/ikk/renal-calculi-classificaction/DATASET/RESIZED/3bII/section/MASKS/3bII_1862SE_mask.png,2,3bII,section,3bII_1862SE,0,2,3,0.6951172,0.008932574,0.20583059,0.0031573414,0.08696235
/home/ikk/renal-calculi-classificaction/DATASET/RESIZED/3bII/section/3bII_2450SE.png,/home/ikk/renal-calculi-classificaction/DATASET/RESIZED/3bII/section/MASKS/3bII_2450SE_mask.png,2,3bII,section,3bII_2450SE,0,2,3,0.8788206,0.007906629,0.1050349,0.005121309,0.00311652
/home/ikk/renal-calculi-classificaction/DATASET/RESIZED/3bII/section/3bII_3364SE.jpg,/home/ikk/renal-calculi-classificaction/DATASET/RESIZED/3bII/section/MASKS/3bII_3364SE_mask.png,2,3bII,section,3bII_3364SE,2,2,3,0.08155274,0.0023054653,0.88881034,0.01700975,0.010321654
/home/ikk/renal-calculi-classificaction/DATASET/RESIZED/3bII/section/3bII_2187SE.jpg,/home/ikk/renal-calculi-classificaction/DATASET/RESIZED/3bII/section/MASKS/3bII_2187SE_mask.png,2,3bII,section,3bII_2187SE,0,2,3,0.920111,0.0031282846,0.055740345,0.010027504,0.010992795
/home/ikk/renal-calculi-classificaction/DATASET/RESIZED/3bII/section/3bII_2871SE.jpg,/home/ikk/renal-calculi-classificaction/DATASET/RESIZED/3bII/section/MASKS/3bII_2871SE_mask.png,2,3bII,section,3bII_2871SE,0,2,3,0.71247137,0.016892187,0.25839493,0.0027627738,0.009478726
/home/ikk/renal-calculi-classificaction/DATASET/RESIZED/3bII/section/3bII_4.jpg,/home/ikk/renal-calculi-classificaction/DATASET/RESIZED/3bII/section/MASKS/3bII_4_mask.png,2,3bII,section,3bII_4,2,2,3,0.05530129,0.032098122,0.88707864,0.010798154,0.014723725
/home/ikk/renal-calculi-classificaction/DATASET/RESIZED/2a/surface/2a_1800SE.jpg,/home/ikk/renal-calculi-classificaction/DATASET/RESIZED/2a/surface/MASKS/2a_1800SE_mask.png,0,2a,surface,2a_1800SE,0,0,3,0.80535257,0.006869274,0.09843268,0.00708741,0.082258016
/home/ikk/renal-calculi-classificaction/DATASET/RESIZED/2a/surface/2a_583CP.jpg,/home/ikk/renal-calculi-classificaction/DATASET/RESIZED/2a/surface/MASKS/2a_583CP_mask.png,0,2a,surface,2a_583CP,0,0,3,0.9747453,0.0060731685,0.0078244405,0.0017662554,0.009590842
/home/ikk/renal-calculi-classificaction/DATASET/RESIZED/2a/surface/2a_1802SE.jpg,/home/ikk/renal-calculi-classificaction/DATASET/RESIZED/2a/surface/MASKS/2a_1802SE_mask.png,0,2a,surface,2a_1802SE,0,0,3,0.91932905,0.0056472286,0.04667991,0.004108838,0.024234945
/home/ikk/renal-calculi-classificaction/DATASET/RESIZED/2a/surface/2a_2169SE.jpg,/home/ikk/renal-calculi-classificaction/DATASET/RESIZED/2a/surface/MASKS/2a_2169SE_mask.png,0,2a,surface,2a_2169SE,0,0,3,0.9908289,0.0010649497,0.0044841855,0.0006155602,0.0030064269
/home/ikk/renal-calculi-classificaction/DATASET/RESIZED/2a/surface/2a_3367SE.jpg,/home/ikk/renal-calculi-classificaction/DATASET/RESIZED/2a/surface/MASKS/2a_3367SE_mask.png,0,2a,surface,2a_3367SE,0,0,3,0.95228404,0.013216338,0.02781349,0.0026448106,0.004041371
/home/ikk/renal-calculi-classificaction/DATASET/RESIZED/2a/surface/2a_2412SE_1.png,/home/ikk/renal-calculi-classificaction/DATASET/RESIZED/2a/surface/MASKS/2a_2412SE_1_mask.png,0,2a,surface,2a_2412SE,0,0,3,0.9792295,0.0034951167,0.008299168,0.0027341116,0.00624207
/home/ikk/renal-calculi-classificaction/DATASET/RESIZED/2a/surface/2a_1787SE.jpg,/home/ikk/renal-calculi-classificaction/DATASET/RESIZED/2a/surface/MASKS/2a_1787SE_mask.png,0,2a,surface,2a_1787SE,0,0,3,0.8282596,0.016069474,0.017212503,0.005880514,0.13257797
/home/ikk/renal-calculi-classificaction/DATASET/RESIZED/2a/surface/2a_1991SE_1.jpg,/home/ikk/renal-calculi-classificaction/DATASET/RESIZED/2a/surface/MASKS/2a_1991SE_1_mask.png,0,2a,surface,2a_1991SE,0,0,3,0.9730882,0.0036837556,0.017658284,0.002437874,0.0031318732
/home/ikk/renal-calculi-classificaction/DATASET/RESIZED/2a/surface/2a_1918SE.jpg,/home/ikk/renal-calculi-classificaction/DATASET/RESIZED/2a/surface/MASKS/2a_1918SE_mask.png,0,2a,surface,2a_1918SE,0,0,3,0.9629924,0.0045257215,0.008584924,0.0018693757,0.022027565
/home/ikk/renal-calculi-classificaction/DATASET/RESIZED/2a/section/2a_1802SE_2.jpg,/home/ikk/renal-calculi-classificaction/DATASET/RESIZED/2a/section/MASKS/2a_1802SE_2_mask.png,0,2a,section,2a_1802SE,0,0,3,0.95030767,0.004768084,0.02530452,0.0011943086,0.018425418
/home/ikk/renal-calculi-classificaction/DATASET/RESIZED/2a/section/2a_2867SE.jpg,/home/ikk/renal-calculi-classificaction/DATASET/RESIZED/2a/section/MASKS/2a_2867SE_mask.png,0,2a,section,2a_2867SE,0,0,3,0.9392137,0.008852122,0.042525586,0.0034207448,0.0059878463
/home/ikk/renal-calculi-classificaction/DATASET/RESIZED/2a/section/2a_3157SE.png,/home/ikk/renal-calculi-classificaction/DATASET/RESIZED/2a/section/MASKS/2a_3157SE_mask.png,0,2a,section,2a_3157SE,0,0,3,0.43672276,0.17852403,0.34416044,0.016687484,0.023905247
/home/ikk/renal-calculi-classificaction/DATASET/RESIZED/2a/section/2a_2179SE.jpg,/home/ikk/renal-calculi-classificaction/DATASET/RESIZED/2a/section/MASKS/2a_2179SE_mask.png,0,2a,section,2a_2179SE,0,0,3,0.978516,0.0010504518,0.010974787,0.000952782,0.008505982
/home/ikk/renal-calculi-classificaction/DATASET/RESIZED/2a/section/2a_2.png,/home/ikk/renal-calculi-classificaction/DATASET/RESIZED/2a/section/MASKS/2a_2_mask.png,0,2a,section,2a_2,0,0,3,0.72974,0.02160869,0.22098154,0.00837482,0.019294977
/home/ikk/renal-calculi-classificaction/DATASET/RESIZED/2a/section/2a_HAP_sup_3296SE.jpg,/home/ikk/renal-calculi-classificaction/DATASET/RESIZED/2a/section/MASKS/2a_HAP_sup_3296SE_mask.png,0,2a,section,2a_HAP_sup_3296SE,0,0,3,0.76626605,0.07449404,0.14415489,0.0055901934,0.009494854
/home/ikk/renal-calculi-classificaction/DATASET/RESIZED/2a/section/2a_2148SE.jpg,/home/ikk/renal-calculi-classificaction/DATASET/RESIZED/2a/section/MASKS/2a_2148SE_mask.png,0,2a,section,2a_2148SE,0,0,3,0.98820776,0.0013308298,0.008512304,0.0007328082,0.0012162797
/home/ikk/renal-calculi-classificaction/DATASET/RESIZED/2a/section/2a_2412SE_2.png,/home/ikk/renal-calculi-classificaction/DATASET/RESIZED/2a/section/MASKS/2a_2412SE_2_mask.png,0,2a,section,2a_2412SE,0,0,3,0.8863724,0.0065537035,0.096487895,0.0034638802,0.0071221064
/home/ikk/renal-calculi-classificaction/DATASET/RESIZED/2a/section/2a_2091SE.jpg,/home/ikk/renal-calculi-classificaction/DATASET/RESIZED/2a/section/MASKS/2a_2091SE_mask.png,0,2a,section,2a_2091SE,2,0,3,0.2597234,0.05043067,0.6135156,0.043880094,0.032450244
/home/ikk/renal-calculi-classificaction/DATASET/RESIZED/2a/section/2a_1991SE_2.jpg,/home/ikk/renal-calculi-classificaction/DATASET/RESIZED/2a/section/MASKS/2a_1991SE_2_mask.png,0,2a,section,2a_1991SE,0,0,3,0.98368883,0.0013639536,0.008166916,0.0010060242,0.0057742605
/home/ikk/renal-calculi-classificaction/DATASET/RESIZED/2a/section/2a_2513SE.png,/home/ikk/renal-calculi-classificaction/DATASET/RESIZED/2a/section/MASKS/2a_2513SE_mask.png,0,2a,section,2a_2513SE,0,0,3,0.9093812,0.0046619005,0.07244586,0.0020982795,0.011412761
/home/ikk/renal-calculi-classificaction/DATASET/RESIZED/4II-4I/surface/4I_3179SE.jpg,/home/ikk/renal-calculi-classificaction/DATASET/RESIZED/4II-4I/surface/MASKS/4I_3179SE_mask.png,2,4II-4I,surface,4I_3179SE,2,2,3,0.19540457,0.008156489,0.7731229,0.016266288,0.007049757
/home/ikk/renal-calculi-classificaction/DATASET/RESIZED/4II-4I/surface/4I_111111_inventado.jpg,/home/ikk/renal-calculi-classificaction/DATASET/RESIZED/4II-4I/surface/MASKS/4I_111111_inventado_mask.png,2,4II-4I,surface,4I_111111,0,2,3,0.5055823,0.023863515,0.058264375,0.00611474,0.4061751
/home/ikk/renal-calculi-classificaction/DATASET/RESIZED/4II-4I/surface/4II_2026SE.jpg,/home/ikk/renal-calculi-classificaction/DATASET/RESIZED/4II-4I/surface/MASKS/4II_2026SE_mask.png,2,4II-4I,surface,4II_2026SE,2,2,3,0.26424205,0.07484474,0.59752226,0.018370604,0.0450204
/home/ikk/renal-calculi-classificaction/DATASET/RESIZED/4II-4I/surface/4II_1.jpg,/home/ikk/renal-calculi-classificaction/DATASET/RESIZED/4II-4I/surface/MASKS/4II_1_mask.png,2,4II-4I,surface,4II_1,2,2,3,0.019050436,0.075350665,0.7349485,0.1579801,0.012670348
/home/ikk/renal-calculi-classificaction/DATASET/RESIZED/4II-4I/section/4I_1872SE.jpg,/home/ikk/renal-calculi-classificaction/DATASET/RESIZED/4II-4I/section/MASKS/4I_1872SE_mask.png,2,4II-4I,section,4I_1872SE,2,2,3,0.07292868,0.00821048,0.90564895,0.0038894645,0.009322429
/home/ikk/renal-calculi-classificaction/DATASET/RESIZED/4II-4I/section/4II_3046SE.png,/home/ikk/renal-calculi-classificaction/DATASET/RESIZED/4II-4I/section/MASKS/4II_3046SE_mask.png,2,4II-4I,section,4II_3046SE,3,2,3,0.043183472,0.040925775,0.41018593,0.49214277,0.0135620795
/home/ikk/renal-calculi-classificaction/DATASET/RESIZED/4II-4I/section/4II_1993SE.jpg,/home/ikk/renal-calculi-classificaction/DATASET/RESIZED/4II-4I/section/MASKS/4II_1993SE_mask.png,2,4II-4I,section,4II_1993SE,2,2,3,0.15201554,0.015814936,0.68553334,0.10704429,0.03959192
/home/ikk/renal-calculi-classificaction/DATASET/RESIZED/4II-4I/section/4II_2168SE.jpg,/home/ikk/renal-calculi-classificaction/DATASET/RESIZED/4II-4I/section/MASKS/4II_2168SE_mask.png,2,4II-4I,section,4II_2168SE,2,2,3,0.1537156,0.10500613,0.5597749,0.06891346,0.112589926
/home/ikk/renal-calculi-classificaction/DATASET/RESIZED/4II-4I/section/4II_7.jpg,/home/ikk/renal-calculi-classificaction/DATASET/RESIZED/4II-4I/section/MASKS/4II_7_mask.png,2,4II-4I,section,4II_7,2,2,3,0.15952347,0.058877632,0.5065441,0.20383665,0.07121815
/home/ikk/renal-calculi-classificaction/DATASET/RESIZED/4II-4I/section/4II_2439SE.png,/home/ikk/renal-calculi-classificaction/DATASET/RESIZED/4II-4I/section/MASKS/4II_2439SE_mask.png,2,4II-4I,section,4II_2439SE,2,2,3,0.03104904,0.011903893,0.9336766,0.01410531,0.009265184
/home/ikk/renal-calculi-classificaction/DATASET/RESIZED/4II-4I/section/4I_COM_1892SE_2.jpg,/home/ikk/renal-calculi-classificaction/DATASET/RESIZED/4II-4I/section/MASKS/4I_COM_1892SE_2_mask.png,2,4II-4I,section,4I_COM_1892SE,0,2,3,0.8027784,0.0035428703,0.1693187,0.0039042123,0.020455811
/home/ikk/renal-calculi-classificaction/DATASET/RESIZED/1aI/surface/1aI_2110SE_5_LB.png,/home/ikk/renal-calculi-classificaction/DATASET/RESIZED/1aI/surface/MASKS/1aI_2110SE_5_LB_mask.png,0,1aI,surface,1aI_2110SE,0,0,3,0.9408909,0.01550698,0.0338784,0.005150123,0.004573582
/home/ikk/renal-calculi-classificaction/DATASET/RESIZED/1aI/surface/1aI_2110SE_1_LB.png,/home/ikk/renal-calculi-classificaction/DATASET/RESIZED/1aI/surface/MASKS/1aI_2110SE_1_LB_mask.png,0,1aI,surface,1aI_2110SE,0,0,3,0.9814643,0.004915994,0.010321612,0.0022541815,0.0010438331
/home/ikk/renal-calculi-classificaction/DATASET/RESIZED/1aI/surface/1aI_2110SE_4_LB.png,/home/ikk/renal-calculi-classificaction/DATASET/RESIZED/1aI/surface/MASKS/1aI_2110SE_4_LB_mask.png,0,1aI,surface,1aI_2110SE,0,0,3,0.98578393,0.0064373505,0.005516991,0.0015712742,0.0006904501
/home/ikk/renal-calculi-classificaction/DATASET/RESIZED/1aI/surface/1aI_2109SE.jpg,/home/ikk/renal-calculi-classificaction/DATASET/RESIZED/1aI/surface/MASKS/1aI_2109SE_mask.png,0,1aI,surface,1aI_2109SE,0,0,3,0.6224979,0.013455221,0.052508388,0.013724506,0.297814
/home/ikk/renal-calculi-classificaction/DATASET/RESIZED/1aI/surface/1aI_COD_sup_2147SE_2.jpg,/home/ikk/renal-calculi-classificaction/DATASET/RESIZED/1aI/surface/MASKS/1aI_COD_sup_2147SE_2_mask.png,0,1aI,surface,1aI_COD_sup_2147SE,0,0,3,0.880064,0.019174673,0.022466155,0.0066942703,0.07160095
/home/ikk/renal-calculi-classificaction/DATASET/RESIZED/1aI/surface/1aI_COD_sup_1928SE.jpg,/home/ikk/renal-calculi-classificaction/DATASET/RESIZED/1aI/surface/MASKS/1aI_COD_sup_1928SE_mask.png,0,1aI,surface,1aI_COD_sup_1928SE,0,0,3,0.9759538,0.0042719757,0.013700589,0.0018142432,0.0042593936
/home/ikk/renal-calculi-classificaction/DATASET/RESIZED/1aI/surface/1aI_2110SE_3_LB.png,/home/ikk/renal-calculi-classificaction/DATASET/RESIZED/1aI/surface/MASKS/1aI_2110SE_3_LB_mask.png,0,1aI,surface,1aI_2110SE,0,0,3,0.9699284,0.0057363957,0.015648209,0.005730884,0.002956157
/home/ikk/renal-calculi-classificaction/DATASET/RESIZED/1aI/surface/1aI_3196SE_1.jpg,/home/ikk/renal-calculi-classificaction/DATASET/RESIZED/1aI/surface/MASKS/1aI_3196SE_1_mask.png,0,1aI,surface,1aI_3196SE,0,0,3,0.8653801,0.011466982,0.098142855,0.01110338,0.013906696
/home/ikk/renal-calculi-classificaction/DATASET/RESIZED/1aI/surface/1aI_COD_sup_1928SE_2.jpg,/home/ikk/renal-calculi-classificaction/DATASET/RESIZED/1aI/surface/MASKS/1aI_COD_sup_1928SE_2_mask.png,0,1aI,surface,1aI_COD_sup_1928SE,0,0,3,0.9905752,0.003029537,0.0040013827,0.0005298694,0.0018639604
/home/ikk/renal-calculi-classificaction/DATASET/RESIZED/1aI/surface/1aI_2110SE_2_LB.png,/home/ikk/renal-calculi-classificaction/DATASET/RESIZED/1aI/surface/MASKS/1aI_2110SE_2_LB_mask.png,0,1aI,surface,1aI_2110SE,0,0,3,0.9746063,0.009532233,0.012277478,0.0025363916,0.001047631
/home/ikk/renal-calculi-classificaction/DATASET/RESIZED/1aI/surface/1aI_2225SE_1.jpg,/home/ikk/renal-calculi-classificaction/DATASET/RESIZED/1aI/surface/MASKS/1aI_2225SE_1_mask.png,0,1aI,surface,1aI_2225SE,0,0,3,0.6423804,0.025560046,0.037552584,0.015375234,0.27913168
/home/ikk/renal-calculi-classificaction/DATASET/RESIZED/1aI/surface/1aI_1797SE.jpg,/home/ikk/renal-calculi-classificaction/DATASET/RESIZED/1aI/surface/MASKS/1aI_1797SE_mask.png,0,1aI,surface,1aI_1797SE,0,0,3,0.91566736,0.004632713,0.062304474,0.0035552573,0.013840259
/home/ikk/renal-calculi-classificaction/DATASET/RESIZED/1aI/surface/1aI_COD_sup_2147SE_1.jpg,/home/ikk/renal-calculi-classificaction/DATASET/RESIZED/1aI/surface/MASKS/1aI_COD_sup_2147SE_1_mask.png,0,1aI,surface,1aI_COD_sup_2147SE,0,0,3,0.74248564,0.013199277,0.18007955,0.0050677564,0.05916777
/home/ikk/renal-calculi-classificaction/DATASET/RESIZED/1aI/surface/1aI_1934SE.jpg,/home/ikk/renal-calculi-classificaction/DATASET/RESIZED/1aI/surface/MASKS/1aI_1934SE_mask.png,0,1aI,surface,1aI_1934SE,0,0,3,0.78382164,0.03454019,0.15267928,0.010102694,0.018856173
/home/ikk/renal-calculi-classificaction/DATASET/RESIZED/1aI/surface/1aI_2676SE.png,/home/ikk/renal-calculi-classificaction/DATASET/RESIZED/1aI/surface/MASKS/1aI_2676SE_mask.png,0,1aI,surface,1aI_2676SE,0,0,3,0.9564497,0.017067948,0.016924389,0.006050845,0.0035071324
/home/ikk/renal-calculi-classificaction/DATASET/RESIZED/1aI/section/1aI_3196SE_2.jpg,/home/ikk/renal-calculi-classificaction/DATASET/RESIZED/1aI/section/MASKS/1aI_3196SE_2_mask.png,0,1aI,section,1aI_3196SE,0,0,3,0.9374587,0.011864932,0.03606055,0.0037670878,0.010848731
/home/ikk/renal-calculi-classificaction/DATASET/RESIZED/1aI/section/1aI_2110SE_7_LB.png,/home/ikk/renal-calculi-classificaction/DATASET/RESIZED/1aI/section/MASKS/1aI_2110SE_7_LB_mask.png,0,1aI,section,1aI_2110SE,0,0,3,0.9767601,0.0027889048,0.010602948,0.0013176807,0.008530379
/home/ikk/renal-calculi-classificaction/DATASET/RESIZED/1aI/section/1aI_2110SE_6_LB.png,/home/ikk/renal-calculi-classificaction/DATASET/RESIZED/1aI/section/MASKS/1aI_2110SE_6_LB_mask.png,0,1aI,section,1aI_2110SE,0,0,3,0.8552678,0.049220067,0.062432665,0.017573114,0.015506319
/home/ikk/renal-calculi-classificaction/DATASET/RESIZED/1aI/section/1aI_1934SE_2.jpg,/home/ikk/renal-calculi-classificaction/DATASET/RESIZED/1aI/section/MASKS/1aI_1934SE_2_mask.png,0,1aI,section,1aI_1934SE,0,0,3,0.97229403,0.00280686,0.022100147,0.00079321855,0.0020057494
/home/ikk/renal-calculi-classificaction/DATASET/RESIZED/1aI/section/1aI_2225SE_2.jpg,/home/ikk/renal-calculi-classificaction/DATASET/RESIZED/1aI/section/MASKS/1aI_2225SE_2_mask.png,0,1aI,section,1aI_2225SE,0,0,3,0.9551898,0.0024689704,0.025960367,0.0013066452,0.015074152
/home/ikk/renal-calculi-classificaction/DATASET/RESIZED/6/section/6_3230SE.jpg,/home/ikk/renal-calculi-classificaction/DATASET/RESIZED/6/section/MASKS/6_3230SE_mask.png,3,6,section,6_3230SE,2,3,4,0.1018889,0.020567702,0.6682737,0.14755683,0.061712846
/home/ikk/renal-calculi-classificaction/DATASET/RESIZED/6/section/6_2770SE.jpg,/home/ikk/renal-calculi-classificaction/DATASET/RESIZED/6/section/MASKS/6_2770SE_mask.png,3,6,section,6_2770SE,2,3,4,0.13116762,0.106099784,0.3131594,0.19529073,0.25428247
/home/ikk/renal-calculi-classificaction/DATASET/RESIZED/6/section/6_2274SE.png,/home/ikk/renal-calculi-classificaction/DATASET/RESIZED/6/section/MASKS/6_2274SE_mask.png,3,6,section,6_2274SE,3,3,4,0.029155644,0.005947772,0.054470237,0.90704983,0.0033765535
/home/ikk/renal-calculi-classificaction/DATASET/RESIZED/6/section/6_3059SE.png,/home/ikk/renal-calculi-classificaction/DATASET/RESIZED/6/section/MASKS/6_3059SE_mask.png,3,6,section,6_3059SE,3,3,4,0.020729702,0.009030164,0.40086412,0.5600886,0.009287392
/home/ikk/renal-calculi-classificaction/DATASET/RESIZED/8aI - 8aII/surface/8aII_2163SE.jpg,/home/ikk/renal-calculi-classificaction/DATASET/RESIZED/8aI - 8aII/surface/MASKS/8aII_2163SE_mask.png,4,8aI - 8aII,surface,8aII_2163SE,2,4,4,0.16097656,0.019381162,0.6803065,0.045880854,0.09345495
/home/ikk/renal-calculi-classificaction/DATASET/RESIZED/8aI - 8aII/surface/8aII_3026SE.jpg,/home/ikk/renal-calculi-classificaction/DATASET/RESIZED/8aI - 8aII/surface/MASKS/8aII_3026SE_mask.png,4,8aI - 8aII,surface,8aII_3026SE,4,4,4,0.031146595,0.0072614304,0.011300906,0.020664012,0.92962706
/home/ikk/renal-calculi-classificaction/DATASET/RESIZED/8aI - 8aII/surface/8aII_1874SE.jpg,/home/ikk/renal-calculi-classificaction/DATASET/RESIZED/8aI - 8aII/surface/MASKS/8aII_1874SE_mask.png,4,8aI - 8aII,surface,8aII_1874SE,4,4,4,0.2786602,0.059250027,0.26824057,0.028788688,0.3650605
/home/ikk/renal-calculi-classificaction/DATASET/RESIZED/8aI - 8aII/section/8aI_2316SE.png,/home/ikk/renal-calculi-classificaction/DATASET/RESIZED/8aI - 8aII/section/MASKS/8aI_2316SE_mask.png,4,8aI - 8aII,section,8aI_2316SE,4,4,4,0.2732049,0.023376308,0.07135443,0.038125485,0.5939389
/home/ikk/renal-calculi-classificaction/DATASET/RESIZED/8aI - 8aII/section/8aII_2146SE.jpg,/home/ikk/renal-calculi-classificaction/DATASET/RESIZED/8aI - 8aII/section/MASKS/8aII_2146SE_mask.png,4,8aI - 8aII,section,8aII_2146SE,4,4,4,0.15985402,0.006392352,0.02518008,0.012022689,0.7965508
/home/ikk/renal-calculi-classificaction/DATASET/RESIZED/8aI - 8aII/section/8aII_1874SE_2.jpg,/home/ikk/renal-calculi-classificaction/DATASET/RESIZED/8aI - 8aII/section/MASKS/8aII_1874SE_2_mask.png,4,8aI - 8aII,section,8aII_1874SE,4,4,4,0.070530795,0.005663434,0.17470267,0.010287901,0.73881525
/home/ikk/renal-calculi-classificaction/DATASET/RESIZED/3aII/surface/3aII_1786SE.jpg,/home/ikk/renal-calculi-classificaction/DATASET/RESIZED/3aII/surface/MASKS/3aII_1786SE_mask.png,1,3aII,surface,3aII_1786SE,2,1,4,0.14808445,0.062107515,0.52234375,0.024661487,0.24280277
/home/ikk/renal-calculi-classificaction/DATASET/RESIZED/3aII/surface/3aII_3049SE.png,/home/ikk/renal-calculi-classificaction/DATASET/RESIZED/3aII/surface/MASKS/3aII_3049SE_mask.png,1,3aII,surface,3aII_3049SE,1,1,4,0.060415562,0.38092142,0.20961773,0.3038496,0.045195673
/home/ikk/renal-calculi-classificaction/DATASET/RESIZED/3aII/surface/3aII_1969SE_2.jpg,/home/ikk/renal-calculi-classificaction/DATASET/RESIZED/3aII/surface/MASKS/3aII_1969SE_2_mask.png,1,3aII,surface,3aII_1969SE,3,1,4,0.053427424,0.13131781,0.32401693,0.45339718,0.037840676
/home/ikk/renal-calculi-classificaction/DATASET/RESIZED/3aII/surface/3aII_1969SE_1.jpg,/home/ikk/renal-calculi-classificaction/DATASET/RESIZED/3aII/surface/MASKS/3aII_1969SE_1_mask.png,1,3aII,surface,3aII_1969SE,2,1,4,0.01790129,0.24722148,0.65386975,0.076377,0.0046305014
/home/ikk/renal-calculi-classificaction/DATASET/RESIZED/3aII/surface/3aII_1820SE.jpg,/home/ikk/renal-calculi-classificaction/DATASET/RESIZED/3aII/surface/MASKS/3aII_1820SE_mask.png,1,3aII,surface,3aII_1820SE,2,1,4,0.14123052,0.044165015,0.64371455,0.026747337,0.14414254
/home/ikk/renal-calculi-classificaction/DATASET/RESIZED/3aII/section/3aII_2654SE.png,/home/ikk/renal-calculi-classificaction/DATASET/RESIZED/3aII/section/MASKS/3aII_2654SE_mask.png,1,3aII,section,3aII_2654SE,0,1,4,0.84610116,0.017103042,0.12003525,0.008637283,0.008123267
/home/ikk/renal-calculi-classificaction/DATASET/RESIZED/3bII/surface/3bII_2243SE.jpg,/home/ikk/renal-calculi-classificaction/DATASET/RESIZED/3bII/surface/MASKS/3bII_2243SE_mask.png,2,3bII,surface,3bII_2243SE,2,2,4,0.032588616,0.31542724,0.32137015,0.09361098,0.23700301
/home/ikk/renal-calculi-classificaction/DATASET/RESIZED/3bII/surface/3bII_3262SE.jpg,/home/ikk/renal-calculi-classificaction/DATASET/RESIZED/3bII/surface/MASKS/3bII_3262SE_mask.png,2,3bII,surface,3bII_3262SE,0,2,4,0.9475407,0.0018849748,0.04675465,0.002432155,0.0013875101
/home/ikk/renal-calculi-classificaction/DATASET/RESIZED/3bII/surface/3bII_2768SE.jpg,/home/ikk/renal-calculi-classificaction/DATASET/RESIZED/3bII/surface/MASKS/3bII_2768SE_mask.png,2,3bII,surface,3bII_2768SE,0,2,4,0.97715557,0.0026498183,0.0148673095,0.002377665,0.0029496218
/home/ikk/renal-calculi-classificaction/DATASET/RESIZED/3bII/surface/3bII_1958SE.jpg,/home/ikk/renal-calculi-classificaction/DATASET/RESIZED/3bII/surface/MASKS/3bII_1958SE_mask.png,2,3bII,surface,3bII_1958SE,2,2,4,0.42023516,0.016751856,0.5121252,0.027440203,0.023447538
/home/ikk/renal-calculi-classificaction/DATASET/RESIZED/3bII/surface/3bII_1888SE.jpg,/home/ikk/renal-calculi-classificaction/DATASET/RESIZED/3bII/surface/MASKS/3bII_1888SE_mask.png,2,3bII,surface,3bII_1888SE,2,2,4,0.23484588,0.04472018,0.67707956,0.0114597045,0.031894665
/home/ikk/renal-calculi-classificaction/DATASET/RESIZED/3bII/surface/3bII_MO_1895SE.jpg,/home/ikk/renal-calculi-classificaction/DATASET/RESIZED/3bII/surface/MASKS/3bII_MO_1895SE_mask.png,2,3bII,surface,3bII_MO_1895SE,4,2,4,0.33119702,0.029102592,0.13494633,0.022394171,0.4823599
/home/ikk/renal-calculi-classificaction/DATASET/RESIZED/3bII/section/3bII_1.jpg,/home/ikk/renal-calculi-classificaction/DATASET/RESIZED/3bII/section/MASKS/3bII_1_mask.png,2,3bII,section,3bII_1,2,2,4,0.05946673,0.16308828,0.3830947,0.3714039,0.022946384
/home/ikk/renal-calculi-classificaction/DATASET/RESIZED/3bII/section/3bII_2065SE.jpg,/home/ikk/renal-calculi-classificaction/DATASET/RESIZED/3bII/section/MASKS/3bII_2065SE_mask.png,2,3bII,section,3bII_2065SE,2,2,4,0.05903726,0.019138418,0.8015625,0.087007515,0.03325428
/home/ikk/renal-calculi-classificaction/DATASET/RESIZED/3bII/section/3bII_2451SE.png,/home/ikk/renal-calculi-classificaction/DATASET/RESIZED/3bII/section/MASKS/3bII_2451SE_mask.png,2,3bII,section,3bII_2451SE,0,2,4,0.7427126,0.15040961,0.05465125,0.018992491,0.033233978
/home/ikk/renal-calculi-classificaction/DATASET/RESIZED/3bII/section/3bII_6.jpg,/home/ikk/renal-calculi-classificaction/DATASET/RESIZED/3bII/section/MASKS/3bII_6_mask.png,2,3bII,section,3bII_6,2,2,4,0.0053096577,0.019372648,0.9091767,0.061958544,0.0041824416
/home/ikk/renal-calculi-classificaction/DATASET/RESIZED/3bII/section/3bII_3.jpg,/home/ikk/renal-calculi-classificaction/DATASET/RESIZED/3bII/section/MASKS/3bII_3_mask.png,2,3bII,section,3bII_3,3,2,4,0.04870029,0.089373246,0.34807944,0.37790582,0.13594124
/home/ikk/renal-calculi-classificaction/DATASET/RESIZED/2a/surface/2a_1940SE.jpg,/home/ikk/renal-calculi-classificaction/DATASET/RESIZED/2a/surface/MASKS/2a_1940SE_mask.png,0,2a,surface,2a_1940SE,0,0,4,0.48147517,0.023370912,0.008754995,0.013697839,0.4727011
/home/ikk/renal-calculi-classificaction/DATASET/RESIZED/2a/surface/2a_3346SE_surface.jpg,/home/ikk/renal-calculi-classificaction/DATASET/RESIZED/2a/surface/MASKS/2a_3346SE_surface_mask.png,0,2a,surface,2a_3346SE,0,0,4,0.45776898,0.31141672,0.14976598,0.04403842,0.037009962
/home/ikk/renal-calculi-classificaction/DATASET/RESIZED/2a/surface/2a_3351SE_1._Imagen_general.jpg,/home/ikk/renal-calculi-classificaction/DATASET/RESIZED/2a/surface/MASKS/2a_3351SE_1._Imagen_general_mask.png,0,2a,surface,2a_3351SE,2,0,4,0.23041174,0.03445677,0.63712883,0.087095715,0.010906904
/home/ikk/renal-calculi-classificaction/DATASET/RESIZED/2a/surface/2a_2073SE.jpg,/home/ikk/renal-calculi-classificaction/DATASET/RESIZED/2a/surface/MASKS/2a_2073SE_mask.png,0,2a,surface,2a_2073SE,0,0,4,0.6670006,0.104774095,0.04730604,0.027547382,0.15337193
/home/ikk/renal-calculi-classificaction/DATASET/RESIZED/2a/surface/2a_2015SE.jpg,/home/ikk/renal-calculi-classificaction/DATASET/RESIZED/2a/surface/MASKS/2a_2015SE_mask.png,0,2a,surface,2a_2015SE,0,0,4,0.9855253,0.0020982402,0.010060965,0.0007887469,0.0015267411
/home/ikk/renal-calculi-classificaction/DATASET/RESIZED/2a/surface/2a_2087SE.jpg,/home/ikk/renal-calculi-classificaction/DATASET/RESIZED/2a/surface/MASKS/2a_2087SE_mask.png,0,2a,surface,2a_2087SE,0,0,4,0.99355596,0.0020431199,0.0029175214,0.00057248905,0.0009109351
/home/ikk/renal-calculi-classificaction/DATASET/RESIZED/2a/section/2a_2749SE.jpg,/home/ikk/renal-calculi-classificaction/DATASET/RESIZED/2a/section/MASKS/2a_2749SE_mask.png,0,2a,section,2a_2749SE,0,0,4,0.84996766,0.006500572,0.11471473,0.011579684,0.017237363
/home/ikk/renal-calculi-classificaction/DATASET/RESIZED/2a/section/2a_2133SE.jpg,/home/ikk/renal-calculi-classificaction/DATASET/RESIZED/2a/section/MASKS/2a_2133SE_mask.png,0,2a,section,2a_2133SE,0,0,4,0.98603964,0.0024224564,0.008942952,0.00087784894,0.0017171
/home/ikk/renal-calculi-classificaction/DATASET/RESIZED/2a/section/2a_1940SE_2.jpg,/home/ikk/renal-calculi-classificaction/DATASET/RESIZED/2a/section/MASKS/2a_1940SE_2_mask.png,0,2a,section,2a_1940SE,2,0,4,0.03237835,0.0063869725,0.94254816,0.011728769,0.006957749
/home/ikk/renal-calculi-classificaction/DATASET/RESIZED/2a/section/2a_3346SE_section.jpg,/home/ikk/renal-calculi-classificaction/DATASET/RESIZED/2a/section/MASKS/2a_3346SE_section_mask.png,0,2a,section,2a_3346SE,0,0,4,0.88193995,0.005272862,0.10624498,0.0031473236,0.0033949225
/home/ikk/renal-calculi-classificaction/DATASET/RESIZED/2a/section/2a_3351SE_3._Seccion_2.jpg,/home/ikk/renal-calculi-classificaction/DATASET/RESIZED/2a/section/MASKS/2a_3351SE_3._Seccion_2_mask.png,0,2a,section,2a_3351SE,2,0,4,0.35666347,0.047228005,0.56363064,0.019374022,0.013103866
/home/ikk/renal-calculi-classificaction/DATASET/RESIZED/2a/section/2a_3266SE.jpg,/home/ikk/renal-calculi-classificaction/DATASET/RESIZED/2a/section/MASKS/2a_3266SE_mask.png,0,2a,section,2a_3266SE,0,0,4,0.88168126,0.00643488,0.10205189,0.0020798342,0.00775216
/home/ikk/renal-calculi-classificaction/DATASET/RESIZED/2a/section/2a_2580SE.png,/home/ikk/renal-calculi-classificaction/DATASET/RESIZED/2a/section/MASKS/2a_2580SE_mask.png,0,2a,section,2a_2580SE,0,0,4,0.8799106,0.018650725,0.07531549,0.0044919383,0.02163133
/home/ikk/renal-calculi-classificaction/DATASET/RESIZED/2a/section/2a_2327SE.png,/home/ikk/renal-calculi-classificaction/DATASET/RESIZED/2a/section/MASKS/2a_2327SE_mask.png,0,2a,section,2a_2327SE,1,0,4,0.2325917,0.3534786,0.07779399,0.0708849,0.26525083
/home/ikk/renal-calculi-classificaction/DATASET/RESIZED/2a/section/2a_3351SE_2._Seccion_1.jpg,/home/ikk/renal-calculi-classificaction/DATASET/RESIZED/2a/section/MASKS/2a_3351SE_2._Seccion_1_mask.png,0,2a,section,2a_3351SE,0,0,4,0.64388597,0.049984843,0.15867521,0.11432367,0.03313036
/home/ikk/renal-calculi-classificaction/DATASET/RESIZED/2a/section/2a_1830SE.jpg,/home/ikk/renal-calculi-classificaction/DATASET/RESIZED/2a/section/MASKS/2a_1830SE_mask.png,0,2a,section,2a_1830SE,0,0,4,0.68864864,0.015821246,0.28909138,0.0017749991,0.0046637817
/home/ikk/renal-calculi-classificaction/DATASET/RESIZED/2a/section/2a_3025SE.jpg,/home/ikk/renal-calculi-classificaction/DATASET/RESIZED/2a/section/MASKS/2a_3025SE_mask.png,0,2a,section,2a_3025SE,4,0,4,0.17465349,0.042756207,0.066980906,0.04741604,0.66819334
/home/ikk/renal-calculi-classificaction/DATASET/RESIZED/2a/section/2a_2872SE.jpg,/home/ikk/renal-calculi-classificaction/DATASET/RESIZED/2a/section/MASKS/2a_2872SE_mask.png,0,2a,section,2a_2872SE,2,0,4,0.42212978,0.0030075088,0.5689685,0.0028992384,0.0029949823
/home/ikk/renal-calculi-classificaction/DATASET/RESIZED/4II-4I/surface/4I_1853SE.jpg,/home/ikk/renal-calculi-classificaction/DATASET/RESIZED/4II-4I/surface/MASKS/4I_1853SE_mask.png,2,4II-4I,surface,4I_1853SE,2,2,4,0.2639929,0.19589292,0.49289382,0.011918319,0.035302073
/home/ikk/renal-calculi-classificaction/DATASET/RESIZED/4II-4I/surface/4II_5.jpg,/home/ikk/renal-calculi-classificaction/DATASET/RESIZED/4II-4I/surface/MASKS/4II_5_mask.png,2,4II-4I,surface,4II_5,2,2,4,0.021905111,0.076628655,0.48109615,0.40577802,0.014592096
/home/ikk/renal-calculi-classificaction/DATASET/RESIZED/4II-4I/surface/4II_2201SE.jpg,/home/ikk/renal-calculi-classificaction/DATASET/RESIZED/4II-4I/surface/MASKS/4II_2201SE_mask.png,2,4II-4I,surface,4II_2201SE,2,2,4,0.0066682743,0.030372072,0.6177008,0.25140834,0.09385054
/home/ikk/renal-calculi-classificaction/DATASET/RESIZED/4II-4I/section/4II_1920SE.jpg,/home/ikk/renal-calculi-classificaction/DATASET/RESIZED/4II-4I/section/MASKS/4II_1920SE_mask.png,2,4II-4I,section,4II_1920SE,2,2,4,0.19986424,0.013649934,0.75317353,0.013866853,0.01944542
/home/ikk/renal-calculi-classificaction/DATASET/RESIZED/4II-4I/section/4I_1853SE_2.jpg,/home/ikk/renal-calculi-classificaction/DATASET/RESIZED/4II-4I/section/MASKS/4I_1853SE_2_mask.png,2,4II-4I,section,4I_1853SE,2,2,4,0.25921547,0.13846996,0.5406465,0.010582494,0.0510856
/home/ikk/renal-calculi-classificaction/DATASET/RESIZED/4II-4I/section/4I_COM_2150SE.jpg,/home/ikk/renal-calculi-classificaction/DATASET/RESIZED/4II-4I/section/MASKS/4I_COM_2150SE_mask.png,2,4II-4I,section,4I_COM_2150SE,2,2,4,0.090965204,0.013528898,0.7092534,0.16446069,0.021791799
/home/ikk/renal-calculi-classificaction/DATASET/RESIZED/4II-4I/section/4II_2659SE.png,/home/ikk/renal-calculi-classificaction/DATASET/RESIZED/4II-4I/section/MASKS/4II_2659SE_mask.png,2,4II-4I,section,4II_2659SE,2,2,4,0.021320637,0.08547776,0.86326975,0.0258603,0.004071537
/home/ikk/renal-calculi-classificaction/DATASET/RESIZED/4II-4I/section/4I_1931SE.jpg,/home/ikk/renal-calculi-classificaction/DATASET/RESIZED/4II-4I/section/MASKS/4I_1931SE_mask.png,2,4II-4I,section,4I_1931SE,0,2,4,0.5815422,0.025014093,0.113850236,0.026028259,0.25356525
/home/ikk/renal-calculi-classificaction/DATASET/RESIZED/4II-4I/section/4I_2531SE.png,/home/ikk/renal-calculi-classificaction/DATASET/RESIZED/4II-4I/section/MASKS/4I_2531SE_mask.png,2,4II-4I,section,4I_2531SE,3,2,4,0.022280732,0.0066423053,0.31016073,0.654659,0.006257263
/home/ikk/renal-calculi-classificaction/DATASET/RESIZED/4II-4I/section/4I_1931SE_2.jpg,/home/ikk/renal-calculi-classificaction/DATASET/RESIZED/4II-4I/section/MASKS/4I_1931SE_2_mask.png,2,4II-4I,section,4I_1931SE,2,2,4,0.24911682,0.034937676,0.5110362,0.047873646,0.15703565
/home/ikk/renal-calculi-classificaction/DATASET/RESIZED/4II-4I/section/4I_3271SE.jpg,/home/ikk/renal-calculi-classificaction/DATASET/RESIZED/4II-4I/section/MASKS/4I_3271SE_mask.png,2,4II-4I,section,4I_3271SE,2,2,4,0.02960182,0.026502674,0.79618883,0.13943157,0.008275138
/home/ikk/renal-calculi-classificaction/DATASET/RESIZED/4II-4I/section/4I_2761SE.jpg,/home/ikk/renal-calculi-classificaction/DATASET/RESIZED/4II-4I/section/MASKS/4I_2761SE_mask.png,2,4II-4I,section,4I_2761SE,3,2,4,0.027156668,0.10186917,0.3180116,0.54233885,0.010623654
/home/ikk/renal-calculi-classificaction/DATASET/RESIZED/4II-4I/section/4II_3040SE.png,/home/ikk/renal-calculi-classificaction/DATASET/RESIZED/4II-4I/section/MASKS/4II_3040SE_mask.png,2,4II-4I,section,4II_3040SE,2,2,4,0.17753716,0.20304821,0.56265384,0.033208765,0.023552045
/home/ikk/renal-calculi-classificaction/DATASET/RESIZED/1aI/surface/1aI_COD_sup_1996SE.jpg,/home/ikk/renal-calculi-classificaction/DATASET/RESIZED/1aI/surface/MASKS/1aI_COD_sup_1996SE_mask.png,0,1aI,surface,1aI_COD_sup_1996SE,0,0,4,0.98858845,0.0013331925,0.0054660183,0.001431849,0.0031804591
/home/ikk/renal-calculi-classificaction/DATASET/RESIZED/1aI/surface/1aI_1890SE.jpg,/home/ikk/renal-calculi-classificaction/DATASET/RESIZED/1aI/surface/MASKS/1aI_1890SE_mask.png,0,1aI,surface,1aI_1890SE,0,0,4,0.6811211,0.0079934215,0.274297,0.022220386,0.014368112
/home/ikk/renal-calculi-classificaction/DATASET/RESIZED/1aI/surface/1aI_1986SE.jpg,/home/ikk/renal-calculi-classificaction/DATASET/RESIZED/1aI/surface/MASKS/1aI_1986SE_mask.png,0,1aI,surface,1aI_1986SE,0,0,4,0.99248695,0.0037525874,0.0021598302,0.00068508764,0.0009155839
/home/ikk/renal-calculi-classificaction/DATASET/RESIZED/1aI/surface/1aI_2895SE.jpg,/home/ikk/renal-calculi-classificaction/DATASET/RESIZED/1aI/surface/MASKS/1aI_2895SE_mask.png,0,1aI,surface,1aI_2895SE,0,0,4,0.47814995,0.025625205,0.47239307,0.016292647,0.007539149
/home/ikk/renal-calculi-classificaction/DATASET/RESIZED/1aI/surface/1aI_3199SE.jpg,/home/ikk/renal-calculi-classificaction/DATASET/RESIZED/1aI/surface/MASKS/1aI_3199SE_mask.png,0,1aI,surface,1aI_3199SE,0,0,4,0.9673024,0.0035994367,0.026072817,0.0010646746,0.001960705
/home/ikk/renal-calculi-classificaction/DATASET/RESIZED/1aI/surface/1aI_1777SE.jpg,/home/ikk/renal-calculi-classificaction/DATASET/RESIZED/1aI/surface/MASKS/1aI_1777SE_mask.png,0,1aI,surface,1aI_1777SE,0,0,4,0.83978987,0.017170763,0.10787694,0.01240264,0.022759814
/home/ikk/renal-calculi-classificaction/DATASET/RESIZED/1aI/surface/1aI_1781SE.jpg,/home/ikk/renal-calculi-classificaction/DATASET/RESIZED/1aI/surface/MASKS/1aI_1781SE_mask.png,0,1aI,surface,1aI_1781SE,0,0,4,0.9784373,0.002893273,0.01079166,0.003681174,0.004196548
/home/ikk/renal-calculi-classificaction/DATASET/RESIZED/1aI/surface/1aI_COD_sup_1829SE.jpg,/home/ikk/renal-calculi-classificaction/DATASET/RESIZED/1aI/surface/MASKS/1aI_COD_sup_1829SE_mask.png,0,1aI,surface,1aI_COD_sup_1829SE,2,0,4,0.17509712,0.008609178,0.8116793,0.0013484438,0.0032659974
/home/ikk/renal-calculi-classificaction/DATASET/RESIZED/1aI/surface/1aI_COD_sup_3317SE.jpg,/home/ikk/renal-calculi-classificaction/DATASET/RESIZED/1aI/surface/MASKS/1aI_COD_sup_3317SE_mask.png,0,1aI,surface,1aI_COD_sup_3317SE,0,0,4,0.92337936,0.02020165,0.026423018,0.016792646,0.013203268
/home/ikk/renal-calculi-classificaction/DATASET/RESIZED/1aI/surface/1aI_1947SE.jpg,/home/ikk/renal-calculi-classificaction/DATASET/RESIZED/1aI/surface/MASKS/1aI_1947SE_mask.png,0,1aI,surface,1aI_1947SE,0,0,4,0.59732074,0.24321868,0.06418279,0.010770019,0.084507816
/home/ikk/renal-calculi-classificaction/DATASET/RESIZED/1aI/surface/1aI_2016SE.jpg,/home/ikk/renal-calculi-classificaction/DATASET/RESIZED/1aI/surface/MASKS/1aI_2016SE_mask.png,0,1aI,surface,1aI_2016SE,0,0,4,0.93931997,0.018392902,0.021790087,0.008265081,0.012231941
/home/ikk/renal-calculi-classificaction/DATASET/RESIZED/1aI/surface/1aI_2798SE.jpg,/home/ikk/renal-calculi-classificaction/DATASET/RESIZED/1aI/surface/MASKS/1aI_2798SE_mask.png,0,1aI,surface,1aI_2798SE,0,0,4,0.78557736,0.022967432,0.17647073,0.0106468275,0.0043376232
/home/ikk/renal-calculi-classificaction/DATASET/RESIZED/1aI/section/1aI_2779SE.jpg,/home/ikk/renal-calculi-classificaction/DATASET/RESIZED/1aI/section/MASKS/1aI_2779SE_mask.png,0,1aI,section,1aI_2779SE,0,0,4,0.99186945,0.0010313991,0.004705212,0.00071343867,0.0016805262
/home/ikk/renal-calculi-classificaction/DATASET/RESIZED/1aI/section/1aI_1947SE_2.jpg,/home/ikk/renal-calculi-classificaction/DATASET/RESIZED/1aI/section/MASKS/1aI_1947SE_2_mask.png,0,1aI,section,1aI_1947SE,0,0,4,0.9437942,0.0061626183,0.046224743,0.0015807288,0.0022377518
/home/ikk/renal-calculi-classificaction/DATASET/RESIZED/6/surface/6_2784SE.jpg,/home/ikk/renal-calculi-classificaction/DATASET/RESIZED/6/surface/MASKS/6_2784SE_mask.png,3,6,surface,6_2784SE,2,3,5,0.012018721,0.047861114,0.834647,0.06273314,0.042740025
/home/ikk/renal-calculi-classificaction/DATASET/RESIZED/6/surface/6_2351SE.png,/home/ikk/renal-calculi-classificaction/DATASET/RESIZED/6/surface/MASKS/6_2351SE_mask.png,3,6,surface,6_2351SE,2,3,5,0.08753168,0.17039458,0.6910509,0.044704057,0.006318798
/home/ikk/renal-calculi-classificaction/DATASET/RESIZED/6/section/6_2061SE.jpg,/home/ikk/renal-calculi-classificaction/DATASET/RESIZED/6/section/MASKS/6_2061SE_mask.png,3,6,section,6_2061SE,3,3,5,0.028775016,0.0062419246,0.02348905,0.93443686,0.007057156
/home/ikk/renal-calculi-classificaction/DATASET/RESIZED/6/section/6_3253SE.jpg,/home/ikk/renal-calculi-classificaction/DATASET/RESIZED/6/section/MASKS/6_3253SE_mask.png,3,6,section,6_3253SE,3,3,5,0.009855737,0.0025928237,0.0062063923,0.9782071,0.0031379394
/home/ikk/renal-calculi-classificaction/DATASET/RESIZED/8aI - 8aII/surface/8aII_1930SE.jpg,/home/ikk/renal-calculi-classificaction/DATASET/RESIZED/8aI - 8aII/surface/MASKS/8aII_1930SE_mask.png,4,8aI - 8aII,surface,8aII_1930SE,0,4,5,0.66596323,0.028526722,0.18588324,0.050036468,0.069590345
/home/ikk/renal-calculi-classificaction/DATASET/RESIZED/8aI - 8aII/surface/8aII_COM_min_1808SE.jpg,/home/ikk/renal-calculi-classificaction/DATASET/RESIZED/8aI - 8aII/surface/MASKS/8aII_COM_min_1808SE_mask.png,4,8aI - 8aII,surface,8aII_COM_min_1808SE,4,4,5,0.041360606,0.01872845,0.17626873,0.016340608,0.74730164
/home/ikk/renal-calculi-classificaction/DATASET/RESIZED/8aI - 8aII/surface/8aII_1936SE_surface.jpg,/home/ikk/renal-calculi-classificaction/DATASET/RESIZED/8aI - 8aII/surface/MASKS/8aII_1936SE_surface_mask.png,4,8aI - 8aII,surface,8aII_1936SE,0,4,5,0.9315195,0.0023877823,0.06328985,0.0014183366,0.0013845325
/home/ikk/renal-calculi-classificaction/DATASET/RESIZED/8aI - 8aII/section/8aII_1936SE_section.jpg,/home/ikk/renal-calculi-classificaction/DATASET/RESIZED/8aI - 8aII/section/MASKS/8aII_1936SE_section_mask.png,4,8aI - 8aII,section,8aII_1936SE,0,4,5,0.763482,0.01943928,0.19512245,0.007951481,0.0140048275
/home/ikk/renal-calculi-classificaction/DATASET/RESIZED/8aI - 8aII/section/8aII_1936SE_2_.jpg,/home/ikk/renal-calculi-classificaction/DATASET/RESIZED/8aI - 8aII/section/MASKS/8aII_1936SE_2__mask.png,4,8aI - 8aII,section,8aII_1936SE,0,4,5,0.9444208,0.0071862475,0.04190531,0.0010523268,0.0054353126
/home/ikk/renal-calculi-classificaction/DATASET/RESIZED/8aI - 8aII/section/8aII_1.jpg,/home/ikk/renal-calculi-classificaction/DATASET/RESIZED/8aI - 8aII/section/MASKS/8aII_1_mask.png,4,8aI - 8aII,section,8aII_1,4,4,5,0.16649711,0.013395804,0.05417959,0.048625547,0.71730196
/home/ikk/renal-calculi-classificaction/DATASET/RESIZED/8aI - 8aII/section/8aII_2520SE.png,/home/ikk/renal-calculi-classificaction/DATASET/RESIZED/8aI - 8aII/section/MASKS/8aII_2520SE_mask.png,4,8aI - 8aII,section,8aII_2520SE,0,4,5,0.44673526,0.15771872,0.36563128,0.015073508,0.014841266
/home/ikk/renal-calculi-classificaction/DATASET/RESIZED/8aI - 8aII/section/8aII_3053SE.png,/home/ikk/renal-calculi-classificaction/DATASET/RESIZED/8aI - 8aII/section/MASKS/8aII_3053SE_mask.png,4,8aI - 8aII,section,8aII_3053SE,4,4,5,0.026318314,0.04842655,0.011289928,0.020312618,0.8936526
/home/ikk/renal-calculi-classificaction/DATASET/RESIZED/8aI - 8aII/section/8aII_3118SE.png,/home/ikk/renal-calculi-classificaction/DATASET/RESIZED/8aI - 8aII/section/MASKS/8aII_3118SE_mask.png,4,8aI - 8aII,section,8aII_3118SE,4,4,5,0.019107137,0.05543857,0.021462528,0.049922775,0.85406905
/home/ikk/renal-calculi-classificaction/DATASET/RESIZED/3aII/surface/3aII_3176SE.jpg,/home/ikk/renal-calculi-classificaction/DATASET/RESIZED/3aII/surface/MASKS/3aII_3176SE_mask.png,1,3aII,surface,3aII_3176SE,2,1,5,0.025565615,0.25149903,0.41793826,0.03307252,0.2719246
/home/ikk/renal-calculi-classificaction/DATASET/RESIZED/3aII/surface/3aII_1994SE.jpg,/home/ikk/renal-calculi-classificaction/DATASET/RESIZED/3aII/surface/MASKS/3aII_1994SE_mask.png,1,3aII,surface,3aII_1994SE,1,1,5,0.03524697,0.61895233,0.09172763,0.091728345,0.16234472
/home/ikk/renal-calculi-classificaction/DATASET/RESIZED/3aII/surface/3aII_2224SE.jpg,/home/ikk/renal-calculi-classificaction/DATASET/RESIZED/3aII/surface/MASKS/3aII_2224SE_mask.png,1,3aII,surface,3aII_2224SE,0,1,5,0.76376283,0.07296001,0.14683612,0.010080087,0.006360988
/home/ikk/renal-calculi-classificaction/DATASET/RESIZED/3bII/surface/3bII_2318SE.png,/home/ikk/renal-calculi-classificaction/DATASET/RESIZED/3bII/surface/MASKS/3bII_2318SE_mask.png,2,3bII,surface,3bII_2318SE,1,2,5,0.34707677,0.40093648,0.20959711,0.03756832,0.004821287
/home/ikk/renal-calculi-classificaction/DATASET/RESIZED/3bII/surface/3bII_7.png,/home/ikk/renal-calculi-classificaction/DATASET/RESIZED/3bII/surface/MASKS/3bII_7_mask.png,2,3bII,surface,3bII_7,2,2,5,0.31400105,0.1442241,0.5165989,0.02090222,0.0042737625
/home/ikk/renal-calculi-classificaction/DATASET/RESIZED/3bII/surface/3bII_1995SE.jpg,/home/ikk/renal-calculi-classificaction/DATASET/RESIZED/3bII/surface/MASKS/3bII_1995SE_mask.png,2,3bII,surface,3bII_1995SE,2,2,5,0.18252608,0.2924399,0.4415251,0.03383504,0.04967386
/home/ikk/renal-calculi-classificaction/DATASET/RESIZED/3bII/surface/3bII_1914SE_2.jpg,/home/ikk/renal-calculi-classificaction/DATASET/RESIZED/3bII/surface/MASKS/3bII_1914SE_2_mask.png,2,3bII,surface,3bII_1914SE,2,2,5,0.047141585,0.022279505,0.83569545,0.07320215,0.021681339
/home/ikk/renal-calculi-classificaction/DATASET/RESIZED/3bII/surface/3bII_1914SE.jpg,/home/ikk/renal-calculi-classificaction/DATASET/RESIZED/3bII/surface/MASKS/3bII_1914SE_mask.png,2,3bII,surface,3bII_1914SE,2,2,5,0.026424026,0.022649366,0.7886734,0.14369994,0.01855328
/home/ikk/renal-calculi-classificaction/DATASET/RESIZED/3bII/section/3bII_2.png,/home/ikk/renal-calculi-classificaction/DATASET/RESIZED/3bII/section/MASKS/3bII_2_mask.png,2,3bII,section,3bII_2,2,2,5,0.029354263,0.16100302,0.6411452,0.1632782,0.005219288
/home/ikk/renal-calculi-classificaction/DATASET/RESIZED/3bII/section/3bII_1816SE.jpg,/home/ikk/renal-calculi-classificaction/DATASET/RESIZED/3bII/section/MASKS/3bII_1816SE_mask.png,2,3bII,section,3bII_1816SE,4,2,5,0.17444374,0.07119909,0.09695363,0.030696519,0.6267071
/home/ikk/renal-calculi-classificaction/DATASET/RESIZED/3bII/section/3bII_2495SE.png,/home/ikk/renal-calculi-classificaction/DATASET/RESIZED/3bII/section/MASKS/3bII_2495SE_mask.png,2,3bII,section,3bII_2495SE,0,2,5,0.49884045,0.10150335,0.3853,0.010050264,0.004305945
/home/ikk/renal-calculi-classificaction/DATASET/RESIZED/3bII/section/3bII_111111_inventado.jpg,/home/ikk/renal-calculi-classificaction/DATASET/RESIZED/3bII/section/MASKS/3bII_111111_inventado_mask.png,2,3bII,section,3bII_111111,0,2,5,0.98749906,0.0012894083,0.00926282,0.00064155064,0.0013072084
/home/ikk/renal-calculi-classificaction/DATASET/RESIZED/3bII/section/3bII_2847SE.jpg,/home/ikk/renal-calculi-classificaction/DATASET/RESIZED/3bII/section/MASKS/3bII_2847SE_mask.png,2,3bII,section,3bII_2847SE,2,2,5,0.06288346,0.018602233,0.8369924,0.07552843,0.0059934948
/home/ikk/renal-calculi-classificaction/DATASET/RESIZED/3bII/section/3bII_3476SE.png,/home/ikk/renal-calculi-classificaction/DATASET/RESIZED/3bII/section/MASKS/3bII_3476SE_mask.png,2,3bII,section,3bII_3476SE,1,2,5,0.18601394,0.69775486,0.10360677,0.007931361,0.004693027
/home/ikk/renal-calculi-classificaction/DATASET/RESIZED/3bII/section/3bII_2043SE_2.jpg,/home/ikk/renal-calculi-classificaction/DATASET/RESIZED/3bII/section/MASKS/3bII_2043SE_2_mask.png,2,3bII,section,3bII_2043SE,0,2,5,0.95211554,0.003703534,0.03163625,0.0018359026,0.010708858
/home/ikk/renal-calculi-classificaction/DATASET/RESIZED/2a/surface/2a_1878SE.jpg,/home/ikk/renal-calculi-classificaction/DATASET/RESIZED/2a/surface/MASKS/2a_1878SE_mask.png,0,2a,surface,2a_1878SE,0,0,5,0.85548186,0.018781366,0.11585565,0.0018136431,0.008067519
/home/ikk/renal-calculi-classificaction/DATASET/RESIZED/2a/surface/2a_3500SE_1.png,/home/ikk/renal-calculi-classificaction/DATASET/RESIZED/2a/surface/MASKS/2a_3500SE_1_mask.png,0,2a,surface,2a_3500SE,0,0,5,0.9722445,0.01070005,0.009122232,0.0065762764,0.0013570099
/home/ikk/renal-calculi-classificaction/DATASET/RESIZED/2a/surface/2a_3333SE.jpg,/home/ikk/renal-calculi-classificaction/DATASET/RESIZED/2a/surface/MASKS/2a_3333SE_mask.png,0,2a,surface,2a_3333SE,4,0,5,0.33518,0.027970273,0.017663328,0.088730894,0.5304555
/home/ikk/renal-calculi-classificaction/DATASET/RESIZED/2a/surface/2a_2485SE_1.png,/home/ikk/renal-calculi-classificaction/DATASET/RESIZED/2a/surface/MASKS/2a_2485SE_1_mask.png,0,2a,surface,2a_2485SE,0,0,5,0.54104084,0.05323167,0.2801625,0.11663648,0.008928519
/home/ikk/renal-calculi-classificaction/DATASET/RESIZED/2a/surface/2a_3469SE_1.png,/home/ikk/renal-calculi-classificaction/DATASET/RESIZED/2a/surface/MASKS/2a_3469SE_1_mask.png,0,2a,surface,2a_3469SE,0,0,5,0.6093021,0.20684089,0.030620528,0.119117156,0.03411933
/home/ikk/renal-calculi-classificaction/DATASET/RESIZED/2a/surface/2a_3337SE.jpg,/home/ikk/renal-calculi-classificaction/DATASET/RESIZED/2a/surface/MASKS/2a_3337SE_mask.png,0,2a,surface,2a_3337SE,0,0,5,0.953386,0.0025319038,0.034736376,0.0077165845,0.0016291062
/home/ikk/renal-calculi-classificaction/DATASET/RESIZED/2a/surface/2a_3098SE.png,/home/ikk/renal-calculi-classificaction/DATASET/RESIZED/2a/surface/MASKS/2a_3098SE_mask.png,0,2a,surface,2a_3098SE,0,0,5,0.9588487,0.020238172,0.01221316,0.007920874,0.00077908917
/home/ikk/renal-calculi-classificaction/DATASET/RESIZED/2a/surface/2a_2297SE_1.png,/home/ikk/renal-calculi-classificaction/DATASET/RESIZED/2a/surface/MASKS/2a_2297SE_1_mask.png,0,2a,surface,2a_2297SE,0,0,5,0.8572649,0.03928981,0.039281007,0.05086743,0.013296826
/home/ikk/renal-calculi-classificaction/DATASET/RESIZED/2a/section/2a_3500SE_2.png,/home/ikk/renal-calculi-classificaction/DATASET/RESIZED/2a/section/MASKS/2a_3500SE_2_mask.png,0,2a,section,2a_3500SE,0,0,5,0.9820417,0.005449487,0.009726594,0.0015232477,0.001258928
/home/ikk/renal-calculi-classificaction/DATASET/RESIZED/2a/section/2a_COD_sup_2283SE.png,/home/ikk/renal-calculi-classificaction/DATASET/RESIZED/2a/section/MASKS/2a_COD_sup_2283SE_mask.png,0,2a,section,2a_COD_sup_2283SE,0,0,5,0.8930719,0.039731603,0.043236274,0.017002428,0.006957811
/home/ikk/renal-calculi-classificaction/DATASET/RESIZED/2a/section/2a_2077SE.jpg,/home/ikk/renal-calculi-classificaction/DATASET/RESIZED/2a/section/MASKS/2a_2077SE_mask.png,0,2a,section,2a_2077SE,0,0,5,0.90458006,0.009444192,0.05825583,0.0046849665,0.02303497
/home/ikk/renal-calculi-classificaction/DATASET/RESIZED/2a/section/2aCOD_sup_1.jpg,/home/ikk/renal-calculi-classificaction/DATASET/RESIZED/2a/section/MASKS/2aCOD_sup_1_mask.png,0,2a,section,2aCOD_sup_1,0,0,5,0.9452077,0.009164797,0.035833836,0.005454491,0.004339171
/home/ikk/renal-calculi-classificaction/DATASET/RESIZED/2a/section/2a_2602SE.png,/home/ikk/renal-calculi-classificaction/DATASET/RESIZED/2a/section/MASKS/2a_2602SE_mask.png,0,2a,section,2a_2602SE,0,0,5,0.9880521,0.0032878816,0.00592463,0.0012141345,0.0015212559
/home/ikk/renal-calculi-classificaction/DATASET/RESIZED/2a/section/2a_2869SE.jpg,/home/ikk/renal-calculi-classificaction/DATASET/RESIZED/2a/section/MASKS/2a_2869SE_mask.png,0,2a,section,2a_2869SE,0,0,5,0.9720016,0.0026227091,0.020591047,0.0039052805,0.00087940024
/home/ikk/renal-calculi-classificaction/DATASET/RESIZED/2a/section/2a_2049SE.jpg,/home/ikk/renal-calculi-classificaction/DATASET/RESIZED/2a/section/MASKS/2a_2049SE_mask.png,0,2a,section,2a_2049SE,0,0,5,0.9774046,0.0024056719,0.014770985,0.0016627107,0.003756042
/home/ikk/renal-calculi-classificaction/DATASET/RESIZED/2a/section/2a_2297SE_2.png,/home/ikk/renal-calculi-classificaction/DATASET/RESIZED/2a/section/MASKS/2a_2297SE_2_mask.png,0,2a,section,2a_2297SE,0,0,5,0.97363245,0.0045586647,0.01810066,0.002475137,0.0012331287
/home/ikk/renal-calculi-classificaction/DATASET/RESIZED/2a/section/2a_2485SE_2.png,/home/ikk/renal-calculi-classificaction/DATASET/RESIZED/2a/section/MASKS/2a_2485SE_2_mask.png,0,2a,section,2a_2485SE,0,0,5,0.82286704,0.07800153,0.0802645,0.015353639,0.0035132538
/home/ikk/renal-calculi-classificaction/DATASET/RESIZED/2a/section/2a_3469SE_2.png,/home/ikk/renal-calculi-classificaction/DATASET/RESIZED/2a/section/MASKS/2a_3469SE_2_mask.png,0,2a,section,2a_3469SE,0,0,5,0.48245305,0.032895222,0.46549264,0.0107137505,0.008445302
/home/ikk/renal-calculi-classificaction/DATASET/RESIZED/2a/section/2a_2710SE.jpg,/home/ikk/renal-calculi-classificaction/DATASET/RESIZED/2a/section/MASKS/2a_2710SE_mask.png,0,2a,section,2a_2710SE,0,0,5,0.90972847,0.024052782,0.036556557,0.012106385,0.017555779
/home/ikk/renal-calculi-classificaction/DATASET/RESIZED/2a/section/2a_1878SE_2.jpg,/home/ikk/renal-calculi-classificaction/DATASET/RESIZED/2a/section/MASKS/2a_1878SE_2_mask.png,0,2a,section,2a_1878SE,2,0,5,0.2097848,0.04401901,0.48301113,0.035488736,0.22769627
/home/ikk/renal-calculi-classificaction/DATASET/RESIZED/2a/section/2a_1938SE.jpg,/home/ikk/renal-calculi-classificaction/DATASET/RESIZED/2a/section/MASKS/2a_1938SE_mask.png,0,2a,section,2a_1938SE,0,0,5,0.88665515,0.008692005,0.087993845,0.0025666358,0.014092339
/home/ikk/renal-calculi-classificaction/DATASET/RESIZED/4II-4I/surface/4II_1825SE.jpg,/home/ikk/renal-calculi-classificaction/DATASET/RESIZED/4II-4I/surface/MASKS/4II_1825SE_mask.png,2,4II-4I,surface,4II_1825SE,0,2,5,0.5310126,0.021782657,0.3957807,0.026046835,0.02537716
/home/ikk/renal-calculi-classificaction/DATASET/RESIZED/4II-4I/surface/4II_4.jpg,/home/ikk/renal-calculi-classificaction/DATASET/RESIZED/4II-4I/surface/MASKS/4II_4_mask.png,2,4II-4I,surface,4II_4,2,2,5,0.0029169868,0.009503658,0.9365817,0.048068933,0.00292875
/home/ikk/renal-calculi-classificaction/DATASET/RESIZED/4II-4I/surface/4I_2157SE.jpg,/home/ikk/renal-calculi-classificaction/DATASET/RESIZED/4II-4I/surface/MASKS/4I_2157SE_mask.png,2,4II-4I,surface,4I_2157SE,2,2,5,0.193068,0.34370628,0.36701393,0.07784342,0.018368347
/home/ikk/renal-calculi-classificaction/DATASET/RESIZED/4II-4I/section/4II_1825SE_2.jpg,/home/ikk/renal-calculi-classificaction/DATASET/RESIZED/4II-4I/section/MASKS/4II_1825SE_2_mask.png,2,4II-4I,section,4II_1825SE,2,2,5,0.13146104,0.01790443,0.8345877,0.01023242,0.0058144378
/home/ikk/renal-calculi-classificaction/DATASET/RESIZED/4II-4I/section/4II_2995SE.jpg,/home/ikk/renal-calculi-classificaction/DATASET/RESIZED/4II-4I/section/MASKS/4II_2995SE_mask.png,2,4II-4I,section,4II_2995SE,2,2,5,0.0044551357,0.0030021819,0.9820869,0.0051014973,0.00535425
/home/ikk/renal-calculi-classificaction/DATASET/RESIZED/4II-4I/section/4I_2427SE.png,/home/ikk/renal-calculi-classificaction/DATASET/RESIZED/4II-4I/section/MASKS/4I_2427SE_mask.png,2,4II-4I,section,4I_2427SE,0,2,5,0.7632277,0.04585754,0.17771038,0.010186146,0.0030182453
/home/ikk/renal-calculi-classificaction/DATASET/RESIZED/4II-4I/section/4I_2021SE.jpg,/home/ikk/renal-calculi-classificaction/DATASET/RESIZED/4II-4I/section/MASKS/4I_2021SE_mask.png,2,4II-4I,section,4I_2021SE,2,2,5,0.21319894,0.061380673,0.6924508,0.022407297,0.010562279
/home/ikk/renal-calculi-classificaction/DATASET/RESIZED/4II-4I/section/4II_3012SE.jpg,/home/ikk/renal-calculi-classificaction/DATASET/RESIZED/4II-4I/section/MASKS/4II_3012SE_mask.png,2,4II-4I,section,4II_3012SE,2,2,5,0.041362986,0.009304394,0.6299488,0.31263557,0.006748271
/home/ikk/renal-calculi-classificaction/DATASET/RESIZED/4II-4I/section/4I_3380SE.jpg,/home/ikk/renal-calculi-classificaction/DATASET/RESIZED/4II-4I/section/MASKS/4I_3380SE_mask.png,2,4II-4I,section,4I_3380SE,0,2,5,0.87686527,0.004505192,0.04120796,0.07407629,0.003345282
/home/ikk/renal-calculi-classificaction/DATASET/RESIZED/4II-4I/section/4II_2213SE.jpg,/home/ikk/renal-calculi-classificaction/DATASET/RESIZED/4II-4I/section/MASKS/4II_2213SE_mask.png,2,4II-4I,section,4II_2213SE,2,2,5,0.08998424,0.009124813,0.85919386,0.033803582,0.007893517
/home/ikk/renal-calculi-classificaction/DATASET/RESIZED/4II-4I/section/4I_COM_3445SE.jpg,/home/ikk/renal-calculi-classificaction/DATASET/RESIZED/4II-4I/section/MASKS/4I_COM_3445SE_mask.png,2,4II-4I,section,4I_COM_3445SE,2,2,5,0.23926173,0.021203423,0.527069,0.1842505,0.02821536
/home/ikk/renal-calculi-classificaction/DATASET/RESIZED/4II-4I/section/4II_2620SE.png,/home/ikk/renal-calculi-classificaction/DATASET/RESIZED/4II-4I/section/MASKS/4II_2620SE_mask.png,2,4II-4I,section,4II_2620SE,2,2,5,0.19071592,0.21321061,0.5220436,0.062209412,0.011820481
/home/ikk/renal-calculi-classificaction/DATASET/RESIZED/4II-4I/section/4II_8.png,/home/ikk/renal-calculi-classificaction/DATASET/RESIZED/4II-4I/section/MASKS/4II_8_mask.png,2,4II-4I,section,4II_8,2,2,5,0.0114033725,0.021594442,0.80400723,0.15812851,0.004866427
/home/ikk/renal-calculi-classificaction/DATASET/RESIZED/1aI/surface/1aI_2004SE_1.jpg,/home/ikk/renal-calculi-classificaction/DATASET/RESIZED/1aI/surface/MASKS/1aI_2004SE_1_mask.png,0,1aI,surface,1aI_2004SE,2,0,5,0.3151526,0.028764362,0.63074785,0.012327968,0.013007203
/home/ikk/renal-calculi-classificaction/DATASET/RESIZED/1aI/surface/1aI_3206SE_1.jpg,/home/ikk/renal-calculi-classificaction/DATASET/RESIZED/1aI/surface/MASKS/1aI_3206SE_1_mask.png,0,1aI,surface,1aI_3206SE,0,0,5,0.36797634,0.16710085,0.14480345,0.14715563,0.17296378
/home/ikk/renal-calculi-classificaction/DATASET/RESIZED/1aI/surface/1aI_2857SE_1.jpg,/home/ikk/renal-calculi-classificaction/DATASET/RESIZED/1aI/surface/MASKS/1aI_2857SE_1_mask.png,0,1aI,surface,1aI_2857SE,0,0,5,0.90804386,0.021299668,0.025296563,0.038525816,0.0068341573
/home/ikk/renal-calculi-classificaction/DATASET/RESIZED/1aI/surface/1aI_3369SE.jpg,/home/ikk/renal-calculi-classificaction/DATASET/RESIZED/1aI/surface/MASKS/1aI_3369SE_mask.png,0,1aI,surface,1aI_3369SE,0,0,5,0.7310135,0.041600067,0.19452822,0.018978609,0.013879637
/home/ikk/renal-calculi-classificaction/DATASET/RESIZED/1aI/surface/1aI_3292SE_2.jpg,/home/ikk/renal-calculi-classificaction/DATASET/RESIZED/1aI/surface/MASKS/1aI_3292SE_2_mask.png,0,1aI,surface,1aI_3292SE,4,0,5,0.060270004,0.051028196,0.029352846,0.04538144,0.8139676
/home/ikk/renal-calculi-classificaction/DATASET/RESIZED/1aI/surface/1aI_3292SE_1.jpg,/home/ikk/renal-calculi-classificaction/DATASET/RESIZED/1aI/surface/MASKS/1aI_3292SE_1_mask.png,0,1aI,surface,1aI_3292SE,0,0,5,0.38984945,0.04564198,0.24788766,0.06157292,0.25504804
/home/ikk/renal-calculi-classificaction/DATASET/RESIZED/1aI/surface/1aI_2046SE_1.jpg,/home/ikk/renal-calculi-classificaction/DATASET/RESIZED/1aI/surface/MASKS/1aI_2046SE_1_mask.png,0,1aI,surface,1aI_2046SE,0,0,5,0.90136576,0.0137800155,0.036087953,0.008991386,0.039774887
/home/ikk/renal-calculi-classificaction/DATASET/RESIZED/1aI/surface/1aI_2138SE_1.jpg,/home/ikk/renal-calculi-classificaction/DATASET/RESIZED/1aI/surface/MASKS/1aI_2138SE_1_mask.png,0,1aI,surface,1aI_2138SE,0,0,5,0.7802271,0.019769475,0.16889727,0.01596056,0.015145586
/home/ikk/renal-calculi-classificaction/DATASET/RESIZED/1aI/surface/1aI_2004SE_2.jpg,/home/ikk/renal-calculi-classificaction/DATASET/RESIZED/1aI/surface/MASKS/1aI_2004SE_2_mask.png,0,1aI,surface,1aI_2004SE,0,0,5,0.8003641,0.10077976,0.062231414,0.02780886,0.008815847
/home/ikk/renal-calculi-classificaction/DATASET/RESIZED/1aI/surface/1aI_3292SE_3.jpg,/home/ikk/renal-calculi-classificaction/DATASET/RESIZED/1aI/surface/MASKS/1aI_3292SE_3_mask.png,0,1aI,surface,1aI_3292SE,4,0,5,0.14213407,0.0864425,0.048615225,0.07117846,0.6516298
/home/ikk/renal-calculi-classificaction/DATASET/RESIZED/1aI/section/1aI_3292SE_5.jpg,/home/ikk/renal-calculi-classificaction/DATASET/RESIZED/1aI/section/MASKS/1aI_3292SE_5_mask.png,0,1aI,section,1aI_3292SE,0,0,5,0.6960453,0.059568476,0.078222506,0.029132253,0.13703147
/home/ikk/renal-calculi-classificaction/DATASET/RESIZED/1aI/section/1aI_2046SE_3.jpg,/home/ikk/renal-calculi-classificaction/DATASET/RESIZED/1aI/section/MASKS/1aI_2046SE_3_mask.png,0,1aI,section,1aI_2046SE,0,0,5,0.9773728,0.0016962194,0.019089159,0.0007404878,0.0011013452
/home/ikk/renal-calculi-classificaction/DATASET/RESIZED/1aI/section/1aI_COD_sup_2058SE.jpg,/home/ikk/renal-calculi-classificaction/DATASET/RESIZED/1aI/section/MASKS/1aI_COD_sup_2058SE_mask.png,0,1aI,section,1aI_COD_sup_2058SE,2,0,5,0.38145113,0.029637005,0.5739477,0.0074502216,0.0075139445
/home/ikk/renal-calculi-classificaction/DATASET/RESIZED/1aI/section/1aI_COD_sup_3291SE_2.jpg,/home/ikk/renal-calculi-classificaction/DATASET/RESIZED/1aI/section/MASKS/1aI_COD_sup_3291SE_2_mask.png,0,1aI,section,1aI_COD_sup_3291SE,0,0,5,0.82430685,0.008888461,0.1282318,0.03247435,0.0060985703
/home/ikk/renal-calculi-classificaction/DATASET/RESIZED/1aI/section/1aI_2046SE_2.jpg,/home/ikk/renal-calculi-classificaction/DATASET/RESIZED/1aI/section/MASKS/1aI_2046SE_2_mask.png,0,1aI,section,1aI_2046SE,0,0,5,0.9748309,0.002639919,0.020097578,0.0008924375,0.0015392207
/home/ikk/renal-calculi-classificaction/DATASET/RESIZED/1aI/section/1aI_2138SE_2.jpg,/home/ikk/renal-calculi-classificaction/DATASET/RESIZED/1aI/section/MASKS/1aI_2138SE_2_mask.png,0,1aI,section,1aI_2138SE,0,0,5,0.99398535,0.00060898147,0.0043309606,0.00047262947,0.00060212985
/home/ikk/renal-calculi-classificaction/DATASET/RESIZED/1aI/section/1aI_3292SE_4.jpg,/home/ikk/renal-calculi-classificaction/DATASET/RESIZED/1aI/section/MASKS/1aI_3292SE_4_mask.png,0,1aI,section,1aI_3292SE,0,0,5,0.8654094,0.031047462,0.038706094,0.013858921,0.050978143
