image_path,mask_path,label,folder,view,stone_id,match_key,pred,true,prob_COM,prob_Otros,fold
/home/ikk/renal-calculi-classificaction/DATASET/SECTION_SURFACE_DATASET/6/surface/6_2023SE_3.jpg,/home/ikk/renal-calculi-classificaction/DATASET/SECTION_SURFACE_DATASET/6/surface/MASKS/6_2023SE_3_mask.png,1,6,surface,6_2023SE,6/surface/6_2023SE_3.jpg,1,1,0.041875254,0.9581247,0
/home/ikk/renal-calculi-classificaction/DATASET/SECTION_SURFACE_DATASET/6/surface/6_3260SE.jpg,/home/ikk/renal-calculi-classificaction/DATASET/SECTION_SURFACE_DATASET/6/surface/MASKS/6_3260SE_mask.png,1,6,surface,6_3260SE,6/surface/6_3260SE.jpg,1,1,0.06667318,0.93332684,0
/home/ikk/renal-calculi-classificaction/DATASET/SECTION_SURFACE_DATASET/6/surface/6_2784SE.jpg,/home/ikk/renal-calculi-classificaction/DATASET/SECTION_SURFACE_DATASET/6/surface/MASKS/6_2784SE_mask.png,1,6,surface,6_2784SE,6/surface/6_2784SE.jpg,1,1,0.059330776,0.94066924,0
/home/ikk/renal-calculi-classificaction/DATASET/SECTION_SURFACE_DATASET/6/surface/6_2351SE.png,/home/ikk/renal-calculi-classificaction/DATASET/SECTION_SURFACE_DATASET/6/surface/MASKS/6_2351SE_mask.png,1,6,surface,6_2351SE,6/surface/6_2351SE.png,1,1,0.116785415,0.8832146,0
/home/ikk/renal-calculi-classificaction/DATASET/SECTION_SURFACE_DATASET/6/section/6_2535SE_1.png,/home/ikk/renal-calculi-classificaction/DATASET/SECTION_SURFACE_DATASET/6/section/MASKS/6_2535SE_1_mask.png,1,6,section,6_2535SE,6/section/6_2535SE_1.png,1,1,0.14224541,0.8577546,0
/home/ikk/renal-calculi-classificaction/DATASET/SECTION_SURFACE_DATASET/6/section/6_2535SE_2.png,/home/ikk/renal-calculi-classificaction/DATASET/SECTION_SURFACE_DATASET/6/section/MASKS/6_2535SE_2_mask.png,1,6,section,6_2535SE,6/section/6_2535SE_2.png,1,1,0.014389537,0.98561054,0
/home/ikk/renal-calculi-classificaction/DATASET/SECTION_SURFACE_DATASET/6/section/6_3198SE.jpg,/home/ikk/renal-calculi-classificaction/DATASET/SECTION_SURFACE_DATASET/6/section/MASKS/6_3198SE_mask.png,1,6,section,6_3198SE,6/section/6_3198SE.jpg,1,1,0.2973314,0.7026686,0
/home/ikk/renal-calculi-classificaction/DATASET/SECTION_SURFACE_DATASET/6/section/6_2023SE_1.jpg,/home/ikk/renal-calculi-classificaction/DATASET/SECTION_SURFACE_DATASET/6/section/MASKS/6_2023SE_1_mask.png,1,6,section,6_2023SE,6/section/6_2023SE_1.jpg,1,1,0.24137795,0.75862205,0
/home/ikk/renal-calculi-classificaction/DATASET/SECTION_SURFACE_DATASET/6/section/6_2023SE_2.jpg,/home/ikk/renal-calculi-classificaction/DATASET/SECTION_SURFACE_DATASET/6/section/MASKS/6_2023SE_2_mask.png,1,6,section,6_2023SE,6/section/6_2023SE_2.jpg,0,1,0.5531146,0.44688544,0
/home/ikk/renal-calculi-classificaction/DATASET/SECTION_SURFACE_DATASET/8aI - 8aII/surface/8aI_2044SE_1.jpg,/home/ikk/renal-calculi-classificaction/DATASET/SECTION_SURFACE_DATASET/8aI - 8aII/surface/MASKS/8aI_2044SE_1_mask.png,1,8aI - 8aII,surface,8aI_2044SE,8aI - 8aII/surface/8aI_2044SE_1.jpg,1,1,0.18656045,0.8134395,0
/home/ikk/renal-calculi-classificaction/DATASET/SECTION_SURFACE_DATASET/8aI - 8aII/section/8aII_1951SE.jpg,/home/ikk/renal-calculi-classificaction/DATASET/SECTION_SURFACE_DATASET/8aI - 8aII/section/MASKS/8aII_1951SE_mask.png,1,8aI - 8aII,section,8aII_1951SE,8aI - 8aII/section/8aII_1951SE.jpg,1,1,0.08620103,0.913799,0
/home/ikk/renal-calculi-classificaction/DATASET/SECTION_SURFACE_DATASET/8aI - 8aII/section/8aI_2044SE_2.jpg,/home/ikk/renal-calculi-classificaction/DATASET/SECTION_SURFACE_DATASET/8aI - 8aII/section/MASKS/8aI_2044SE_2_mask.png,1,8aI - 8aII,section,8aI_2044SE,8aI - 8aII/section/8aI_2044SE_2.jpg,0,1,0.64799285,0.35200712,0
/home/ikk/renal-calculi-classificaction/DATASET/SECTION_SURFACE_DATASET/8aI - 8aII/section/8aII_2279SE.png,/home/ikk/renal-calculi-classificaction/DATASET/SECTION_SURFACE_DATASET/8aI - 8aII/section/MASKS/8aII_2279SE_mask.png,1,8aI - 8aII,section,8aII_2279SE,8aI - 8aII/section/8aII_2279SE.png,1,1,0.1348146,0.8651854,0
/home/ikk/renal-calculi-classificaction/DATASET/SECTION_SURFACE_DATASET/8aI - 8aII/section/8aII_3053SE.png,/home/ikk/renal-calculi-classificaction/DATASET/SECTION_SURFACE_DATASET/8aI - 8aII/section/MASKS/8aII_3053SE_mask.png,1,8aI - 8aII,section,8aII_3053SE,8aI - 8aII/section/8aII_3053SE.png,1,1,0.15093935,0.84906065,0
/home/ikk/renal-calculi-classificaction/DATASET/SECTION_SURFACE_DATASET/3aII/surface/3aII_1976SE.jpg,/home/ikk/renal-calculi-classificaction/DATASET/SECTION_SURFACE_DATASET/3aII/surface/MASKS/3aII_1976SE_mask.png,1,3aII,surface,3aII_1976SE,3aII/surface/3aII_1976SE.jpg,1,1,0.1110012,0.8889988,0
/home/ikk/renal-calculi-classificaction/DATASET/SECTION_SURFACE_DATASET/3aII/surface/3aII_2224SE.jpg,/home/ikk/renal-calculi-classificaction/DATASET/SECTION_SURFACE_DATASET/3aII/surface/MASKS/3aII_2224SE_mask.png,1,3aII,surface,3aII_2224SE,3aII/surface/3aII_2224SE.jpg,1,1,0.18785004,0.81215,0
/home/ikk/renal-calculi-classificaction/DATASET/SECTION_SURFACE_DATASET/3aII/surface/3aII_1820SE.jpg,/home/ikk/renal-calculi-classificaction/DATASET/SECTION_SURFACE_DATASET/3aII/surface/MASKS/3aII_1820SE_mask.png,1,3aII,surface,3aII_1820SE,3aII/surface/3aII_1820SE.jpg,1,1,0.104617,0.895383,0
/home/ikk/renal-calculi-classificaction/DATASET/SECTION_SURFACE_DATASET/3aII/surface/3aII_2682SE.png,/home/ikk/renal-calculi-classificaction/DATASET/SECTION_SURFACE_DATASET/3aII/surface/MASKS/3aII_2682SE_mask.png,1,3aII,surface,3aII_2682SE,3aII/surface/3aII_2682SE.png,1,1,0.017250406,0.9827496,0
/home/ikk/renal-calculi-classificaction/DATASET/SECTION_SURFACE_DATASET/3bII/surface/3bII_3007SE.jpg,/home/ikk/renal-calculi-classificaction/DATASET/SECTION_SURFACE_DATASET/3bII/surface/MASKS/3bII_3007SE_mask.png,1,3bII,surface,3bII_3007SE,3bII/surface/3bII_3007SE.jpg,1,1,0.021836432,0.9781636,0
/home/ikk/renal-calculi-classificaction/DATASET/SECTION_SURFACE_DATASET/3bII/surface/3bII_7.png,/home/ikk/renal-calculi-classificaction/DATASET/SECTION_SURFACE_DATASET/3bII/surface/MASKS/3bII_7_mask.png,1,3bII,surface,3bII_7,3bII/surface/3bII_7.png,1,1,0.28869075,0.71130925,0
/home/ikk/renal-calculi-classificaction/DATASET/SECTION_SURFACE_DATASET/3bII/surface/3bII_2258SE.png,/home/ikk/renal-calculi-classificaction/DATASET/SECTION_SURFACE_DATASET/3bII/surface/MASKS/3bII_2258SE_mask.png,1,3bII,surface,3bII_2258SE,3bII/surface/3bII_2258SE.png,1,1,0.07973631,0.92026377,0
/home/ikk/renal-calculi-classificaction/DATASET/SECTION_SURFACE_DATASET/3bII/surface/3bII_2699SE.jpg,/home/ikk/renal-calculi-classificaction/DATASET/SECTION_SURFACE_DATASET/3bII/surface/MASKS/3bII_2699SE_mask.png,1,3bII,surface,3bII_2699SE,3bII/surface/3bII_2699SE.jpg,1,1,0.36436033,0.63563967,0
/home/ikk/renal-calculi-classificaction/DATASET/SECTION_SURFACE_DATASET/3bII/surface/3bII_1985SE_1.jpg,/home/ikk/renal-calculi-classificaction/DATASET/SECTION_SURFACE_DATASET/3bII/surface/MASKS/3bII_1985SE_1_mask.png,1,3bII,surface,3bII_1985SE,3bII/surface/3bII_1985SE_1.jpg,1,1,0.44908965,0.55091035,0
/home/ikk/renal-calculi-classificaction/DATASET/SECTION_SURFACE_DATASET/3bII/section/3bII_2065SE.jpg,/home/ikk/renal-calculi-classificaction/DATASET/SECTION_SURFACE_DATASET/3bII/section/MASKS/3bII_2065SE_mask.png,1,3bII,section,3bII_2065SE,3bII/section/3bII_2065SE.jpg,1,1,0.16213593,0.8378641,0
/home/ikk/renal-calculi-classificaction/DATASET/SECTION_SURFACE_DATASET/3bII/section/3bII_1985SE_2.jpg,/home/ikk/renal-calculi-classificaction/DATASET/SECTION_SURFACE_DATASET/3bII/section/MASKS/3bII_1985SE_2_mask.png,1,3bII,section,3bII_1985SE,3bII/section/3bII_1985SE_2.jpg,1,1,0.11094862,0.8890514,0
/home/ikk/renal-calculi-classificaction/DATASET/SECTION_SURFACE_DATASET/3bII/section/3bII_2451SE.png,/home/ikk/renal-calculi-classificaction/DATASET/SECTION_SURFACE_DATASET/3bII/section/MASKS/3bII_2451SE_mask.png,1,3bII,section,3bII_2451SE,3bII/section/3bII_2451SE.png,1,1,0.24368776,0.7563122,0
/home/ikk/renal-calculi-classificaction/DATASET/SECTION_SURFACE_DATASET/3bII/section/3bII_1862SE.jpg,/home/ikk/renal-calculi-classificaction/DATASET/SECTION_SURFACE_DATASET/3bII/section/MASKS/3bII_1862SE_mask.png,1,3bII,section,3bII_1862SE,3bII/section/3bII_1862SE.jpg,0,1,0.6000519,0.39994812,0
/home/ikk/renal-calculi-classificaction/DATASET/SECTION_SURFACE_DATASET/3bII/section/3bII_1941SE.jpg,/home/ikk/renal-calculi-classificaction/DATASET/SECTION_SURFACE_DATASET/3bII/section/MASKS/3bII_1941SE_mask.png,1,3bII,section,3bII_1941SE,3bII/section/3bII_1941SE.jpg,1,1,0.30764323,0.69235677,0
/home/ikk/renal-calculi-classificaction/DATASET/SECTION_SURFACE_DATASET/3bII/section/3bII_111111_inventado.jpg,/home/ikk/renal-calculi-classificaction/DATASET/SECTION_SURFACE_DATASET/3bII/section/MASKS/3bII_111111_inventado_mask.png,1,3bII,section,3bII_111111,3bII/section/3bII_111111_inventado.jpg,0,1,0.62825036,0.37174964,0
/home/ikk/renal-calculi-classificaction/DATASET/SECTION_SURFACE_DATASET/3bII/section/3bII_2759SE.jpg,/home/ikk/renal-calculi-classificaction/DATASET/SECTION_SURFACE_DATASET/3bII/section/MASKS/3bII_2759SE_mask.png,1,3bII,section,3bII_2759SE,3bII/section/3bII_2759SE.jpg,1,1,0.08087894,0.919121,0
/home/ikk/renal-calculi-classificaction/DATASET/SECTION_SURFACE_DATASET/3bII/section/3bII_1959SE.jpg,/home/ikk/renal-calculi-classificaction/DATASET/SECTION_SURFACE_DATASET/3bII/section/MASKS/3bII_1959SE_mask.png,1,3bII,section,3bII_1959SE,3bII/section/3bII_1959SE.jpg,1,1,0.27095598,0.729044,0
/home/ikk/renal-calculi-classificaction/DATASET/SECTION_SURFACE_DATASET/2a/surface/2a_1796SE_2.jpg,/home/ikk/renal-calculi-classificaction/DATASET/SECTION_SURFACE_DATASET/2a/surface/MASKS/2a_1796SE_2_mask.png,0,2a,surface,2a_1796SE,2a/surface/2a_1796SE_2.jpg,0,0,0.69550866,0.30449134,0
/home/ikk/renal-calculi-classificaction/DATASET/SECTION_SURFACE_DATASET/2a/surface/2aCOD_sup_1783SE.jpg,/home/ikk/renal-calculi-classificaction/DATASET/SECTION_SURFACE_DATASET/2a/surface/MASKS/2aCOD_sup_1783SE_mask.png,0,2a,surface,2aCOD_sup_1783SE,2a/surface/2aCOD_sup_1783SE.jpg,1,0,0.27309868,0.7269013,0
/home/ikk/renal-calculi-classificaction/DATASET/SECTION_SURFACE_DATASET/2a/surface/2a_2485SE_1.png,/home/ikk/renal-calculi-classificaction/DATASET/SECTION_SURFACE_DATASET/2a/surface/MASKS/2a_2485SE_1_mask.png,0,2a,surface,2a_2485SE,2a/surface/2a_2485SE_1.png,1,0,0.44153517,0.55846477,0
/home/ikk/renal-calculi-classificaction/DATASET/SECTION_SURFACE_DATASET/2a/surface/2a_2169SE.jpg,/home/ikk/renal-calculi-classificaction/DATASET/SECTION_SURFACE_DATASET/2a/surface/MASKS/2a_2169SE_mask.png,0,2a,surface,2a_2169SE,2a/surface/2a_2169SE.jpg,0,0,0.9606848,0.039315227,0
/home/ikk/renal-calculi-classificaction/DATASET/SECTION_SURFACE_DATASET/2a/surface/2a_3441SE.jpg,/home/ikk/renal-calculi-classificaction/DATASET/SECTION_SURFACE_DATASET/2a/surface/MASKS/2a_3441SE_mask.png,0,2a,surface,2a_3441SE,2a/surface/2a_3441SE.jpg,0,0,0.93805003,0.061949987,0
/home/ikk/renal-calculi-classificaction/DATASET/SECTION_SURFACE_DATASET/2a/surface/2a_2412SE_1.png,/home/ikk/renal-calculi-classificaction/DATASET/SECTION_SURFACE_DATASET/2a/surface/MASKS/2a_2412SE_1_mask.png,0,2a,surface,2a_2412SE,2a/surface/2a_2412SE_1.png,0,0,0.9384084,0.06159161,0
/home/ikk/renal-calculi-classificaction/DATASET/SECTION_SURFACE_DATASET/2a/surface/2a_1942SE.jpg,/home/ikk/renal-calculi-classificaction/DATASET/SECTION_SURFACE_DATASET/2a/surface/MASKS/2a_1942SE_mask.png,0,2a,surface,2a_1942SE,2a/surface/2a_1942SE.jpg,0,0,0.6915559,0.30844402,0
/home/ikk/renal-calculi-classificaction/DATASET/SECTION_SURFACE_DATASET/2a/surface/2a_1796SE.jpg,/home/ikk/renal-calculi-classificaction/DATASET/SECTION_SURFACE_DATASET/2a/surface/MASKS/2a_1796SE_mask.png,0,2a,surface,2a_1796SE,2a/surface/2a_1796SE.jpg,0,0,0.5140756,0.4859244,0
/home/ikk/renal-calculi-classificaction/DATASET/SECTION_SURFACE_DATASET/2a/surface/2a_1918SE.jpg,/home/ikk/renal-calculi-classificaction/DATASET/SECTION_SURFACE_DATASET/2a/surface/MASKS/2a_1918SE_mask.png,0,2a,surface,2a_1918SE,2a/surface/2a_1918SE.jpg,0,0,0.9929092,0.007090806,0
/home/ikk/renal-calculi-classificaction/DATASET/SECTION_SURFACE_DATASET/2a/surface/2a_2087SE.jpg,/home/ikk/renal-calculi-classificaction/DATASET/SECTION_SURFACE_DATASET/2a/surface/MASKS/2a_2087SE_mask.png,0,2a,surface,2a_2087SE,2a/surface/2a_2087SE.jpg,0,0,0.87035215,0.12964784,0
/home/ikk/renal-calculi-classificaction/DATASET/SECTION_SURFACE_DATASET/2a/section/2a_2703SE.jpg,/home/ikk/renal-calculi-classificaction/DATASET/SECTION_SURFACE_DATASET/2a/section/MASKS/2a_2703SE_mask.png,0,2a,section,2a_2703SE,2a/section/2a_2703SE.jpg,1,0,0.49823135,0.50176865,0
/home/ikk/renal-calculi-classificaction/DATASET/SECTION_SURFACE_DATASET/2a/section/2a_3157SE.png,/home/ikk/renal-calculi-classificaction/DATASET/SECTION_SURFACE_DATASET/2a/section/MASKS/2a_3157SE_mask.png,0,2a,section,2a_3157SE,2a/section/2a_3157SE.png,0,0,0.91956484,0.08043513,0
/home/ikk/renal-calculi-classificaction/DATASET/SECTION_SURFACE_DATASET/2a/section/2a_2869SE.jpg,/home/ikk/renal-calculi-classificaction/DATASET/SECTION_SURFACE_DATASET/2a/section/MASKS/2a_2869SE_mask.png,0,2a,section,2a_2869SE,2a/section/2a_2869SE.jpg,0,0,0.8576048,0.14239523,0
/home/ikk/renal-calculi-classificaction/DATASET/SECTION_SURFACE_DATASET/2a/section/2a_2412SE_2.png,/home/ikk/renal-calculi-classificaction/DATASET/SECTION_SURFACE_DATASET/2a/section/MASKS/2a_2412SE_2_mask.png,0,2a,section,2a_2412SE,2a/section/2a_2412SE_2.png,0,0,0.8701602,0.12983981,0
/home/ikk/renal-calculi-classificaction/DATASET/SECTION_SURFACE_DATASET/2a/section/2a_1942SE_2.jpg,/home/ikk/renal-calculi-classificaction/DATASET/SECTION_SURFACE_DATASET/2a/section/MASKS/2a_1942SE_2_mask.png,0,2a,section,2a_1942SE,2a/section/2a_1942SE_2.jpg,0,0,0.76843846,0.23156154,0
/home/ikk/renal-calculi-classificaction/DATASET/SECTION_SURFACE_DATASET/2a/section/2a_3345SE.jpg,/home/ikk/renal-calculi-classificaction/DATASET/SECTION_SURFACE_DATASET/2a/section/MASKS/2a_3345SE_mask.png,0,2a,section,2a_3345SE,2a/section/2a_3345SE.jpg,1,0,0.37827167,0.6217283,0
/home/ikk/renal-calculi-classificaction/DATASET/SECTION_SURFACE_DATASET/2a/section/2a_2485SE_2.png,/home/ikk/renal-calculi-classificaction/DATASET/SECTION_SURFACE_DATASET/2a/section/MASKS/2a_2485SE_2_mask.png,0,2a,section,2a_2485SE,2a/section/2a_2485SE_2.png,0,0,0.6778942,0.32210585,0
/home/ikk/renal-calculi-classificaction/DATASET/SECTION_SURFACE_DATASET/2a/section/2a_2060SE.jpg,/home/ikk/renal-calculi-classificaction/DATASET/SECTION_SURFACE_DATASET/2a/section/MASKS/2a_2060SE_mask.png,0,2a,section,2a_2060SE,2a/section/2a_2060SE.jpg,0,0,0.6432695,0.3567305,0
/home/ikk/renal-calculi-classificaction/DATASET/SECTION_SURFACE_DATASET/2a/section/2a_1980SE.jpg,/home/ikk/renal-calculi-classificaction/DATASET/SECTION_SURFACE_DATASET/2a/section/MASKS/2a_1980SE_mask.png,0,2a,section,2a_1980SE,2a/section/2a_1980SE.jpg,0,0,0.50689614,0.4931039,0
/home/ikk/renal-calculi-classificaction/DATASET/SECTION_SURFACE_DATASET/2a/section/2aCOD_sup_1783SE_2.jpg,/home/ikk/renal-calculi-classificaction/DATASET/SECTION_SURFACE_DATASET/2a/section/MASKS/2aCOD_sup_1783SE_2_mask.png,0,2a,section,2aCOD_sup_1783SE,2a/section/2aCOD_sup_1783SE_2.jpg,0,0,0.5999309,0.4000691,0
/home/ikk/renal-calculi-classificaction/DATASET/SECTION_SURFACE_DATASET/4II-4I/surface/4II_1825SE.jpg,/home/ikk/renal-calculi-classificaction/DATASET/SECTION_SURFACE_DATASET/4II-4I/surface/MASKS/4II_1825SE_mask.png,1,4II-4I,surface,4II_1825SE,4II-4I/surface/4II_1825SE.jpg,0,1,0.85696554,0.14303447,0
/home/ikk/renal-calculi-classificaction/DATASET/SECTION_SURFACE_DATASET/4II-4I/surface/4I_111111_inventado.jpg,/home/ikk/renal-calculi-classificaction/DATASET/SECTION_SURFACE_DATASET/4II-4I/surface/MASKS/4I_111111_inventado_mask.png,1,4II-4I,surface,4I_111111,4II-4I/surface/4I_111111_inventado.jpg,1,1,0.11219648,0.88780355,0
/home/ikk/renal-calculi-classificaction/DATASET/SECTION_SURFACE_DATASET/4II-4I/surface/4II_2.jpg,/home/ikk/renal-calculi-classificaction/DATASET/SECTION_SURFACE_DATASET/4II-4I/surface/MASKS/4II_2_mask.png,1,4II-4I,surface,4II_2,4II-4I/surface/4II_2.jpg,1,1,0.018442996,0.981557,0
/home/ikk/renal-calculi-classificaction/DATASET/SECTION_SURFACE_DATASET/4II-4I/surface/4I_2157SE.jpg,/home/ikk/renal-calculi-classificaction/DATASET/SECTION_SURFACE_DATASET/4II-4I/surface/MASKS/4I_2157SE_mask.png,1,4II-4I,surface,4I_2157SE,4II-4I/surface/4I_2157SE.jpg,1,1,0.49632996,0.50367004,0
/home/ikk/renal-calculi-classificaction/DATASET/SECTION_SURFACE_DATASET/4II-4I/section/4II_1825SE_2.jpg,/home/ikk/renal-calculi-classificaction/DATASET/SECTION_SURFACE_DATASET/4II-4I/section/MASKS/4II_1825SE_2_mask.png,1,4II-4I,section,4II_1825SE,4II-4I/section/4II_1825SE_2.jpg,1,1,0.28141513,0.71858484,0
/home/ikk/renal-calculi-classificaction/DATASET/SECTION_SURFACE_DATASET/4II-4I/section/4II_3046SE.png,/home/ikk/renal-calculi-classificaction/DATASET/SECTION_SURFACE_DATASET/4II-4I/section/MASKS/4II_3046SE_mask.png,1,4II-4I,section,4II_3046SE,4II-4I/section/4II_3046SE.png,1,1,0.10468076,0.8953193,0
/home/ikk/renal-calculi-classificaction/DATASET/SECTION_SURFACE_DATASET/4II-4I/section/4II_2995SE.jpg,/home/ikk/renal-calculi-classificaction/DATASET/SECTION_SURFACE_DATASET/4II-4I/section/MASKS/4II_2995SE_mask.png,1,4II-4I,section,4II_2995SE,4II-4I/section/4II_2995SE.jpg,1,1,0.093656205,0.9063438,0
/home/ikk/renal-calculi-classificaction/DATASET/SECTION_SURFACE_DATASET/4II-4I/section/4II_2659SE.png,/home/ikk/renal-calculi-classificaction/DATASET/SECTION_SURFACE_DATASET/4II-4I/section/MASKS/4II_2659SE_mask.png,1,4II-4I,section,4II_2659SE,4II-4I/section/4II_2659SE.png,1,1,0.10111532,0.8988847,0
/home/ikk/renal-calculi-classificaction/DATASET/SECTION_SURFACE_DATASET/4II-4I/section/4I_COM_1898SE.jpg,/home/ikk/renal-calculi-classificaction/DATASET/SECTION_SURFACE_DATASET/4II-4I/section/MASKS/4I_COM_1898SE_mask.png,1,4II-4I,section,4I_COM_1898SE,4II-4I/section/4I_COM_1898SE.jpg,0,1,0.536154,0.463846,0
/home/ikk/renal-calculi-classificaction/DATASET/SECTION_SURFACE_DATASET/4II-4I/section/4II_6.jpg,/home/ikk/renal-calculi-classificaction/DATASET/SECTION_SURFACE_DATASET/4II-4I/section/MASKS/4II_6_mask.png,1,4II-4I,section,4II_6,4II-4I/section/4II_6.jpg,1,1,0.06051446,0.93948555,0
/home/ikk/renal-calculi-classificaction/DATASET/SECTION_SURFACE_DATASET/4II-4I/section/4I_3271SE.jpg,/home/ikk/renal-calculi-classificaction/DATASET/SECTION_SURFACE_DATASET/4II-4I/section/MASKS/4I_3271SE_mask.png,1,4II-4I,section,4I_3271SE,4II-4I/section/4I_3271SE.jpg,1,1,0.13130951,0.8686905,0
/home/ikk/renal-calculi-classificaction/DATASET/SECTION_SURFACE_DATASET/1aI/surface/1aI_COD_sup_1996SE.jpg,/home/ikk/renal-calculi-classificaction/DATASET/SECTION_SURFACE_DATASET/1aI/surface/MASKS/1aI_COD_sup_1996SE_mask.png,0,1aI,surface,1aI_COD_sup_1996SE,1aI/surface/1aI_COD_sup_1996SE.jpg,0,0,0.9605591,0.039440878,0
/home/ikk/renal-calculi-classificaction/DATASET/SECTION_SURFACE_DATASET/1aI/surface/1aI_1890SE.jpg,/home/ikk/renal-calculi-classificaction/DATASET/SECTION_SURFACE_DATASET/1aI/surface/MASKS/1aI_1890SE_mask.png,0,1aI,surface,1aI_1890SE,1aI/surface/1aI_1890SE.jpg,0,0,0.72555083,0.27444914,0
/home/ikk/renal-calculi-classificaction/DATASET/SECTION_SURFACE_DATASET/1aI/surface/1aI_1784SE_2.jpg,/home/ikk/renal-calculi-classificaction/DATASET/SECTION_SURFACE_DATASET/1aI/surface/MASKS/1aI_1784SE_2_mask.png,0,1aI,surface,1aI_1784SE,1aI/surface/1aI_1784SE_2.jpg,0,0,0.92518896,0.07481106,0
/home/ikk/renal-calculi-classificaction/DATASET/SECTION_SURFACE_DATASET/1aI/surface/1aI_2913SE.jpg,/home/ikk/renal-calculi-classificaction/DATASET/SECTION_SURFACE_DATASET/1aI/surface/MASKS/1aI_2913SE_mask.png,0,1aI,surface,1aI_2913SE,1aI/surface/1aI_2913SE.jpg,0,0,0.83056825,0.16943172,0
/home/ikk/renal-calculi-classificaction/DATASET/SECTION_SURFACE_DATASET/1aI/surface/1aI_COD_sup_2524SE.png,/home/ikk/renal-calculi-classificaction/DATASET/SECTION_SURFACE_DATASET/1aI/surface/MASKS/1aI_COD_sup_2524SE_mask.png,0,1aI,surface,1aI_COD_sup_2524SE,1aI/surface/1aI_COD_sup_2524SE.png,0,0,0.92143965,0.078560345,0
/home/ikk/renal-calculi-classificaction/DATASET/SECTION_SURFACE_DATASET/1aI/surface/1aI_3292SE_2.jpg,/home/ikk/renal-calculi-classificaction/DATASET/SECTION_SURFACE_DATASET/1aI/surface/MASKS/1aI_3292SE_2_mask.png,0,1aI,surface,1aI_3292SE,1aI/surface/1aI_3292SE_2.jpg,0,0,0.51802146,0.4819785,0
/home/ikk/renal-calculi-classificaction/DATASET/SECTION_SURFACE_DATASET/1aI/surface/1aI_3292SE_1.jpg,/home/ikk/renal-calculi-classificaction/DATASET/SECTION_SURFACE_DATASET/1aI/surface/MASKS/1aI_3292SE_1_mask.png,0,1aI,surface,1aI_3292SE,1aI/surface/1aI_3292SE_1.jpg,1,0,0.29486898,0.705131,0
/home/ikk/renal-calculi-classificaction/DATASET/SECTION_SURFACE_DATASET/1aI/surface/1aI_3081SE_2_LB.png,/home/ikk/renal-calculi-classificaction/DATASET/SECTION_SURFACE_DATASET/1aI/surface/MASKS/1aI_3081SE_2_LB_mask.png,0,1aI,surface,1aI_3081SE,1aI/surface/1aI_3081SE_2_LB.png,0,0,0.98410624,0.015893752,0
/home/ikk/renal-calculi-classificaction/DATASET/SECTION_SURFACE_DATASET/1aI/surface/1aI_1937SE.jpg,/home/ikk/renal-calculi-classificaction/DATASET/SECTION_SURFACE_DATASET/1aI/surface/MASKS/1aI_1937SE_mask.png,0,1aI,surface,1aI_1937SE,1aI/surface/1aI_1937SE.jpg,0,0,0.929486,0.07051403,0
/home/ikk/renal-calculi-classificaction/DATASET/SECTION_SURFACE_DATASET/1aI/surface/1aI_2225SE_1.jpg,/home/ikk/renal-calculi-classificaction/DATASET/SECTION_SURFACE_DATASET/1aI/surface/MASKS/1aI_2225SE_1_mask.png,0,1aI,surface,1aI_2225SE,1aI/surface/1aI_2225SE_1.jpg,0,0,0.90192103,0.09807899,0
/home/ikk/renal-calculi-classificaction/DATASET/SECTION_SURFACE_DATASET/1aI/surface/1aI_2366SE_1.png,/home/ikk/renal-calculi-classificaction/DATASET/SECTION_SURFACE_DATASET/1aI/surface/MASKS/1aI_2366SE_1_mask.png,0,1aI,surface,1aI_2366SE,1aI/surface/1aI_2366SE_1.png,0,0,0.9038982,0.0961018,0
/home/ikk/renal-calculi-classificaction/DATASET/SECTION_SURFACE_DATASET/1aI/surface/1aI_1797SE.jpg,/home/ikk/renal-calculi-classificaction/DATASET/SECTION_SURFACE_DATASET/1aI/surface/MASKS/1aI_1797SE_mask.png,0,1aI,surface,1aI_1797SE,1aI/surface/1aI_1797SE.jpg,0,0,0.6799781,0.3200219,0
/home/ikk/renal-calculi-classificaction/DATASET/SECTION_SURFACE_DATASET/1aI/surface/1aI_3081SE_3_LB.png,/home/ikk/renal-calculi-classificaction/DATASET/SECTION_SURFACE_DATASET/1aI/surface/MASKS/1aI_3081SE_3_LB_mask.png,0,1aI,surface,1aI_3081SE,1aI/surface/1aI_3081SE_3_LB.png,0,0,0.99394727,0.006052681,0
/home/ikk/renal-calculi-classificaction/DATASET/SECTION_SURFACE_DATASET/1aI/surface/1aI_3292SE_3.jpg,/home/ikk/renal-calculi-classificaction/DATASET/SECTION_SURFACE_DATASET/1aI/surface/MASKS/1aI_3292SE_3_mask.png,0,1aI,surface,1aI_3292SE,1aI/surface/1aI_3292SE_3.jpg,1,0,0.45287088,0.54712915,0
/home/ikk/renal-calculi-classificaction/DATASET/SECTION_SURFACE_DATASET/1aI/surface/1aI_3081SE_4_LB.png,/home/ikk/renal-calculi-classificaction/DATASET/SECTION_SURFACE_DATASET/1aI/surface/MASKS/1aI_3081SE_4_LB_mask.png,0,1aI,surface,1aI_3081SE,1aI/surface/1aI_3081SE_4_LB.png,0,0,0.9890892,0.010910795,0
/home/ikk/renal-calculi-classificaction/DATASET/SECTION_SURFACE_DATASET/1aI/surface/1aI_3081SE_5_LB.png,/home/ikk/renal-calculi-classificaction/DATASET/SECTION_SURFACE_DATASET/1aI/surface/MASKS/1aI_3081SE_5_LB_mask.png,0,1aI,surface,1aI_3081SE,1aI/surface/1aI_3081SE_5_LB.png,0,0,0.96772957,0.032270398,0
/home/ikk/renal-calculi-classificaction/DATASET/SECTION_SURFACE_DATASET/1aI/surface/1aI_1784SE_1.jpg,/home/ikk/renal-calculi-classificaction/DATASET/SECTION_SURFACE_DATASET/1aI/surface/MASKS/1aI_1784SE_1_mask.png,0,1aI,surface,1aI_1784SE,1aI/surface/1aI_1784SE_1.jpg,0,0,0.7910365,0.20896353,0
/home/ikk/renal-calculi-classificaction/DATASET/SECTION_SURFACE_DATASET/1aI/surface/1aI_3081SE_1_LB.png,/home/ikk/renal-calculi-classificaction/DATASET/SECTION_SURFACE_DATASET/1aI/surface/MASKS/1aI_3081SE_1_LB_mask.png,0,1aI,surface,1aI_3081SE,1aI/surface/1aI_3081SE_1_LB.png,0,0,0.9634747,0.036525268,0
/home/ikk/renal-calculi-classificaction/DATASET/SECTION_SURFACE_DATASET/1aI/section/1aI_2014SE.jpg,/home/ikk/renal-calculi-classificaction/DATASET/SECTION_SURFACE_DATASET/1aI/section/MASKS/1aI_2014SE_mask.png,0,1aI,section,1aI_2014SE,1aI/section/1aI_2014SE.jpg,0,0,0.77018267,0.22981732,0
/home/ikk/renal-calculi-classificaction/DATASET/SECTION_SURFACE_DATASET/1aI/section/1aI_3081SE_6_LB.png,/home/ikk/renal-calculi-classificaction/DATASET/SECTION_SURFACE_DATASET/1aI/section/MASKS/1aI_3081SE_6_LB_mask.png,0,1aI,section,1aI_3081SE,1aI/section/1aI_3081SE_6_LB.png,0,0,0.8315998,0.16840027,0
/home/ikk/renal-calculi-classificaction/DATASET/SECTION_SURFACE_DATASET/1aI/section/1aI_3081SE_8_LB.png,/home/ikk/renal-calculi-classificaction/DATASET/SECTION_SURFACE_DATASET/1aI/section/MASKS/1aI_3081SE_8_LB_mask.png,0,1aI,section,1aI_3081SE,1aI/section/1aI_3081SE_8_LB.png,0,0,0.8455987,0.15440127,0
/home/ikk/renal-calculi-classificaction/DATASET/SECTION_SURFACE_DATASET/1aI/section/1aI_3292SE_5.jpg,/home/ikk/renal-calculi-classificaction/DATASET/SECTION_SURFACE_DATASET/1aI/section/MASKS/1aI_3292SE_5_mask.png,0,1aI,section,1aI_3292SE,1aI/section/1aI_3292SE_5.jpg,1,0,0.39201763,0.6079824,0
/home/ikk/renal-calculi-classificaction/DATASET/SECTION_SURFACE_DATASET/1aI/section/1aI_2366SE_3.png,/home/ikk/renal-calculi-classificaction/DATASET/SECTION_SURFACE_DATASET/1aI/section/MASKS/1aI_2366SE_3_mask.png,0,1aI,section,1aI_2366SE,1aI/section/1aI_2366SE_3.png,0,0,0.8681332,0.13186678,0
/home/ikk/renal-calculi-classificaction/DATASET/SECTION_SURFACE_DATASET/1aI/section/1aI_2366SE_2.png,/home/ikk/renal-calculi-classificaction/DATASET/SECTION_SURFACE_DATASET/1aI/section/MASKS/1aI_2366SE_2_mask.png,0,1aI,section,1aI_2366SE,1aI/section/1aI_2366SE_2.png,0,0,0.8536567,0.14634334,0
/home/ikk/renal-calculi-classificaction/DATASET/SECTION_SURFACE_DATASET/1aI/section/1aI_3081SE_7_LB.png,/home/ikk/renal-calculi-classificaction/DATASET/SECTION_SURFACE_DATASET/1aI/section/MASKS/1aI_3081SE_7_LB_mask.png,0,1aI,section,1aI_3081SE,1aI/section/1aI_3081SE_7_LB.png,0,0,0.86708975,0.13291025,0
/home/ikk/renal-calculi-classificaction/DATASET/SECTION_SURFACE_DATASET/1aI/section/1aI_1784SE_3.jpg,/home/ikk/renal-calculi-classificaction/DATASET/SECTION_SURFACE_DATASET/1aI/section/MASKS/1aI_1784SE_3_mask.png,0,1aI,section,1aI_1784SE,1aI/section/1aI_1784SE_3.jpg,0,0,0.9594158,0.040584218,0
/home/ikk/renal-calculi-classificaction/DATASET/SECTION_SURFACE_DATASET/1aI/section/1aI_1784SE_4.jpg,/home/ikk/renal-calculi-classificaction/DATASET/SECTION_SURFACE_DATASET/1aI/section/MASKS/1aI_1784SE_4_mask.png,0,1aI,section,1aI_1784SE,1aI/section/1aI_1784SE_4.jpg,0,0,0.8538774,0.14612259,0
/home/ikk/renal-calculi-classificaction/DATASET/SECTION_SURFACE_DATASET/1aI/section/1aI_3292SE_4.jpg,/home/ikk/renal-calculi-classificaction/DATASET/SECTION_SURFACE_DATASET/1aI/section/MASKS/1aI_3292SE_4_mask.png,0,1aI,section,1aI_3292SE,1aI/section/1aI_3292SE_4.jpg,1,0,0.46143794,0.53856206,0
/home/ikk/renal-calculi-classificaction/DATASET/SECTION_SURFACE_DATASET/1aI/section/1aI_2225SE_2.jpg,/home/ikk/renal-calculi-classificaction/DATASET/SECTION_SURFACE_DATASET/1aI/section/MASKS/1aI_2225SE_2_mask.png,0,1aI,section,1aI_2225SE,1aI/section/1aI_2225SE_2.jpg,0,0,0.7209751,0.27902493,0
/home/ikk/renal-calculi-classificaction/DATASET/SECTION_SURFACE_DATASET/6/surface/6_2365SE_1.png,/home/ikk/renal-calculi-classificaction/DATASET/SECTION_SURFACE_DATASET/6/surface/MASKS/6_2365SE_1_mask.png,1,6,surface,6_2365SE,6/surface/6_2365SE_1.png,1,1,0.26654634,0.7334537,1
/home/ikk/renal-calculi-classificaction/DATASET/SECTION_SURFACE_DATASET/6/section/6_3001SE.jpg,/home/ikk/renal-calculi-classificaction/DATASET/SECTION_SURFACE_DATASET/6/section/MASKS/6_3001SE_mask.png,1,6,section,6_3001SE,6/section/6_3001SE.jpg,1,1,0.082098484,0.91790146,1
/home/ikk/renal-calculi-classificaction/DATASET/SECTION_SURFACE_DATASET/6/section/6_3265SE.jpg,/home/ikk/renal-calculi-classificaction/DATASET/SECTION_SURFACE_DATASET/6/section/MASKS/6_3265SE_mask.png,1,6,section,6_3265SE,6/section/6_3265SE.jpg,1,1,0.021900823,0.97809917,1
/home/ikk/renal-calculi-classificaction/DATASET/SECTION_SURFACE_DATASET/6/section/6_2061SE.jpg,/home/ikk/renal-calculi-classificaction/DATASET/SECTION_SURFACE_DATASET/6/section/MASKS/6_2061SE_mask.png,1,6,section,6_2061SE,6/section/6_2061SE.jpg,1,1,0.013511046,0.986489,1
/home/ikk/renal-calculi-classificaction/DATASET/SECTION_SURFACE_DATASET/6/section/6_3186SE_3.jpg,/home/ikk/renal-calculi-classificaction/DATASET/SECTION_SURFACE_DATASET/6/section/MASKS/6_3186SE_3_mask.png,1,6,section,6_3186SE,6/section/6_3186SE_3.jpg,1,1,0.48994055,0.5100594,1
/home/ikk/renal-calculi-classificaction/DATASET/SECTION_SURFACE_DATASET/6/section/6_3186SE_1.jpg,/home/ikk/renal-calculi-classificaction/DATASET/SECTION_SURFACE_DATASET/6/section/MASKS/6_3186SE_1_mask.png,1,6,section,6_3186SE,6/section/6_3186SE_1.jpg,1,1,0.07305952,0.92694044,1
/home/ikk/renal-calculi-classificaction/DATASET/SECTION_SURFACE_DATASET/6/section/6_2365SE_2.png,/home/ikk/renal-calculi-classificaction/DATASET/SECTION_SURFACE_DATASET/6/section/MASKS/6_2365SE_2_mask.png,1,6,section,6_2365SE,6/section/6_2365SE_2.png,1,1,0.04906703,0.95093304,1
/home/ikk/renal-calculi-classificaction/DATASET/SECTION_SURFACE_DATASET/6/section/6_3186SE_2.jpg,/home/ikk/renal-calculi-classificaction/DATASET/SECTION_SURFACE_DATASET/6/section/MASKS/6_3186SE_2_mask.png,1,6,section,6_3186SE,6/section/6_3186SE_2.jpg,1,1,0.08755424,0.9124457,1
/home/ikk/renal-calculi-classificaction/DATASET/SECTION_SURFACE_DATASET/8aI - 8aII/surface/8aII_2163SE.jpg,/home/ikk/renal-calculi-classificaction/DATASET/SECTION_SURFACE_DATASET/8aI - 8aII/surface/MASKS/8aII_2163SE_mask.png,1,8aI - 8aII,surface,8aII_2163SE,8aI - 8aII/surface/8aII_2163SE.jpg,1,1,0.44536516,0.55463487,1
/home/ikk/renal-calculi-classificaction/DATASET/SECTION_SURFACE_DATASET/8aI - 8aII/surface/8aII_2041SE.jpg,/home/ikk/renal-calculi-classificaction/DATASET/SECTION_SURFACE_DATASET/8aI - 8aII/surface/MASKS/8aII_2041SE_mask.png,1,8aI - 8aII,surface,8aII_2041SE,8aI - 8aII/surface/8aII_2041SE.jpg,1,1,0.09359063,0.9064093,1
/home/ikk/renal-calculi-classificaction/DATASET/SECTION_SURFACE_DATASET/8aI - 8aII/section/8aII_2520SE.png,/home/ikk/renal-calculi-classificaction/DATASET/SECTION_SURFACE_DATASET/8aI - 8aII/section/MASKS/8aII_2520SE_mask.png,1,8aI - 8aII,section,8aII_2520SE,8aI - 8aII/section/8aII_2520SE.png,0,1,0.6416626,0.35833734,1
/home/ikk/renal-calculi-classificaction/DATASET/SECTION_SURFACE_DATASET/8aI - 8aII/section/8aII_3102SE.png,/home/ikk/renal-calculi-classificaction/DATASET/SECTION_SURFACE_DATASET/8aI - 8aII/section/MASKS/8aII_3102SE_mask.png,1,8aI - 8aII,section,8aII_3102SE,8aI - 8aII/section/8aII_3102SE.png,1,1,0.38215092,0.61784905,1
/home/ikk/renal-calculi-classificaction/DATASET/SECTION_SURFACE_DATASET/8aI - 8aII/section/8aII_3332SE.jpg,/home/ikk/renal-calculi-classificaction/DATASET/SECTION_SURFACE_DATASET/8aI - 8aII/section/MASKS/8aII_3332SE_mask.png,1,8aI - 8aII,section,8aII_3332SE,8aI - 8aII/section/8aII_3332SE.jpg,1,1,0.08844369,0.9115563,1
/home/ikk/renal-calculi-classificaction/DATASET/SECTION_SURFACE_DATASET/3aII/surface/3aII_3049SE.png,/home/ikk/renal-calculi-classificaction/DATASET/SECTION_SURFACE_DATASET/3aII/surface/MASKS/3aII_3049SE_mask.png,1,3aII,surface,3aII_3049SE,3aII/surface/3aII_3049SE.png,1,1,0.014560942,0.98543906,1
/home/ikk/renal-calculi-classificaction/DATASET/SECTION_SURFACE_DATASET/3aII/surface/3aII_1969SE_2.jpg,/home/ikk/renal-calculi-classificaction/DATASET/SECTION_SURFACE_DATASET/3aII/surface/MASKS/3aII_1969SE_2_mask.png,1,3aII,surface,3aII_1969SE,3aII/surface/3aII_1969SE_2.jpg,1,1,0.022019222,0.9779808,1
/home/ikk/renal-calculi-classificaction/DATASET/SECTION_SURFACE_DATASET/3aII/surface/3aII_1913SE.jpg,/home/ikk/renal-calculi-classificaction/DATASET/SECTION_SURFACE_DATASET/3aII/surface/MASKS/3aII_1913SE_mask.png,1,3aII,surface,3aII_1913SE,3aII/surface/3aII_1913SE.jpg,1,1,0.11915488,0.8808451,1
/home/ikk/renal-calculi-classificaction/DATASET/SECTION_SURFACE_DATASET/3aII/surface/3aII_2354SE.png,/home/ikk/renal-calculi-classificaction/DATASET/SECTION_SURFACE_DATASET/3aII/surface/MASKS/3aII_2354SE_mask.png,1,3aII,surface,3aII_2354SE,3aII/surface/3aII_2354SE.png,1,1,0.15148221,0.8485178,1
/home/ikk/renal-calculi-classificaction/DATASET/SECTION_SURFACE_DATASET/3aII/surface/3aII_1969SE_1.jpg,/home/ikk/renal-calculi-classificaction/DATASET/SECTION_SURFACE_DATASET/3aII/surface/MASKS/3aII_1969SE_1_mask.png,1,3aII,surface,3aII_1969SE,3aII/surface/3aII_1969SE_1.jpg,1,1,0.07803273,0.9219673,1
/home/ikk/renal-calculi-classificaction/DATASET/SECTION_SURFACE_DATASET/3bII/surface/3bII_1863SE.jpg,/home/ikk/renal-calculi-classificaction/DATASET/SECTION_SURFACE_DATASET/3bII/surface/MASKS/3bII_1863SE_mask.png,1,3bII,surface,3bII_1863SE,3bII/surface/3bII_1863SE.jpg,1,1,0.49191874,0.5080812,1
/home/ikk/renal-calculi-classificaction/DATASET/SECTION_SURFACE_DATASET/3bII/surface/3bII_1995SE.jpg,/home/ikk/renal-calculi-classificaction/DATASET/SECTION_SURFACE_DATASET/3bII/surface/MASKS/3bII_1995SE_mask.png,1,3bII,surface,3bII_1995SE,3bII/surface/3bII_1995SE.jpg,1,1,0.09394265,0.90605736,1
/home/ikk/renal-calculi-classificaction/DATASET/SECTION_SURFACE_DATASET/3bII/surface/3bII_2251SE.png,/home/ikk/renal-calculi-classificaction/DATASET/SECTION_SURFACE_DATASET/3bII/surface/MASKS/3bII_2251SE_mask.png,1,3bII,surface,3bII_2251SE,3bII/surface/3bII_2251SE.png,1,1,0.064372554,0.9356274,1
/home/ikk/renal-calculi-classificaction/DATASET/SECTION_SURFACE_DATASET/3bII/surface/3bII_2584SE.png,/home/ikk/renal-calculi-classificaction/DATASET/SECTION_SURFACE_DATASET/3bII/surface/MASKS/3bII_2584SE_mask.png,1,3bII,surface,3bII_2584SE,3bII/surface/3bII_2584SE.png,1,1,0.092924505,0.9070755,1
/home/ikk/renal-calculi-classificaction/DATASET/SECTION_SURFACE_DATASET/3bII/section/3bII_3069SE.png,/home/ikk/renal-calculi-classificaction/DATASET/SECTION_SURFACE_DATASET/3bII/section/MASKS/3bII_3069SE_mask.png,1,3bII,section,3bII_3069SE,3bII/section/3bII_3069SE.png,1,1,0.2574355,0.7425645,1
/home/ikk/renal-calculi-classificaction/DATASET/SECTION_SURFACE_DATASET/3bII/section/3bII_MO_1868SE.jpg,/home/ikk/renal-calculi-classificaction/DATASET/SECTION_SURFACE_DATASET/3bII/section/MASKS/3bII_MO_1868SE_mask.png,1,3bII,section,3bII_MO_1868SE,3bII/section/3bII_MO_1868SE.jpg,1,1,0.012883175,0.9871169,1
/home/ikk/renal-calculi-classificaction/DATASET/SECTION_SURFACE_DATASET/3bII/section/3bII_2450SE.png,/home/ikk/renal-calculi-classificaction/DATASET/SECTION_SURFACE_DATASET/3bII/section/MASKS/3bII_2450SE_mask.png,1,3bII,section,3bII_2450SE,3bII/section/3bII_2450SE.png,0,1,0.9102194,0.08978063,1
/home/ikk/renal-calculi-classificaction/DATASET/SECTION_SURFACE_DATASET/3bII/section/3bII_1804SE.jpg,/home/ikk/renal-calculi-classificaction/DATASET/SECTION_SURFACE_DATASET/3bII/section/MASKS/3bII_1804SE_mask.png,1,3bII,section,3bII_1804SE,3bII/section/3bII_1804SE.jpg,0,1,0.71363795,0.28636205,1
/home/ikk/renal-calculi-classificaction/DATASET/SECTION_SURFACE_DATASET/3bII/section/3bII_6.jpg,/home/ikk/renal-calculi-classificaction/DATASET/SECTION_SURFACE_DATASET/3bII/section/MASKS/3bII_6_mask.png,1,3bII,section,3bII_6,3bII/section/3bII_6.jpg,1,1,0.0033207245,0.9966793,1
/home/ikk/renal-calculi-classificaction/DATASET/SECTION_SURFACE_DATASET/3bII/section/3bII_2850SE.jpg,/home/ikk/renal-calculi-classificaction/DATASET/SECTION_SURFACE_DATASET/3bII/section/MASKS/3bII_2850SE_mask.png,1,3bII,section,3bII_2850SE,3bII/section/3bII_2850SE.jpg,1,1,0.054588206,0.94541186,1
/home/ikk/renal-calculi-classificaction/DATASET/SECTION_SURFACE_DATASET/3bII/section/3bII_3.jpg,/home/ikk/renal-calculi-classificaction/DATASET/SECTION_SURFACE_DATASET/3bII/section/MASKS/3bII_3_mask.png,1,3bII,section,3bII_3,3bII/section/3bII_3.jpg,1,1,0.005418328,0.99458164,1
/home/ikk/renal-calculi-classificaction/DATASET/SECTION_SURFACE_DATASET/3bII/section/3bII_1961SE.jpg,/home/ikk/renal-calculi-classificaction/DATASET/SECTION_SURFACE_DATASET/3bII/section/MASKS/3bII_1961SE_mask.png,1,3bII,section,3bII_1961SE,3bII/section/3bII_1961SE.jpg,1,1,0.35664868,0.6433513,1
/home/ikk/renal-calculi-classificaction/DATASET/SECTION_SURFACE_DATASET/3bII/section/3bII_2043SE_2.jpg,/home/ikk/renal-calculi-classificaction/DATASET/SECTION_SURFACE_DATASET/3bII/section/MASKS/3bII_2043SE_2_mask.png,1,3bII,section,3bII_2043SE,3bII/section/3bII_2043SE_2.jpg,0,1,0.52478707,0.47521296,1
/home/ikk/renal-calculi-classificaction/DATASET/SECTION_SURFACE_DATASET/2a/surface/2a_3500SE_1.png,/home/ikk/renal-calculi-classificaction/DATASET/SECTION_SURFACE_DATASET/2a/surface/MASKS/2a_3500SE_1_mask.png,0,2a,surface,2a_3500SE,2a/surface/2a_3500SE_1.png,0,0,0.9949968,0.005003206,1
/home/ikk/renal-calculi-classificaction/DATASET/SECTION_SURFACE_DATASET/2a/surface/2a_2145SE.jpg,/home/ikk/renal-calculi-classificaction/DATASET/SECTION_SURFACE_DATASET/2a/surface/MASKS/2a_2145SE_mask.png,0,2a,surface,2a_2145SE,2a/surface/2a_2145SE.jpg,0,0,0.985316,0.014683994,1
/home/ikk/renal-calculi-classificaction/DATASET/SECTION_SURFACE_DATASET/2a/surface/2a_1939SE.jpg,/home/ikk/renal-calculi-classificaction/DATASET/SECTION_SURFACE_DATASET/2a/surface/MASKS/2a_1939SE_mask.png,0,2a,surface,2a_1939SE,2a/surface/2a_1939SE.jpg,0,0,0.6800541,0.3199459,1
/home/ikk/renal-calculi-classificaction/DATASET/SECTION_SURFACE_DATASET/2a/surface/2aCOD_sup_2247SE.jpg,/home/ikk/renal-calculi-classificaction/DATASET/SECTION_SURFACE_DATASET/2a/surface/MASKS/2aCOD_sup_2247SE_mask.png,0,2a,surface,2aCOD_sup_2247SE,2a/surface/2aCOD_sup_2247SE.jpg,0,0,0.98843455,0.011565419,1
/home/ikk/renal-calculi-classificaction/DATASET/SECTION_SURFACE_DATASET/2a/surface/2a_3346SE_surface.jpg,/home/ikk/renal-calculi-classificaction/DATASET/SECTION_SURFACE_DATASET/2a/surface/MASKS/2a_3346SE_surface_mask.png,0,2a,surface,2a_3346SE,2a/surface/2a_3346SE_surface.jpg,0,0,0.5810613,0.41893873,1
/home/ikk/renal-calculi-classificaction/DATASET/SECTION_SURFACE_DATASET/2a/surface/2a_3351SE_1._Imagen_general.jpg,/home/ikk/renal-calculi-classificaction/DATASET/SECTION_SURFACE_DATASET/2a/surface/MASKS/2a_3351SE_1._Imagen_general_mask.png,0,2a,surface,2a_3351SE,2a/surface/2a_3351SE_1._Imagen_general.jpg,1,0,0.17431965,0.8256803,1
/home/ikk/renal-calculi-classificaction/DATASET/SECTION_SURFACE_DATASET/2a/surface/2a_1787SE.jpg,/home/ikk/renal-calculi-classificaction/DATASET/SECTION_SURFACE_DATASET/2a/surface/MASKS/2a_1787SE_mask.png,0,2a,surface,2a_1787SE,2a/surface/2a_1787SE.jpg,0,0,0.9679826,0.032017373,1
/home/ikk/renal-calculi-classificaction/DATASET/SECTION_SURFACE_DATASET/2a/surface/2a_2015SE.jpg,/home/ikk/renal-calculi-classificaction/DATASET/SECTION_SURFACE_DATASET/2a/surface/MASKS/2a_2015SE_mask.png,0,2a,surface,2a_2015SE,2a/surface/2a_2015SE.jpg,0,0,0.9105705,0.0894295,1
/home/ikk/renal-calculi-classificaction/DATASET/SECTION_SURFACE_DATASET/2a/section/2a_2133SE.jpg,/home/ikk/renal-calculi-classificaction/DATASET/SECTION_SURFACE_DATASET/2a/section/MASKS/2a_2133SE_mask.png,0,2a,section,2a_2133SE,2a/section/2a_2133SE.jpg,0,0,0.8257915,0.17420854,1
/home/ikk/renal-calculi-classificaction/DATASET/SECTION_SURFACE_DATASET/2a/section/2a_3346SE_section.jpg,/home/ikk/renal-calculi-classificaction/DATASET/SECTION_SURFACE_DATASET/2a/section/MASKS/2a_3346SE_section_mask.png,0,2a,section,2a_3346SE,2a/section/2a_3346SE_section.jpg,1,0,0.4804158,0.5195842,1
/home/ikk/renal-calculi-classificaction/DATASET/SECTION_SURFACE_DATASET/2a/section/2a_3500SE_2.png,/home/ikk/renal-calculi-classificaction/DATASET/SECTION_SURFACE_DATASET/2a/section/MASKS/2a_3500SE_2_mask.png,0,2a,section,2a_3500SE,2a/section/2a_3500SE_2.png,0,0,0.9025792,0.09742086,1
/home/ikk/renal-calculi-classificaction/DATASET/SECTION_SURFACE_DATASET/2a/section/2a_3351SE_3._Seccion_2.jpg,/home/ikk/renal-calculi-classificaction/DATASET/SECTION_SURFACE_DATASET/2a/section/MASKS/2a_3351SE_3._Seccion_2_mask.png,0,2a,section,2a_3351SE,2a/section/2a_3351SE_3._Seccion_2.jpg,1,0,0.48938116,0.5106188,1
/home/ikk/renal-calculi-classificaction/DATASET/SECTION_SURFACE_DATASET/2a/section/2a_1939SE_3.jpg,/home/ikk/renal-calculi-classificaction/DATASET/SECTION_SURFACE_DATASET/2a/section/MASKS/2a_1939SE_3_mask.png,0,2a,section,2a_1939SE,2a/section/2a_1939SE_3.jpg,0,0,0.5042344,0.4957657,1
/home/ikk/renal-calculi-classificaction/DATASET/SECTION_SURFACE_DATASET/2a/section/2a_3266SE.jpg,/home/ikk/renal-calculi-classificaction/DATASET/SECTION_SURFACE_DATASET/2a/section/MASKS/2a_3266SE_mask.png,0,2a,section,2a_3266SE,2a/section/2a_3266SE.jpg,0,0,0.89386916,0.106130905,1
/home/ikk/renal-calculi-classificaction/DATASET/SECTION_SURFACE_DATASET/2a/section/2a_2327SE.png,/home/ikk/renal-calculi-classificaction/DATASET/SECTION_SURFACE_DATASET/2a/section/MASKS/2a_2327SE_mask.png,0,2a,section,2a_2327SE,2a/section/2a_2327SE.png,0,0,0.7929629,0.20703706,1
/home/ikk/renal-calculi-classificaction/DATASET/SECTION_SURFACE_DATASET/2a/section/2a_1960SE.jpg,/home/ikk/renal-calculi-classificaction/DATASET/SECTION_SURFACE_DATASET/2a/section/MASKS/2a_1960SE_mask.png,0,2a,section,2a_1960SE,2a/section/2a_1960SE.jpg,0,0,0.7817548,0.21824521,1
/home/ikk/renal-calculi-classificaction/DATASET/SECTION_SURFACE_DATASET/2a/section/2a_3351SE_2._Seccion_1.jpg,/home/ikk/renal-calculi-classificaction/DATASET/SECTION_SURFACE_DATASET/2a/section/MASKS/2a_3351SE_2._Seccion_1_mask.png,0,2a,section,2a_3351SE,2a/section/2a_3351SE_2._Seccion_1.jpg,1,0,0.30111158,0.6988884,1
/home/ikk/renal-calculi-classificaction/DATASET/SECTION_SURFACE_DATASET/2a/section/2a_2708SE.jpg,/home/ikk/renal-calculi-classificaction/DATASET/SECTION_SURFACE_DATASET/2a/section/MASKS/2a_2708SE_mask.png,0,2a,section,2a_2708SE,2a/section/2a_2708SE.jpg,1,0,0.09748048,0.9025196,1
/home/ikk/renal-calculi-classificaction/DATASET/SECTION_SURFACE_DATASET/2a/section/2a_2513SE.png,/home/ikk/renal-calculi-classificaction/DATASET/SECTION_SURFACE_DATASET/2a/section/MASKS/2a_2513SE_mask.png,0,2a,section,2a_2513SE,2a/section/2a_2513SE.png,1,0,0.27851304,0.721487,1
/home/ikk/renal-calculi-classificaction/DATASET/SECTION_SURFACE_DATASET/2a/section/2a_2872SE.jpg,/home/ikk/renal-calculi-classificaction/DATASET/SECTION_SURFACE_DATASET/2a/section/MASKS/2a_2872SE_mask.png,0,2a,section,2a_2872SE,2a/section/2a_2872SE.jpg,0,0,0.88850987,0.111490116,1
/home/ikk/renal-calculi-classificaction/DATASET/SECTION_SURFACE_DATASET/2a/section/2a_1939SE_2.jpg,/home/ikk/renal-calculi-classificaction/DATASET/SECTION_SURFACE_DATASET/2a/section/MASKS/2a_1939SE_2_mask.png,0,2a,section,2a_1939SE,2a/section/2a_1939SE_2.jpg,0,0,0.9544342,0.045565803,1
/home/ikk/renal-calculi-classificaction/DATASET/SECTION_SURFACE_DATASET/4II-4I/surface/4I_1853SE.jpg,/home/ikk/renal-calculi-classificaction/DATASET/SECTION_SURFACE_DATASET/4II-4I/surface/MASKS/4I_1853SE_mask.png,1,4II-4I,surface,4I_1853SE,4II-4I/surface/4I_1853SE.jpg,1,1,0.115034744,0.8849653,1
/home/ikk/renal-calculi-classificaction/DATASET/SECTION_SURFACE_DATASET/4II-4I/surface/4II_1906SE.jpg,/home/ikk/renal-calculi-classificaction/DATASET/SECTION_SURFACE_DATASET/4II-4I/surface/MASKS/4II_1906SE_mask.png,1,4II-4I,surface,4II_1906SE,4II-4I/surface/4II_1906SE.jpg,1,1,0.17039914,0.8296009,1
/home/ikk/renal-calculi-classificaction/DATASET/SECTION_SURFACE_DATASET/4II-4I/surface/4II_1906SE_2.jpg,/home/ikk/renal-calculi-classificaction/DATASET/SECTION_SURFACE_DATASET/4II-4I/surface/MASKS/4II_1906SE_2_mask.png,1,4II-4I,surface,4II_1906SE,4II-4I/surface/4II_1906SE_2.jpg,1,1,0.30790457,0.6920954,1
/home/ikk/renal-calculi-classificaction/DATASET/SECTION_SURFACE_DATASET/4II-4I/surface/4II_2026SE.jpg,/home/ikk/renal-calculi-classificaction/DATASET/SECTION_SURFACE_DATASET/4II-4I/surface/MASKS/4II_2026SE_mask.png,1,4II-4I,surface,4II_2026SE,4II-4I/surface/4II_2026SE.jpg,1,1,0.32113335,0.6788667,1
/home/ikk/renal-calculi-classificaction/DATASET/SECTION_SURFACE_DATASET/4II-4I/surface/4I_3506SE.png,/home/ikk/renal-calculi-classificaction/DATASET/SECTION_SURFACE_DATASET/4II-4I/surface/MASKS/4I_3506SE_mask.png,1,4II-4I,surface,4I_3506SE,4II-4I/surface/4I_3506SE.png,0,1,0.5097671,0.4902329,1
/home/ikk/renal-calculi-classificaction/DATASET/SECTION_SURFACE_DATASET/4II-4I/section/4I_1853SE_2.jpg,/home/ikk/renal-calculi-classificaction/DATASET/SECTION_SURFACE_DATASET/4II-4I/section/MASKS/4I_1853SE_2_mask.png,1,4II-4I,section,4I_1853SE,4II-4I/section/4I_1853SE_2.jpg,0,1,0.5472965,0.45270342,1
/home/ikk/renal-calculi-classificaction/DATASET/SECTION_SURFACE_DATASET/4II-4I/section/4II_7.jpg,/home/ikk/renal-calculi-classificaction/DATASET/SECTION_SURFACE_DATASET/4II-4I/section/MASKS/4II_7_mask.png,1,4II-4I,section,4II_7,4II-4I/section/4II_7.jpg,1,1,0.030810665,0.96918935,1
/home/ikk/renal-calculi-classificaction/DATASET/SECTION_SURFACE_DATASET/4II-4I/section/4I_COM_2150SE.jpg,/home/ikk/renal-calculi-classificaction/DATASET/SECTION_SURFACE_DATASET/4II-4I/section/MASKS/4I_COM_2150SE_mask.png,1,4II-4I,section,4I_COM_2150SE,4II-4I/section/4I_COM_2150SE.jpg,1,1,0.104249135,0.8957508,1
/home/ikk/renal-calculi-classificaction/DATASET/SECTION_SURFACE_DATASET/4II-4I/section/4I_2753SE.jpg,/home/ikk/renal-calculi-classificaction/DATASET/SECTION_SURFACE_DATASET/4II-4I/section/MASKS/4I_2753SE_mask.png,1,4II-4I,section,4I_2753SE,4II-4I/section/4I_2753SE.jpg,1,1,0.038512465,0.9614876,1
/home/ikk/renal-calculi-classificaction/DATASET/SECTION_SURFACE_DATASET/4II-4I/section/4II_3132SE.png,/home/ikk/renal-calculi-classificaction/DATASET/SECTION_SURFACE_DATASET/4II-4I/section/MASKS/4II_3132SE_mask.png,1,4II-4I,section,4II_3132SE,4II-4I/section/4II_3132SE.png,1,1,0.0358028,0.96419716,1
/home/ikk/renal-calculi-classificaction/DATASET/SECTION_SURFACE_DATASET/4II-4I/section/4II_2705SE.jpg,/home/ikk/renal-calculi-classificaction/DATASET/SECTION_SURFACE_DATASET/4II-4I/section/MASKS/4II_2705SE_mask.png,1,4II-4I,section,4II_2705SE,4II-4I/section/4II_2705SE.jpg,1,1,0.23268643,0.76731354,1
/home/ikk/renal-calculi-classificaction/DATASET/SECTION_SURFACE_DATASET/1aI/surface/1aI_2109SE.jpg,/home/ikk/renal-calculi-classificaction/DATASET/SECTION_SURFACE_DATASET/1aI/surface/MASKS/1aI_2109SE_mask.png,0,1aI,surface,1aI_2109SE,1aI/surface/1aI_2109SE.jpg,0,0,0.95404875,0.04595129,1
/home/ikk/renal-calculi-classificaction/DATASET/SECTION_SURFACE_DATASET/1aI/surface/1aI_3111SE.png,/home/ikk/renal-calculi-classificaction/DATASET/SECTION_SURFACE_DATASET/1aI/surface/MASKS/1aI_3111SE_mask.png,0,1aI,surface,1aI_3111SE,1aI/surface/1aI_3111SE.png,0,0,0.98548824,0.014511699,1
/home/ikk/renal-calculi-classificaction/DATASET/SECTION_SURFACE_DATASET/1aI/surface/1aI_1986SE.jpg,/home/ikk/renal-calculi-classificaction/DATASET/SECTION_SURFACE_DATASET/1aI/surface/MASKS/1aI_1986SE_mask.png,0,1aI,surface,1aI_1986SE,1aI/surface/1aI_1986SE.jpg,0,0,0.98108554,0.018914415,1
/home/ikk/renal-calculi-classificaction/DATASET/SECTION_SURFACE_DATASET/1aI/surface/1aI_COD_sup_1928SE.jpg,/home/ikk/renal-calculi-classificaction/DATASET/SECTION_SURFACE_DATASET/1aI/surface/MASKS/1aI_COD_sup_1928SE_mask.png,0,1aI,surface,1aI_COD_sup_1928SE,1aI/surface/1aI_COD_sup_1928SE.jpg,0,0,0.79778737,0.2022126,1
/home/ikk/renal-calculi-classificaction/DATASET/SECTION_SURFACE_DATASET/1aI/surface/1aI_COD_sup_2111SE_1.jpg,/home/ikk/renal-calculi-classificaction/DATASET/SECTION_SURFACE_DATASET/1aI/surface/MASKS/1aI_COD_sup_2111SE_1_mask.png,0,1aI,surface,1aI_COD_sup_2111SE,1aI/surface/1aI_COD_sup_2111SE_1.jpg,0,0,0.98540026,0.014599747,1
/home/ikk/renal-calculi-classificaction/DATASET/SECTION_SURFACE_DATASET/1aI/surface/1aI_COD_sup_1928SE_2.jpg,/home/ikk/renal-calculi-classificaction/DATASET/SECTION_SURFACE_DATASET/1aI/surface/MASKS/1aI_COD_sup_1928SE_2_mask.png,0,1aI,surface,1aI_COD_sup_1928SE,1aI/surface/1aI_COD_sup_1928SE_2.jpg,0,0,0.8770751,0.12292494,1
/home/ikk/renal-calculi-classificaction/DATASET/SECTION_SURFACE_DATASET/1aI/surface/1aI_1777SE.jpg,/home/ikk/renal-calculi-classificaction/DATASET/SECTION_SURFACE_DATASET/1aI/surface/MASKS/1aI_1777SE_mask.png,0,1aI,surface,1aI_1777SE,1aI/surface/1aI_1777SE.jpg,0,0,0.94201916,0.057980806,1
/home/ikk/renal-calculi-classificaction/DATASET/SECTION_SURFACE_DATASET/1aI/surface/1aI_COD_sup_1929SE.jpg,/home/ikk/renal-calculi-classificaction/DATASET/SECTION_SURFACE_DATASET/1aI/surface/MASKS/1aI_COD_sup_1929SE_mask.png,0,1aI,surface,1aI_COD_sup_1929SE,1aI/surface/1aI_COD_sup_1929SE.jpg,0,0,0.9927371,0.007262888,1
/home/ikk/renal-calculi-classificaction/DATASET/SECTION_SURFACE_DATASET/1aI/surface/1aI_2798SE.jpg,/home/ikk/renal-calculi-classificaction/DATASET/SECTION_SURFACE_DATASET/1aI/surface/MASKS/1aI_2798SE_mask.png,0,1aI,surface,1aI_2798SE,1aI/surface/1aI_2798SE.jpg,1,0,0.32668883,0.6733112,1
/home/ikk/renal-calculi-classificaction/DATASET/SECTION_SURFACE_DATASET/1aI/section/1aI_COD_sup_2111SE_2.jpg,/home/ikk/renal-calculi-classificaction/DATASET/SECTION_SURFACE_DATASET/1aI/section/MASKS/1aI_COD_sup_2111SE_2_mask.png,0,1aI,section,1aI_COD_sup_2111SE,1aI/section/1aI_COD_sup_2111SE_2.jpg,0,0,0.79446745,0.20553255,1
/home/ikk/renal-calculi-classificaction/DATASET/SECTION_SURFACE_DATASET/1aI/section/1aI_2408SE_1.png,/home/ikk/renal-calculi-classificaction/DATASET/SECTION_SURFACE_DATASET/1aI/section/MASKS/1aI_2408SE_1_mask.png,0,1aI,section,1aI_2408SE,1aI/section/1aI_2408SE_1.png,1,0,0.49133933,0.5086607,1
/home/ikk/renal-calculi-classificaction/DATASET/SECTION_SURFACE_DATASET/1aI/section/1aI_2408SE_2.png,/home/ikk/renal-calculi-classificaction/DATASET/SECTION_SURFACE_DATASET/1aI/section/MASKS/1aI_2408SE_2_mask.png,0,1aI,section,1aI_2408SE,1aI/section/1aI_2408SE_2.png,0,0,0.8907557,0.109244324,1
/home/ikk/renal-calculi-classificaction/DATASET/SECTION_SURFACE_DATASET/1aI/section/1aI_COD_sup_3291SE_2.jpg,/home/ikk/renal-calculi-classificaction/DATASET/SECTION_SURFACE_DATASET/1aI/section/MASKS/1aI_COD_sup_3291SE_2_mask.png,0,1aI,section,1aI_COD_sup_3291SE,1aI/section/1aI_COD_sup_3291SE_2.jpg,0,0,0.7621294,0.23787054,1
/home/ikk/renal-calculi-classificaction/DATASET/SECTION_SURFACE_DATASET/6/surface/6_2031SE.jpg,/home/ikk/renal-calculi-classificaction/DATASET/SECTION_SURFACE_DATASET/6/surface/MASKS/6_2031SE_mask.png,1,6,surface,6_2031SE,6/surface/6_2031SE.jpg,1,1,0.17751494,0.822485,2
/home/ikk/renal-calculi-classificaction/DATASET/SECTION_SURFACE_DATASET/6/section/6_3229SE.jpg,/home/ikk/renal-calculi-classificaction/DATASET/SECTION_SURFACE_DATASET/6/section/MASKS/6_3229SE_mask.png,1,6,section,6_3229SE,6/section/6_3229SE.jpg,1,1,0.029135572,0.97086436,2
/home/ikk/renal-calculi-classificaction/DATASET/SECTION_SURFACE_DATASET/6/section/6_2770SE.jpg,/home/ikk/renal-calculi-classificaction/DATASET/SECTION_SURFACE_DATASET/6/section/MASKS/6_2770SE_mask.png,1,6,section,6_2770SE,6/section/6_2770SE.jpg,1,1,0.1413738,0.8586262,2
/home/ikk/renal-calculi-classificaction/DATASET/SECTION_SURFACE_DATASET/6/section/6_3088SE.png,/home/ikk/renal-calculi-classificaction/DATASET/SECTION_SURFACE_DATASET/6/section/MASKS/6_3088SE_mask.png,1,6,section,6_3088SE,6/section/6_3088SE.png,1,1,0.2056696,0.7943304,2
/home/ikk/renal-calculi-classificaction/DATASET/SECTION_SURFACE_DATASET/6/section/6_1860SE.jpg,/home/ikk/renal-calculi-classificaction/DATASET/SECTION_SURFACE_DATASET/6/section/MASKS/6_1860SE_mask.png,1,6,section,6_1860SE,6/section/6_1860SE.jpg,1,1,0.1494803,0.8505197,2
/home/ikk/renal-calculi-classificaction/DATASET/SECTION_SURFACE_DATASET/6/section/6_2212SE.jpg,/home/ikk/renal-calculi-classificaction/DATASET/SECTION_SURFACE_DATASET/6/section/MASKS/6_2212SE_mask.png,1,6,section,6_2212SE,6/section/6_2212SE.jpg,1,1,0.06365581,0.93634415,2
/home/ikk/renal-calculi-classificaction/DATASET/SECTION_SURFACE_DATASET/6/section/6_2616SE.png,/home/ikk/renal-calculi-classificaction/DATASET/SECTION_SURFACE_DATASET/6/section/MASKS/6_2616SE_mask.png,1,6,section,6_2616SE,6/section/6_2616SE.png,1,1,0.01436879,0.9856312,2
/home/ikk/renal-calculi-classificaction/DATASET/SECTION_SURFACE_DATASET/8aI - 8aII/surface/8aII_1866SE.jpg,/home/ikk/renal-calculi-classificaction/DATASET/SECTION_SURFACE_DATASET/8aI - 8aII/surface/MASKS/8aII_1866SE_mask.png,1,8aI - 8aII,surface,8aII_1866SE,8aI - 8aII/surface/8aII_1866SE.jpg,1,1,0.49081603,0.509184,2
/home/ikk/renal-calculi-classificaction/DATASET/SECTION_SURFACE_DATASET/8aI - 8aII/section/8aI_2316SE.png,/home/ikk/renal-calculi-classificaction/DATASET/SECTION_SURFACE_DATASET/8aI - 8aII/section/MASKS/8aI_2316SE_mask.png,1,8aI - 8aII,section,8aI_2316SE,8aI - 8aII/section/8aI_2316SE.png,1,1,0.47396928,0.5260307,2
/home/ikk/renal-calculi-classificaction/DATASET/SECTION_SURFACE_DATASET/8aI - 8aII/section/8aII_2106SE.jpg,/home/ikk/renal-calculi-classificaction/DATASET/SECTION_SURFACE_DATASET/8aI - 8aII/section/MASKS/8aII_2106SE_mask.png,1,8aI - 8aII,section,8aII_2106SE,8aI - 8aII/section/8aII_2106SE.jpg,1,1,0.06941592,0.9305841,2
/home/ikk/renal-calculi-classificaction/DATASET/SECTION_SURFACE_DATASET/8aI - 8aII/section/8aI_1871SE_2.jpg,/home/ikk/renal-calculi-classificaction/DATASET/SECTION_SURFACE_DATASET/8aI - 8aII/section/MASKS/8aI_1871SE_2_mask.png,1,8aI - 8aII,section,8aI_1871SE,8aI - 8aII/section/8aI_1871SE_2.jpg,0,1,0.6269179,0.37308204,2
/home/ikk/renal-calculi-classificaction/DATASET/SECTION_SURFACE_DATASET/8aI - 8aII/section/8aII_2796SE.jpg,/home/ikk/renal-calculi-classificaction/DATASET/SECTION_SURFACE_DATASET/8aI - 8aII/section/MASKS/8aII_2796SE_mask.png,1,8aI - 8aII,section,8aII_2796SE,8aI - 8aII/section/8aII_2796SE.jpg,1,1,0.22527735,0.7747226,2
/home/ikk/renal-calculi-classificaction/DATASET/SECTION_SURFACE_DATASET/3aII/surface/3aII_3117SE_2.png,/home/ikk/renal-calculi-classificaction/DATASET/SECTION_SURFACE_DATASET/3aII/surface/MASKS/3aII_3117SE_2_mask.png,1,3aII,surface,3aII_3117SE,3aII/surface/3aII_3117SE_2.png,1,1,0.23755142,0.7624486,2
/home/ikk/renal-calculi-classificaction/DATASET/SECTION_SURFACE_DATASET/3aII/surface/3aII_1912SE_2.jpg,/home/ikk/renal-calculi-classificaction/DATASET/SECTION_SURFACE_DATASET/3aII/surface/MASKS/3aII_1912SE_2_mask.png,1,3aII,surface,3aII_1912SE,3aII/surface/3aII_1912SE_2.jpg,1,1,0.10456006,0.89543986,2
/home/ikk/renal-calculi-classificaction/DATASET/SECTION_SURFACE_DATASET/3aII/surface/3aII_1912SE.jpg,/home/ikk/renal-calculi-classificaction/DATASET/SECTION_SURFACE_DATASET/3aII/surface/MASKS/3aII_1912SE_mask.png,1,3aII,surface,3aII_1912SE,3aII/surface/3aII_1912SE.jpg,1,1,0.07089195,0.929108,2
/home/ikk/renal-calculi-classificaction/DATASET/SECTION_SURFACE_DATASET/3aII/surface/3aII_1994SE.jpg,/home/ikk/renal-calculi-classificaction/DATASET/SECTION_SURFACE_DATASET/3aII/surface/MASKS/3aII_1994SE_mask.png,1,3aII,surface,3aII_1994SE,3aII/surface/3aII_1994SE.jpg,1,1,0.052374166,0.94762576,2
/home/ikk/renal-calculi-classificaction/DATASET/SECTION_SURFACE_DATASET/3aII/surface/3aII_2107SE.jpg,/home/ikk/renal-calculi-classificaction/DATASET/SECTION_SURFACE_DATASET/3aII/surface/MASKS/3aII_2107SE_mask.png,1,3aII,surface,3aII_2107SE,3aII/surface/3aII_2107SE.jpg,1,1,0.2992661,0.70073396,2
/home/ikk/renal-calculi-classificaction/DATASET/SECTION_SURFACE_DATASET/3aII/surface/3aII_2530SE.png,/home/ikk/renal-calculi-classificaction/DATASET/SECTION_SURFACE_DATASET/3aII/surface/MASKS/3aII_2530SE_mask.png,1,3aII,surface,3aII_2530SE,3aII/surface/3aII_2530SE.png,1,1,0.14113261,0.8588674,2
/home/ikk/renal-calculi-classificaction/DATASET/SECTION_SURFACE_DATASET/3aII/surface/3aII_3117SE_1.png,/home/ikk/renal-calculi-classificaction/DATASET/SECTION_SURFACE_DATASET/3aII/surface/MASKS/3aII_3117SE_1_mask.png,1,3aII,surface,3aII_3117SE,3aII/surface/3aII_3117SE_1.png,1,1,0.022498975,0.97750103,2
/home/ikk/renal-calculi-classificaction/DATASET/SECTION_SURFACE_DATASET/3aII/surface/3aII_3114SE.png,/home/ikk/renal-calculi-classificaction/DATASET/SECTION_SURFACE_DATASET/3aII/surface/MASKS/3aII_3114SE_mask.png,1,3aII,surface,3aII_3114SE,3aII/surface/3aII_3114SE.png,1,1,0.07834579,0.92165416,2
/home/ikk/renal-calculi-classificaction/DATASET/SECTION_SURFACE_DATASET/3bII/surface/3bII_1973SE.jpg,/home/ikk/renal-calculi-classificaction/DATASET/SECTION_SURFACE_DATASET/3bII/surface/MASKS/3bII_1973SE_mask.png,1,3bII,surface,3bII_1973SE,3bII/surface/3bII_1973SE.jpg,1,1,0.4511122,0.5488878,2
/home/ikk/renal-calculi-classificaction/DATASET/SECTION_SURFACE_DATASET/3bII/surface/3bII_2768SE.jpg,/home/ikk/renal-calculi-classificaction/DATASET/SECTION_SURFACE_DATASET/3bII/surface/MASKS/3bII_2768SE_mask.png,1,3bII,surface,3bII_2768SE,3bII/surface/3bII_2768SE.jpg,0,1,0.61460197,0.38539806,2
/home/ikk/renal-calculi-classificaction/DATASET/SECTION_SURFACE_DATASET/3bII/surface/3bII_1819SE.jpg,/home/ikk/renal-calculi-classificaction/DATASET/SECTION_SURFACE_DATASET/3bII/surface/MASKS/3bII_1819SE_mask.png,1,3bII,surface,3bII_1819SE,3bII/surface/3bII_1819SE.jpg,1,1,0.2149201,0.7850799,2
/home/ikk/renal-calculi-classificaction/DATASET/SECTION_SURFACE_DATASET/3bII/surface/3bII_2419SE.png,/home/ikk/renal-calculi-classificaction/DATASET/SECTION_SURFACE_DATASET/3bII/surface/MASKS/3bII_2419SE_mask.png,1,3bII,surface,3bII_2419SE,3bII/surface/3bII_2419SE.png,0,1,0.5396763,0.4603237,2
/home/ikk/renal-calculi-classificaction/DATASET/SECTION_SURFACE_DATASET/3bII/surface/3bII_2305SE.png,/home/ikk/renal-calculi-classificaction/DATASET/SECTION_SURFACE_DATASET/3bII/surface/MASKS/3bII_2305SE_mask.png,1,3bII,surface,3bII_2305SE,3bII/surface/3bII_2305SE.png,0,1,0.522044,0.47795597,2
/home/ikk/renal-calculi-classificaction/DATASET/SECTION_SURFACE_DATASET/3bII/surface/3bII_3047SE_surface.png,/home/ikk/renal-calculi-classificaction/DATASET/SECTION_SURFACE_DATASET/3bII/surface/MASKS/3bII_3047SE_surface_mask.png,1,3bII,surface,3bII_3047SE,3bII/surface/3bII_3047SE_surface.png,1,1,0.27720025,0.7227997,2
/home/ikk/renal-calculi-classificaction/DATASET/SECTION_SURFACE_DATASET/3bII/section/3bII_1818SE_2.jpg,/home/ikk/renal-calculi-classificaction/DATASET/SECTION_SURFACE_DATASET/3bII/section/MASKS/3bII_1818SE_2_mask.png,1,3bII,section,3bII_1818SE,3bII/section/3bII_1818SE_2.jpg,0,1,0.8975886,0.10241139,2
/home/ikk/renal-calculi-classificaction/DATASET/SECTION_SURFACE_DATASET/3bII/section/3bII_3047SE_section.png,/home/ikk/renal-calculi-classificaction/DATASET/SECTION_SURFACE_DATASET/3bII/section/MASKS/3bII_3047SE_section_mask.png,1,3bII,section,3bII_3047SE,3bII/section/3bII_3047SE_section.png,0,1,0.52318203,0.4768179,2
/home/ikk/renal-calculi-classificaction/DATASET/SECTION_SURFACE_DATASET/3bII/section/3bII_2492SE.png,/home/ikk/renal-calculi-classificaction/DATASET/SECTION_SURFACE_DATASET/3bII/section/MASKS/3bII_2492SE_mask.png,1,3bII,section,3bII_2492SE,3bII/section/3bII_2492SE.png,0,1,0.51313955,0.48686042,2
/home/ikk/renal-calculi-classificaction/DATASET/SECTION_SURFACE_DATASET/3bII/section/3bII_3476SE.png,/home/ikk/renal-calculi-classificaction/DATASET/SECTION_SURFACE_DATASET/3bII/section/MASKS/3bII_3476SE_mask.png,1,3bII,section,3bII_3476SE,3bII/section/3bII_3476SE.png,0,1,0.50040156,0.49959844,2
/home/ikk/renal-calculi-classificaction/DATASET/SECTION_SURFACE_DATASET/3bII/section/3bII_2071SE.jpg,/home/ikk/renal-calculi-classificaction/DATASET/SECTION_SURFACE_DATASET/3bII/section/MASKS/3bII_2071SE_mask.png,1,3bII,section,3bII_2071SE,3bII/section/3bII_2071SE.jpg,1,1,0.30444747,0.6955526,2
/home/ikk/renal-calculi-classificaction/DATASET/SECTION_SURFACE_DATASET/2a/surface/2a_1800SE.jpg,/home/ikk/renal-calculi-classificaction/DATASET/SECTION_SURFACE_DATASET/2a/surface/MASKS/2a_1800SE_mask.png,0,2a,surface,2a_1800SE,2a/surface/2a_1800SE.jpg,0,0,0.50043476,0.49956518,2
/home/ikk/renal-calculi-classificaction/DATASET/SECTION_SURFACE_DATASET/2a/surface/2a_1964SE.jpg,/home/ikk/renal-calculi-classificaction/DATASET/SECTION_SURFACE_DATASET/2a/surface/MASKS/2a_1964SE_mask.png,0,2a,surface,2a_1964SE,2a/surface/2a_1964SE.jpg,0,0,0.9862429,0.013757142,2
/home/ikk/renal-calculi-classificaction/DATASET/SECTION_SURFACE_DATASET/2a/surface/2a_3333SE.jpg,/home/ikk/renal-calculi-classificaction/DATASET/SECTION_SURFACE_DATASET/2a/surface/MASKS/2a_3333SE_mask.png,0,2a,surface,2a_3333SE,2a/surface/2a_3333SE.jpg,0,0,0.8632793,0.1367207,2
/home/ikk/renal-calculi-classificaction/DATASET/SECTION_SURFACE_DATASET/2a/surface/2a_583CP.jpg,/home/ikk/renal-calculi-classificaction/DATASET/SECTION_SURFACE_DATASET/2a/surface/MASKS/2a_583CP_mask.png,0,2a,surface,2a_583CP,2a/surface/2a_583CP.jpg,0,0,0.95485896,0.04514097,2
/home/ikk/renal-calculi-classificaction/DATASET/SECTION_SURFACE_DATASET/2a/surface/2a_1802SE.jpg,/home/ikk/renal-calculi-classificaction/DATASET/SECTION_SURFACE_DATASET/2a/surface/MASKS/2a_1802SE_mask.png,0,2a,surface,2a_1802SE,2a/surface/2a_1802SE.jpg,0,0,0.77247113,0.22752887,2
/home/ikk/renal-calculi-classificaction/DATASET/SECTION_SURFACE_DATASET/2a/surface/2a_2348SE.png,/home/ikk/renal-calculi-classificaction/DATASET/SECTION_SURFACE_DATASET/2a/surface/MASKS/2a_2348SE_mask.png,0,2a,surface,2a_2348SE,2a/surface/2a_2348SE.png,0,0,0.8409753,0.15902473,2
/home/ikk/renal-calculi-classificaction/DATASET/SECTION_SURFACE_DATASET/2a/section/2a_2749SE.jpg,/home/ikk/renal-calculi-classificaction/DATASET/SECTION_SURFACE_DATASET/2a/section/MASKS/2a_2749SE_mask.png,0,2a,section,2a_2749SE,2a/section/2a_2749SE.jpg,0,0,0.6198275,0.38017246,2
/home/ikk/renal-calculi-classificaction/DATASET/SECTION_SURFACE_DATASET/2a/section/2a_1802SE_2.jpg,/home/ikk/renal-calculi-classificaction/DATASET/SECTION_SURFACE_DATASET/2a/section/MASKS/2a_1802SE_2_mask.png,0,2a,section,2a_1802SE,2a/section/2a_1802SE_2.jpg,0,0,0.8317071,0.16829291,2
/home/ikk/renal-calculi-classificaction/DATASET/SECTION_SURFACE_DATASET/2a/section/2a_2335SE.png,/home/ikk/renal-calculi-classificaction/DATASET/SECTION_SURFACE_DATASET/2a/section/MASKS/2a_2335SE_mask.png,0,2a,section,2a_2335SE,2a/section/2a_2335SE.png,0,0,0.8997293,0.10027073,2
/home/ikk/renal-calculi-classificaction/DATASET/SECTION_SURFACE_DATASET/2a/section/2a_2602SE.png,/home/ikk/renal-calculi-classificaction/DATASET/SECTION_SURFACE_DATASET/2a/section/MASKS/2a_2602SE_mask.png,0,2a,section,2a_2602SE,2a/section/2a_2602SE.png,0,0,0.75253505,0.24746497,2
/home/ikk/renal-calculi-classificaction/DATASET/SECTION_SURFACE_DATASET/2a/section/2a_2148SE.jpg,/home/ikk/renal-calculi-classificaction/DATASET/SECTION_SURFACE_DATASET/2a/section/MASKS/2a_2148SE_mask.png,0,2a,section,2a_2148SE,2a/section/2a_2148SE.jpg,0,0,0.8192663,0.18073371,2
/home/ikk/renal-calculi-classificaction/DATASET/SECTION_SURFACE_DATASET/2a/section/2a_1910SE.jpg,/home/ikk/renal-calculi-classificaction/DATASET/SECTION_SURFACE_DATASET/2a/section/MASKS/2a_1910SE_mask.png,0,2a,section,2a_1910SE,2a/section/2a_1910SE.jpg,0,0,0.736602,0.26339796,2
/home/ikk/renal-calculi-classificaction/DATASET/SECTION_SURFACE_DATASET/2a/section/2a_2049SE.jpg,/home/ikk/renal-calculi-classificaction/DATASET/SECTION_SURFACE_DATASET/2a/section/MASKS/2a_2049SE_mask.png,0,2a,section,2a_2049SE,2a/section/2a_2049SE.jpg,0,0,0.8098496,0.19015034,2
/home/ikk/renal-calculi-classificaction/DATASET/SECTION_SURFACE_DATASET/2a/section/2a_3025SE.jpg,/home/ikk/renal-calculi-classificaction/DATASET/SECTION_SURFACE_DATASET/2a/section/MASKS/2a_3025SE_mask.png,0,2a,section,2a_3025SE,2a/section/2a_3025SE.jpg,1,0,0.16366227,0.83633775,2
/home/ikk/renal-calculi-classificaction/DATASET/SECTION_SURFACE_DATASET/2a/section/2aCOD_sup_2578SE.png,/home/ikk/renal-calculi-classificaction/DATASET/SECTION_SURFACE_DATASET/2a/section/MASKS/2aCOD_sup_2578SE_mask.png,0,2a,section,2aCOD_sup_2578SE,2a/section/2aCOD_sup_2578SE.png,1,0,0.42551953,0.57448053,2
/home/ikk/renal-calculi-classificaction/DATASET/SECTION_SURFACE_DATASET/2a/section/2a_3382SE.jpg,/home/ikk/renal-calculi-classificaction/DATASET/SECTION_SURFACE_DATASET/2a/section/MASKS/2a_3382SE_mask.png,0,2a,section,2a_3382SE,2a/section/2a_3382SE.jpg,0,0,0.6741603,0.32583964,2
/home/ikk/renal-calculi-classificaction/DATASET/SECTION_SURFACE_DATASET/4II-4I/surface/4II_2731SE.jpg,/home/ikk/renal-calculi-classificaction/DATASET/SECTION_SURFACE_DATASET/4II-4I/surface/MASKS/4II_2731SE_mask.png,1,4II-4I,surface,4II_2731SE,4II-4I/surface/4II_2731SE.jpg,1,1,0.38711497,0.61288506,2
/home/ikk/renal-calculi-classificaction/DATASET/SECTION_SURFACE_DATASET/4II-4I/surface/4II_1.jpg,/home/ikk/renal-calculi-classificaction/DATASET/SECTION_SURFACE_DATASET/4II-4I/surface/MASKS/4II_1_mask.png,1,4II-4I,surface,4II_1,4II-4I/surface/4II_1.jpg,1,1,0.060478937,0.9395211,2
/home/ikk/renal-calculi-classificaction/DATASET/SECTION_SURFACE_DATASET/4II-4I/section/4I_1872SE.jpg,/home/ikk/renal-calculi-classificaction/DATASET/SECTION_SURFACE_DATASET/4II-4I/section/MASKS/4I_1872SE_mask.png,1,4II-4I,section,4I_1872SE,4II-4I/section/4I_1872SE.jpg,1,1,0.35886025,0.64113975,2
/home/ikk/renal-calculi-classificaction/DATASET/SECTION_SURFACE_DATASET/4II-4I/section/4II_1993SE.jpg,/home/ikk/renal-calculi-classificaction/DATASET/SECTION_SURFACE_DATASET/4II-4I/section/MASKS/4II_1993SE_mask.png,1,4II-4I,section,4II_1993SE,4II-4I/section/4II_1993SE.jpg,1,1,0.35174263,0.6482573,2
/home/ikk/renal-calculi-classificaction/DATASET/SECTION_SURFACE_DATASET/4II-4I/section/4II_2168SE.jpg,/home/ikk/renal-calculi-classificaction/DATASET/SECTION_SURFACE_DATASET/4II-4I/section/MASKS/4II_2168SE_mask.png,1,4II-4I,section,4II_2168SE,4II-4I/section/4II_2168SE.jpg,1,1,0.15909223,0.84090775,2
/home/ikk/renal-calculi-classificaction/DATASET/SECTION_SURFACE_DATASET/4II-4I/section/4I_2427SE.png,/home/ikk/renal-calculi-classificaction/DATASET/SECTION_SURFACE_DATASET/4II-4I/section/MASKS/4I_2427SE_mask.png,1,4II-4I,section,4I_2427SE,4II-4I/section/4I_2427SE.png,0,1,0.615811,0.38418898,2
/home/ikk/renal-calculi-classificaction/DATASET/SECTION_SURFACE_DATASET/4II-4I/section/4I_3373SE.jpg,/home/ikk/renal-calculi-classificaction/DATASET/SECTION_SURFACE_DATASET/4II-4I/section/MASKS/4I_3373SE_mask.png,1,4II-4I,section,4I_3373SE,4II-4I/section/4I_3373SE.jpg,1,1,0.35803613,0.64196384,2
/home/ikk/renal-calculi-classificaction/DATASET/SECTION_SURFACE_DATASET/4II-4I/section/4I_2531SE.png,/home/ikk/renal-calculi-classificaction/DATASET/SECTION_SURFACE_DATASET/4II-4I/section/MASKS/4I_2531SE_mask.png,1,4II-4I,section,4I_2531SE,4II-4I/section/4I_2531SE.png,1,1,0.24459526,0.7554048,2
/home/ikk/renal-calculi-classificaction/DATASET/SECTION_SURFACE_DATASET/4II-4I/section/4II_8.png,/home/ikk/renal-calculi-classificaction/DATASET/SECTION_SURFACE_DATASET/4II-4I/section/MASKS/4II_8_mask.png,1,4II-4I,section,4II_8,4II-4I/section/4II_8.png,1,1,0.060804542,0.9391954,2
/home/ikk/renal-calculi-classificaction/DATASET/SECTION_SURFACE_DATASET/4II-4I/section/4II_2439SE.png,/home/ikk/renal-calculi-classificaction/DATASET/SECTION_SURFACE_DATASET/4II-4I/section/MASKS/4II_2439SE_mask.png,1,4II-4I,section,4II_2439SE,4II-4I/section/4II_2439SE.png,1,1,0.39191803,0.60808194,2
/home/ikk/renal-calculi-classificaction/DATASET/SECTION_SURFACE_DATASET/4II-4I/section/4II_3166SE.jpg,/home/ikk/renal-calculi-classificaction/DATASET/SECTION_SURFACE_DATASET/4II-4I/section/MASKS/4II_3166SE_mask.png,1,4II-4I,section,4II_3166SE,4II-4I/section/4II_3166SE.jpg,1,1,0.18848869,0.81151134,2
/home/ikk/renal-calculi-classificaction/DATASET/SECTION_SURFACE_DATASET/1aI/surface/1aI_3196SE_1.jpg,/home/ikk/renal-calculi-classificaction/DATASET/SECTION_SURFACE_DATASET/1aI/surface/MASKS/1aI_3196SE_1_mask.png,0,1aI,surface,1aI_3196SE,1aI/surface/1aI_3196SE_1.jpg,0,0,0.5364325,0.46356753,2
/home/ikk/renal-calculi-classificaction/DATASET/SECTION_SURFACE_DATASET/1aI/surface/1aI_3302SE.jpg,/home/ikk/renal-calculi-classificaction/DATASET/SECTION_SURFACE_DATASET/1aI/surface/MASKS/1aI_3302SE_mask.png,0,1aI,surface,1aI_3302SE,1aI/surface/1aI_3302SE.jpg,1,0,0.4272037,0.5727963,2
/home/ikk/renal-calculi-classificaction/DATASET/SECTION_SURFACE_DATASET/1aI/surface/1aI_COD_sup_3317SE.jpg,/home/ikk/renal-calculi-classificaction/DATASET/SECTION_SURFACE_DATASET/1aI/surface/MASKS/1aI_COD_sup_3317SE_mask.png,0,1aI,surface,1aI_COD_sup_3317SE,1aI/surface/1aI_COD_sup_3317SE.jpg,0,0,0.94434404,0.055655982,2
/home/ikk/renal-calculi-classificaction/DATASET/SECTION_SURFACE_DATASET/1aI/surface/1aI_1992SE_2.jpg,/home/ikk/renal-calculi-classificaction/DATASET/SECTION_SURFACE_DATASET/1aI/surface/MASKS/1aI_1992SE_2_mask.png,0,1aI,surface,1aI_1992SE,1aI/surface/1aI_1992SE_2.jpg,0,0,0.95734113,0.042658854,2
/home/ikk/renal-calculi-classificaction/DATASET/SECTION_SURFACE_DATASET/1aI/surface/1aI_2411SE_1.png,/home/ikk/renal-calculi-classificaction/DATASET/SECTION_SURFACE_DATASET/1aI/surface/MASKS/1aI_2411SE_1_mask.png,0,1aI,surface,1aI_2411SE,1aI/surface/1aI_2411SE_1.png,0,0,0.55975354,0.44024646,2
/home/ikk/renal-calculi-classificaction/DATASET/SECTION_SURFACE_DATASET/1aI/surface/1aI_1992SE_1.jpg,/home/ikk/renal-calculi-classificaction/DATASET/SECTION_SURFACE_DATASET/1aI/surface/MASKS/1aI_1992SE_1_mask.png,0,1aI,surface,1aI_1992SE,1aI/surface/1aI_1992SE_1.jpg,0,0,0.84581316,0.1541869,2
/home/ikk/renal-calculi-classificaction/DATASET/SECTION_SURFACE_DATASET/1aI/surface/1aI_2016SE.jpg,/home/ikk/renal-calculi-classificaction/DATASET/SECTION_SURFACE_DATASET/1aI/surface/MASKS/1aI_2016SE_mask.png,0,1aI,surface,1aI_2016SE,1aI/surface/1aI_2016SE.jpg,0,0,0.9292963,0.07070375,2
/home/ikk/renal-calculi-classificaction/DATASET/SECTION_SURFACE_DATASET/1aI/surface/1aI_1934SE.jpg,/home/ikk/renal-calculi-classificaction/DATASET/SECTION_SURFACE_DATASET/1aI/surface/MASKS/1aI_1934SE_mask.png,0,1aI,surface,1aI_1934SE,1aI/surface/1aI_1934SE.jpg,0,0,0.53292024,0.46707973,2
/home/ikk/renal-calculi-classificaction/DATASET/SECTION_SURFACE_DATASET/1aI/surface/1aI_2676SE.png,/home/ikk/renal-calculi-classificaction/DATASET/SECTION_SURFACE_DATASET/1aI/surface/MASKS/1aI_2676SE_mask.png,0,1aI,surface,1aI_2676SE,1aI/surface/1aI_2676SE.png,0,0,0.943396,0.056603998,2
/home/ikk/renal-calculi-classificaction/DATASET/SECTION_SURFACE_DATASET/1aI/section/1aI_3196SE_2.jpg,/home/ikk/renal-calculi-classificaction/DATASET/SECTION_SURFACE_DATASET/1aI/section/MASKS/1aI_3196SE_2_mask.png,0,1aI,section,1aI_3196SE,1aI/section/1aI_3196SE_2.jpg,1,0,0.49866545,0.50133455,2
/home/ikk/renal-calculi-classificaction/DATASET/SECTION_SURFACE_DATASET/1aI/section/1aI_COD_sup_2058SE.jpg,/home/ikk/renal-calculi-classificaction/DATASET/SECTION_SURFACE_DATASET/1aI/section/MASKS/1aI_COD_sup_2058SE_mask.png,0,1aI,section,1aI_COD_sup_2058SE,1aI/section/1aI_COD_sup_2058SE.jpg,0,0,0.6423572,0.35764283,2
/home/ikk/renal-calculi-classificaction/DATASET/SECTION_SURFACE_DATASET/1aI/section/1aI_2411SE_2.png,/home/ikk/renal-calculi-classificaction/DATASET/SECTION_SURFACE_DATASET/1aI/section/MASKS/1aI_2411SE_2_mask.png,0,1aI,section,1aI_2411SE,1aI/section/1aI_2411SE_2.png,0,0,0.59181696,0.40818298,2
/home/ikk/renal-calculi-classificaction/DATASET/SECTION_SURFACE_DATASET/1aI/section/1aI_1934SE_2.jpg,/home/ikk/renal-calculi-classificaction/DATASET/SECTION_SURFACE_DATASET/1aI/section/MASKS/1aI_1934SE_2_mask.png,0,1aI,section,1aI_1934SE,1aI/section/1aI_1934SE_2.jpg,0,0,0.88472617,0.11527385,2
/home/ikk/renal-calculi-classificaction/DATASET/SECTION_SURFACE_DATASET/6/surface/6_2662SE_surface.png,/home/ikk/renal-calculi-classificaction/DATASET/SECTION_SURFACE_DATASET/6/surface/MASKS/6_2662SE_surface_mask.png,1,6,surface,6_2662SE,6/surface/6_2662SE_surface.png,1,1,0.27335528,0.7266447,3
/home/ikk/renal-calculi-classificaction/DATASET/SECTION_SURFACE_DATASET/6/surface/6_3002SE.jpg,/home/ikk/renal-calculi-classificaction/DATASET/SECTION_SURFACE_DATASET/6/surface/MASKS/6_3002SE_mask.png,1,6,surface,6_3002SE,6/surface/6_3002SE.jpg,1,1,0.098402694,0.90159726,3
/home/ikk/renal-calculi-classificaction/DATASET/SECTION_SURFACE_DATASET/6/section/6_2009SE.jpg,/home/ikk/renal-calculi-classificaction/DATASET/SECTION_SURFACE_DATASET/6/section/MASKS/6_2009SE_mask.png,1,6,section,6_2009SE,6/section/6_2009SE.jpg,1,1,0.26214227,0.73785776,3
/home/ikk/renal-calculi-classificaction/DATASET/SECTION_SURFACE_DATASET/6/section/6_2662SE_section.png,/home/ikk/renal-calculi-classificaction/DATASET/SECTION_SURFACE_DATASET/6/section/MASKS/6_2662SE_section_mask.png,1,6,section,6_2662SE,6/section/6_2662SE_section.png,1,1,0.065338045,0.934662,3
/home/ikk/renal-calculi-classificaction/DATASET/SECTION_SURFACE_DATASET/6/section/6_3230SE.jpg,/home/ikk/renal-calculi-classificaction/DATASET/SECTION_SURFACE_DATASET/6/section/MASKS/6_3230SE_mask.png,1,6,section,6_3230SE,6/section/6_3230SE.jpg,1,1,0.037095763,0.9629042,3
/home/ikk/renal-calculi-classificaction/DATASET/SECTION_SURFACE_DATASET/6/section/6_2274SE.png,/home/ikk/renal-calculi-classificaction/DATASET/SECTION_SURFACE_DATASET/6/section/MASKS/6_2274SE_mask.png,1,6,section,6_2274SE,6/section/6_2274SE.png,1,1,0.087456785,0.9125432,3
/home/ikk/renal-calculi-classificaction/DATASET/SECTION_SURFACE_DATASET/8aI - 8aII/surface/8aII_3026SE.jpg,/home/ikk/renal-calculi-classificaction/DATASET/SECTION_SURFACE_DATASET/8aI - 8aII/surface/MASKS/8aII_3026SE_mask.png,1,8aI - 8aII,surface,8aII_3026SE,8aI - 8aII/surface/8aII_3026SE.jpg,1,1,0.3631648,0.63683516,3
/home/ikk/renal-calculi-classificaction/DATASET/SECTION_SURFACE_DATASET/8aI - 8aII/surface/8aII_2826SE.jpg,/home/ikk/renal-calculi-classificaction/DATASET/SECTION_SURFACE_DATASET/8aI - 8aII/surface/MASKS/8aII_2826SE_mask.png,1,8aI - 8aII,surface,8aII_2826SE,8aI - 8aII/surface/8aII_2826SE.jpg,1,1,0.084238745,0.9157613,3
/home/ikk/renal-calculi-classificaction/DATASET/SECTION_SURFACE_DATASET/8aI - 8aII/surface/8aII_1874SE.jpg,/home/ikk/renal-calculi-classificaction/DATASET/SECTION_SURFACE_DATASET/8aI - 8aII/surface/MASKS/8aII_1874SE_mask.png,1,8aI - 8aII,surface,8aII_1874SE,8aI - 8aII/surface/8aII_1874SE.jpg,1,1,0.11591189,0.8840881,3
/home/ikk/renal-calculi-classificaction/DATASET/SECTION_SURFACE_DATASET/8aI - 8aII/section/8aII_2146SE.jpg,/home/ikk/renal-calculi-classificaction/DATASET/SECTION_SURFACE_DATASET/8aI - 8aII/section/MASKS/8aII_2146SE_mask.png,1,8aI - 8aII,section,8aII_2146SE,8aI - 8aII/section/8aII_2146SE.jpg,1,1,0.35838535,0.6416146,3
/home/ikk/renal-calculi-classificaction/DATASET/SECTION_SURFACE_DATASET/8aI - 8aII/section/8aII_2515SE.png,/home/ikk/renal-calculi-classificaction/DATASET/SECTION_SURFACE_DATASET/8aI - 8aII/section/MASKS/8aII_2515SE_mask.png,1,8aI - 8aII,section,8aII_2515SE,8aI - 8aII/section/8aII_2515SE.png,1,1,0.30701095,0.69298905,3
/home/ikk/renal-calculi-classificaction/DATASET/SECTION_SURFACE_DATASET/8aI - 8aII/section/8aII_1874SE_2.jpg,/home/ikk/renal-calculi-classificaction/DATASET/SECTION_SURFACE_DATASET/8aI - 8aII/section/MASKS/8aII_1874SE_2_mask.png,1,8aI - 8aII,section,8aII_1874SE,8aI - 8aII/section/8aII_1874SE_2.jpg,1,1,0.33759642,0.66240364,3
/home/ikk/renal-calculi-classificaction/DATASET/SECTION_SURFACE_DATASET/8aI - 8aII/section/8aII_3118SE.png,/home/ikk/renal-calculi-classificaction/DATASET/SECTION_SURFACE_DATASET/8aI - 8aII/section/MASKS/8aII_3118SE_mask.png,1,8aI - 8aII,section,8aII_3118SE,8aI - 8aII/section/8aII_3118SE.png,1,1,0.20388961,0.7961104,3
/home/ikk/renal-calculi-classificaction/DATASET/SECTION_SURFACE_DATASET/3aII/surface/3aII_1786SE.jpg,/home/ikk/renal-calculi-classificaction/DATASET/SECTION_SURFACE_DATASET/3aII/surface/MASKS/3aII_1786SE_mask.png,1,3aII,surface,3aII_1786SE,3aII/surface/3aII_1786SE.jpg,1,1,0.12317438,0.8768256,3
/home/ikk/renal-calculi-classificaction/DATASET/SECTION_SURFACE_DATASET/3aII/surface/3aII_3176SE.jpg,/home/ikk/renal-calculi-classificaction/DATASET/SECTION_SURFACE_DATASET/3aII/surface/MASKS/3aII_3176SE_mask.png,1,3aII,surface,3aII_3176SE,3aII/surface/3aII_3176SE.jpg,1,1,0.012084163,0.9879159,3
/home/ikk/renal-calculi-classificaction/DATASET/SECTION_SURFACE_DATASET/3aII/section/3aII_2536SE.png,/home/ikk/renal-calculi-classificaction/DATASET/SECTION_SURFACE_DATASET/3aII/section/MASKS/3aII_2536SE_mask.png,1,3aII,section,3aII_2536SE,3aII/section/3aII_2536SE.png,1,1,0.26835576,0.7316443,3
/home/ikk/renal-calculi-classificaction/DATASET/SECTION_SURFACE_DATASET/3bII/surface/3bII_2243SE.jpg,/home/ikk/renal-calculi-classificaction/DATASET/SECTION_SURFACE_DATASET/3bII/surface/MASKS/3bII_2243SE_mask.png,1,3bII,surface,3bII_2243SE,3bII/surface/3bII_2243SE.jpg,1,1,0.007415779,0.9925842,3
/home/ikk/renal-calculi-classificaction/DATASET/SECTION_SURFACE_DATASET/3bII/surface/3bII_2318SE.png,/home/ikk/renal-calculi-classificaction/DATASET/SECTION_SURFACE_DATASET/3bII/surface/MASKS/3bII_2318SE_mask.png,1,3bII,surface,3bII_2318SE,3bII/surface/3bII_2318SE.png,1,1,0.06433509,0.9356649,3
/home/ikk/renal-calculi-classificaction/DATASET/SECTION_SURFACE_DATASET/3bII/surface/3bII_3262SE.jpg,/home/ikk/renal-calculi-classificaction/DATASET/SECTION_SURFACE_DATASET/3bII/surface/MASKS/3bII_3262SE_mask.png,1,3bII,surface,3bII_3262SE,3bII/surface/3bII_3262SE.jpg,0,1,0.90443474,0.095565274,3
/home/ikk/renal-calculi-classificaction/DATASET/SECTION_SURFACE_DATASET/3bII/surface/3bII_1958SE.jpg,/home/ikk/renal-calculi-classificaction/DATASET/SECTION_SURFACE_DATASET/3bII/surface/MASKS/3bII_1958SE_mask.png,1,3bII,surface,3bII_1958SE,3bII/surface/3bII_1958SE.jpg,1,1,0.26769918,0.73230076,3
/home/ikk/renal-calculi-classificaction/DATASET/SECTION_SURFACE_DATASET/3bII/surface/3bII_2102SE.jpg,/home/ikk/renal-calculi-classificaction/DATASET/SECTION_SURFACE_DATASET/3bII/surface/MASKS/3bII_2102SE_mask.png,1,3bII,surface,3bII_2102SE,3bII/surface/3bII_2102SE.jpg,1,1,0.2597469,0.7402531,3
/home/ikk/renal-calculi-classificaction/DATASET/SECTION_SURFACE_DATASET/3bII/surface/3bII_1888SE.jpg,/home/ikk/renal-calculi-classificaction/DATASET/SECTION_SURFACE_DATASET/3bII/surface/MASKS/3bII_1888SE_mask.png,1,3bII,surface,3bII_1888SE,3bII/surface/3bII_1888SE.jpg,1,1,0.02251152,0.9774885,3
/home/ikk/renal-calculi-classificaction/DATASET/SECTION_SURFACE_DATASET/3bII/surface/3bII_MO_1895SE.jpg,/home/ikk/renal-calculi-classificaction/DATASET/SECTION_SURFACE_DATASET/3bII/surface/MASKS/3bII_MO_1895SE_mask.png,1,3bII,surface,3bII_MO_1895SE,3bII/surface/3bII_MO_1895SE.jpg,1,1,0.050200175,0.9497998,3
/home/ikk/renal-calculi-classificaction/DATASET/SECTION_SURFACE_DATASET/3bII/section/3bII_1.jpg,/home/ikk/renal-calculi-classificaction/DATASET/SECTION_SURFACE_DATASET/3bII/section/MASKS/3bII_1_mask.png,1,3bII,section,3bII_1,3bII/section/3bII_1.jpg,1,1,0.056988746,0.9430112,3
/home/ikk/renal-calculi-classificaction/DATASET/SECTION_SURFACE_DATASET/3bII/section/3bII_2495SE.png,/home/ikk/renal-calculi-classificaction/DATASET/SECTION_SURFACE_DATASET/3bII/section/MASKS/3bII_2495SE_mask.png,1,3bII,section,3bII_2495SE,3bII/section/3bII_2495SE.png,0,1,0.8123219,0.18767805,3
/home/ikk/renal-calculi-classificaction/DATASET/SECTION_SURFACE_DATASET/3bII/section/3bII_2847SE.jpg,/home/ikk/renal-calculi-classificaction/DATASET/SECTION_SURFACE_DATASET/3bII/section/MASKS/3bII_2847SE_mask.png,1,3bII,section,3bII_2847SE,3bII/section/3bII_2847SE.jpg,1,1,0.16640739,0.8335926,3
/home/ikk/renal-calculi-classificaction/DATASET/SECTION_SURFACE_DATASET/3bII/section/3bII_4.jpg,/home/ikk/renal-calculi-classificaction/DATASET/SECTION_SURFACE_DATASET/3bII/section/MASKS/3bII_4_mask.png,1,3bII,section,3bII_4,3bII/section/3bII_4.jpg,1,1,0.00097055425,0.9990294,3
/home/ikk/renal-calculi-classificaction/DATASET/SECTION_SURFACE_DATASET/2a/surface/2a_3469SE_1.png,/home/ikk/renal-calculi-classificaction/DATASET/SECTION_SURFACE_DATASET/2a/surface/MASKS/2a_3469SE_1_mask.png,0,2a,surface,2a_3469SE,2a/surface/2a_3469SE_1.png,0,0,0.976346,0.023653975,3
/home/ikk/renal-calculi-classificaction/DATASET/SECTION_SURFACE_DATASET/2a/surface/2a_3337SE.jpg,/home/ikk/renal-calculi-classificaction/DATASET/SECTION_SURFACE_DATASET/2a/surface/MASKS/2a_3337SE_mask.png,0,2a,surface,2a_3337SE,2a/surface/2a_3337SE.jpg,0,0,0.9825556,0.017444331,3
/home/ikk/renal-calculi-classificaction/DATASET/SECTION_SURFACE_DATASET/2a/surface/2a_3098SE.png,/home/ikk/renal-calculi-classificaction/DATASET/SECTION_SURFACE_DATASET/2a/surface/MASKS/2a_3098SE_mask.png,0,2a,surface,2a_3098SE,2a/surface/2a_3098SE.png,0,0,0.97719175,0.022808269,3
/home/ikk/renal-calculi-classificaction/DATASET/SECTION_SURFACE_DATASET/2a/surface/2a_3367SE.jpg,/home/ikk/renal-calculi-classificaction/DATASET/SECTION_SURFACE_DATASET/2a/surface/MASKS/2a_3367SE_mask.png,0,2a,surface,2a_3367SE,2a/surface/2a_3367SE.jpg,0,0,0.8417672,0.15823284,3
/home/ikk/renal-calculi-classificaction/DATASET/SECTION_SURFACE_DATASET/2a/surface/2a_1940SE.jpg,/home/ikk/renal-calculi-classificaction/DATASET/SECTION_SURFACE_DATASET/2a/surface/MASKS/2a_1940SE_mask.png,0,2a,surface,2a_1940SE,2a/surface/2a_1940SE.jpg,0,0,0.58630097,0.41369906,3
/home/ikk/renal-calculi-classificaction/DATASET/SECTION_SURFACE_DATASET/2a/surface/2a_2297SE_1.png,/home/ikk/renal-calculi-classificaction/DATASET/SECTION_SURFACE_DATASET/2a/surface/MASKS/2a_2297SE_1_mask.png,0,2a,surface,2a_2297SE,2a/surface/2a_2297SE_1.png,0,0,0.90661913,0.09338086,3
/home/ikk/renal-calculi-classificaction/DATASET/SECTION_SURFACE_DATASET/2a/surface/2a_2073SE.jpg,/home/ikk/renal-calculi-classificaction/DATASET/SECTION_SURFACE_DATASET/2a/surface/MASKS/2a_2073SE_mask.png,0,2a,surface,2a_2073SE,2a/surface/2a_2073SE.jpg,1,0,0.4153444,0.5846556,3
/home/ikk/renal-calculi-classificaction/DATASET/SECTION_SURFACE_DATASET/2a/surface/2a_1991SE_1.jpg,/home/ikk/renal-calculi-classificaction/DATASET/SECTION_SURFACE_DATASET/2a/surface/MASKS/2a_1991SE_1_mask.png,0,2a,surface,2a_1991SE,2a/surface/2a_1991SE_1.jpg,0,0,0.8498838,0.15011625,3
/home/ikk/renal-calculi-classificaction/DATASET/SECTION_SURFACE_DATASET/2a/section/2a_1940SE_2.jpg,/home/ikk/renal-calculi-classificaction/DATASET/SECTION_SURFACE_DATASET/2a/section/MASKS/2a_1940SE_2_mask.png,0,2a,section,2a_1940SE,2a/section/2a_1940SE_2.jpg,0,0,0.66781676,0.33218324,3
/home/ikk/renal-calculi-classificaction/DATASET/SECTION_SURFACE_DATASET/2a/section/2a_2867SE.jpg,/home/ikk/renal-calculi-classificaction/DATASET/SECTION_SURFACE_DATASET/2a/section/MASKS/2a_2867SE_mask.png,0,2a,section,2a_2867SE,2a/section/2a_2867SE.jpg,0,0,0.8709468,0.12905312,3
/home/ikk/renal-calculi-classificaction/DATASET/SECTION_SURFACE_DATASET/2a/section/2a_COD_sup_2283SE.png,/home/ikk/renal-calculi-classificaction/DATASET/SECTION_SURFACE_DATASET/2a/section/MASKS/2a_COD_sup_2283SE_mask.png,0,2a,section,2a_COD_sup_2283SE,2a/section/2a_COD_sup_2283SE.png,0,0,0.91451913,0.08548083,3
/home/ikk/renal-calculi-classificaction/DATASET/SECTION_SURFACE_DATASET/2a/section/2a_2149SE_1.jpg,/home/ikk/renal-calculi-classificaction/DATASET/SECTION_SURFACE_DATASET/2a/section/MASKS/2a_2149SE_1_mask.png,0,2a,section,2a_2149SE,2a/section/2a_2149SE_1.jpg,0,0,0.9636793,0.03632064,3
/home/ikk/renal-calculi-classificaction/DATASET/SECTION_SURFACE_DATASET/2a/section/2a_2179SE.jpg,/home/ikk/renal-calculi-classificaction/DATASET/SECTION_SURFACE_DATASET/2a/section/MASKS/2a_2179SE_mask.png,0,2a,section,2a_2179SE,2a/section/2a_2179SE.jpg,0,0,0.9093281,0.09067194,3
/home/ikk/renal-calculi-classificaction/DATASET/SECTION_SURFACE_DATASET/2a/section/2a_2580SE.png,/home/ikk/renal-calculi-classificaction/DATASET/SECTION_SURFACE_DATASET/2a/section/MASKS/2a_2580SE_mask.png,0,2a,section,2a_2580SE,2a/section/2a_2580SE.png,0,0,0.9179256,0.0820744,3
/home/ikk/renal-calculi-classificaction/DATASET/SECTION_SURFACE_DATASET/2a/section/2a_2091SE.jpg,/home/ikk/renal-calculi-classificaction/DATASET/SECTION_SURFACE_DATASET/2a/section/MASKS/2a_2091SE_mask.png,0,2a,section,2a_2091SE,2a/section/2a_2091SE.jpg,1,0,0.012389607,0.98761046,3
/home/ikk/renal-calculi-classificaction/DATASET/SECTION_SURFACE_DATASET/2a/section/2a_2297SE_2.png,/home/ikk/renal-calculi-classificaction/DATASET/SECTION_SURFACE_DATASET/2a/section/MASKS/2a_2297SE_2_mask.png,0,2a,section,2a_2297SE,2a/section/2a_2297SE_2.png,0,0,0.7431079,0.2568921,3
/home/ikk/renal-calculi-classificaction/DATASET/SECTION_SURFACE_DATASET/2a/section/2a_1991SE_2.jpg,/home/ikk/renal-calculi-classificaction/DATASET/SECTION_SURFACE_DATASET/2a/section/MASKS/2a_1991SE_2_mask.png,0,2a,section,2a_1991SE,2a/section/2a_1991SE_2.jpg,0,0,0.95464087,0.045359105,3
/home/ikk/renal-calculi-classificaction/DATASET/SECTION_SURFACE_DATASET/2a/section/2a_2149SE_2.jpg,/home/ikk/renal-calculi-classificaction/DATASET/SECTION_SURFACE_DATASET/2a/section/MASKS/2a_2149SE_2_mask.png,0,2a,section,2a_2149SE,2a/section/2a_2149SE_2.jpg,0,0,0.9184965,0.08150355,3
/home/ikk/renal-calculi-classificaction/DATASET/SECTION_SURFACE_DATASET/2a/section/2a_1830SE.jpg,/home/ikk/renal-calculi-classificaction/DATASET/SECTION_SURFACE_DATASET/2a/section/MASKS/2a_1830SE_mask.png,0,2a,section,2a_1830SE,2a/section/2a_1830SE.jpg,0,0,0.8306421,0.16935791,3
/home/ikk/renal-calculi-classificaction/DATASET/SECTION_SURFACE_DATASET/2a/section/2a_3469SE_2.png,/home/ikk/renal-calculi-classificaction/DATASET/SECTION_SURFACE_DATASET/2a/section/MASKS/2a_3469SE_2_mask.png,0,2a,section,2a_3469SE,2a/section/2a_3469SE_2.png,0,0,0.8054644,0.19453557,3
/home/ikk/renal-calculi-classificaction/DATASET/SECTION_SURFACE_DATASET/2a/section/2a_2710SE.jpg,/home/ikk/renal-calculi-classificaction/DATASET/SECTION_SURFACE_DATASET/2a/section/MASKS/2a_2710SE_mask.png,0,2a,section,2a_2710SE,2a/section/2a_2710SE.jpg,1,0,0.386646,0.61335397,3
/home/ikk/renal-calculi-classificaction/DATASET/SECTION_SURFACE_DATASET/2a/section/2aCOD_sup_3207SE.jpg,/home/ikk/renal-calculi-classificaction/DATASET/SECTION_SURFACE_DATASET/2a/section/MASKS/2aCOD_sup_3207SE_mask.png,0,2a,section,2aCOD_sup_3207SE,2a/section/2aCOD_sup_3207SE.jpg,0,0,0.9155977,0.08440237,3
/home/ikk/renal-calculi-classificaction/DATASET/SECTION_SURFACE_DATASET/4II-4I/surface/4II_5.jpg,/home/ikk/renal-calculi-classificaction/DATASET/SECTION_SURFACE_DATASET/4II-4I/surface/MASKS/4II_5_mask.png,1,4II-4I,surface,4II_5,4II-4I/surface/4II_5.jpg,1,1,0.037544835,0.96245515,3
/home/ikk/renal-calculi-classificaction/DATASET/SECTION_SURFACE_DATASET/4II-4I/surface/4I_1879SE.jpg,/home/ikk/renal-calculi-classificaction/DATASET/SECTION_SURFACE_DATASET/4II-4I/surface/MASKS/4I_1879SE_mask.png,1,4II-4I,surface,4I_1879SE,4II-4I/surface/4I_1879SE.jpg,1,1,0.31618345,0.6838166,3
/home/ikk/renal-calculi-classificaction/DATASET/SECTION_SURFACE_DATASET/4II-4I/surface/4II_2201SE.jpg,/home/ikk/renal-calculi-classificaction/DATASET/SECTION_SURFACE_DATASET/4II-4I/surface/MASKS/4II_2201SE_mask.png,1,4II-4I,surface,4II_2201SE,4II-4I/surface/4II_2201SE.jpg,1,1,0.08695565,0.9130444,3
/home/ikk/renal-calculi-classificaction/DATASET/SECTION_SURFACE_DATASET/4II-4I/section/4II_1920SE.jpg,/home/ikk/renal-calculi-classificaction/DATASET/SECTION_SURFACE_DATASET/4II-4I/section/MASKS/4II_1920SE_mask.png,1,4II-4I,section,4II_1920SE,4II-4I/section/4II_1920SE.jpg,1,1,0.052736387,0.94726366,3
/home/ikk/renal-calculi-classificaction/DATASET/SECTION_SURFACE_DATASET/4II-4I/section/4I_2021SE.jpg,/home/ikk/renal-calculi-classificaction/DATASET/SECTION_SURFACE_DATASET/4II-4I/section/MASKS/4I_2021SE_mask.png,1,4II-4I,section,4I_2021SE,4II-4I/section/4I_2021SE.jpg,1,1,0.4116698,0.58833015,3
/home/ikk/renal-calculi-classificaction/DATASET/SECTION_SURFACE_DATASET/4II-4I/section/4I_3380SE.jpg,/home/ikk/renal-calculi-classificaction/DATASET/SECTION_SURFACE_DATASET/4II-4I/section/MASKS/4I_3380SE_mask.png,1,4II-4I,section,4I_3380SE,4II-4I/section/4I_3380SE.jpg,0,1,0.7630155,0.23698452,3
/home/ikk/renal-calculi-classificaction/DATASET/SECTION_SURFACE_DATASET/4II-4I/section/4II_2213SE.jpg,/home/ikk/renal-calculi-classificaction/DATASET/SECTION_SURFACE_DATASET/4II-4I/section/MASKS/4II_2213SE_mask.png,1,4II-4I,section,4II_2213SE,4II-4I/section/4II_2213SE.jpg,1,1,0.1543081,0.84569186,3
/home/ikk/renal-calculi-classificaction/DATASET/SECTION_SURFACE_DATASET/4II-4I/section/4II_3.jpg,/home/ikk/renal-calculi-classificaction/DATASET/SECTION_SURFACE_DATASET/4II-4I/section/MASKS/4II_3_mask.png,1,4II-4I,section,4II_3,4II-4I/section/4II_3.jpg,0,1,0.8309251,0.16907485,3
/home/ikk/renal-calculi-classificaction/DATASET/SECTION_SURFACE_DATASET/4II-4I/section/4I_2761SE.jpg,/home/ikk/renal-calculi-classificaction/DATASET/SECTION_SURFACE_DATASET/4II-4I/section/MASKS/4I_2761SE_mask.png,1,4II-4I,section,4I_2761SE,4II-4I/section/4I_2761SE.jpg,1,1,0.0149943875,0.98500556,3
/home/ikk/renal-calculi-classificaction/DATASET/SECTION_SURFACE_DATASET/4II-4I/section/4II_3338SE.jpg,/home/ikk/renal-calculi-classificaction/DATASET/SECTION_SURFACE_DATASET/4II-4I/section/MASKS/4II_3338SE_mask.png,1,4II-4I,section,4II_3338SE,4II-4I/section/4II_3338SE.jpg,1,1,0.24950355,0.75049645,3
/home/ikk/renal-calculi-classificaction/DATASET/SECTION_SURFACE_DATASET/1aI/surface/1aI_COD_sup_2088SE.jpg,/home/ikk/renal-calculi-classificaction/DATASET/SECTION_SURFACE_DATASET/1aI/surface/MASKS/1aI_COD_sup_2088SE_mask.png,0,1aI,surface,1aI_COD_sup_2088SE,1aI/surface/1aI_COD_sup_2088SE.jpg,0,0,0.9433741,0.056625903,3
/home/ikk/renal-calculi-classificaction/DATASET/SECTION_SURFACE_DATASET/1aI/surface/1aI_COD_sup_1828SE.jpg,/home/ikk/renal-calculi-classificaction/DATASET/SECTION_SURFACE_DATASET/1aI/surface/MASKS/1aI_COD_sup_1828SE_mask.png,0,1aI,surface,1aI_COD_sup_1828SE,1aI/surface/1aI_COD_sup_1828SE.jpg,0,0,0.95964587,0.040354174,3
/home/ikk/renal-calculi-classificaction/DATASET/SECTION_SURFACE_DATASET/1aI/surface/1aI_2110SE_5_LB.png,/home/ikk/renal-calculi-classificaction/DATASET/SECTION_SURFACE_DATASET/1aI/surface/MASKS/1aI_2110SE_5_LB_mask.png,0,1aI,surface,1aI_2110SE,1aI/surface/1aI_2110SE_5_LB.png,0,0,0.96841186,0.031588167,3
/home/ikk/renal-calculi-classificaction/DATASET/SECTION_SURFACE_DATASET/1aI/surface/1aI_2110SE_1_LB.png,/home/ikk/renal-calculi-classificaction/DATASET/SECTION_SURFACE_DATASET/1aI/surface/MASKS/1aI_2110SE_1_LB_mask.png,0,1aI,surface,1aI_2110SE,1aI/surface/1aI_2110SE_1_LB.png,0,0,0.99313354,0.0068664406,3
/home/ikk/renal-calculi-classificaction/DATASET/SECTION_SURFACE_DATASET/1aI/surface/1aI_2110SE_4_LB.png,/home/ikk/renal-calculi-classificaction/DATASET/SECTION_SURFACE_DATASET/1aI/surface/MASKS/1aI_2110SE_4_LB_mask.png,0,1aI,surface,1aI_2110SE,1aI/surface/1aI_2110SE_4_LB.png,0,0,0.9210476,0.07895241,3
/home/ikk/renal-calculi-classificaction/DATASET/SECTION_SURFACE_DATASET/1aI/surface/1aI_3369SE.jpg,/home/ikk/renal-calculi-classificaction/DATASET/SECTION_SURFACE_DATASET/1aI/surface/MASKS/1aI_3369SE_mask.png,0,1aI,surface,1aI_3369SE,1aI/surface/1aI_3369SE.jpg,1,0,0.3476239,0.6523761,3
/home/ikk/renal-calculi-classificaction/DATASET/SECTION_SURFACE_DATASET/1aI/surface/1aI_2110SE_3_LB.png,/home/ikk/renal-calculi-classificaction/DATASET/SECTION_SURFACE_DATASET/1aI/surface/MASKS/1aI_2110SE_3_LB_mask.png,0,1aI,surface,1aI_2110SE,1aI/surface/1aI_2110SE_3_LB.png,0,0,0.9217819,0.07821806,3
/home/ikk/renal-calculi-classificaction/DATASET/SECTION_SURFACE_DATASET/1aI/surface/1aI_3199SE.jpg,/home/ikk/renal-calculi-classificaction/DATASET/SECTION_SURFACE_DATASET/1aI/surface/MASKS/1aI_3199SE_mask.png,0,1aI,surface,1aI_3199SE,1aI/surface/1aI_3199SE.jpg,0,0,0.7445657,0.25543427,3
/home/ikk/renal-calculi-classificaction/DATASET/SECTION_SURFACE_DATASET/1aI/surface/1aI_2046SE_1.jpg,/home/ikk/renal-calculi-classificaction/DATASET/SECTION_SURFACE_DATASET/1aI/surface/MASKS/1aI_2046SE_1_mask.png,0,1aI,surface,1aI_2046SE,1aI/surface/1aI_2046SE_1.jpg,0,0,0.87587696,0.12412312,3
/home/ikk/renal-calculi-classificaction/DATASET/SECTION_SURFACE_DATASET/1aI/surface/1aI_2110SE_2_LB.png,/home/ikk/renal-calculi-classificaction/DATASET/SECTION_SURFACE_DATASET/1aI/surface/MASKS/1aI_2110SE_2_LB_mask.png,0,1aI,surface,1aI_2110SE,1aI/surface/1aI_2110SE_2_LB.png,0,0,0.9329499,0.067050084,3
/home/ikk/renal-calculi-classificaction/DATASET/SECTION_SURFACE_DATASET/1aI/surface/1aI_1781SE.jpg,/home/ikk/renal-calculi-classificaction/DATASET/SECTION_SURFACE_DATASET/1aI/surface/MASKS/1aI_1781SE_mask.png,0,1aI,surface,1aI_1781SE,1aI/surface/1aI_1781SE.jpg,0,0,0.9142522,0.08574777,3
/home/ikk/renal-calculi-classificaction/DATASET/SECTION_SURFACE_DATASET/1aI/surface/1a_3366SE_1.jpg,/home/ikk/renal-calculi-classificaction/DATASET/SECTION_SURFACE_DATASET/1aI/surface/MASKS/1a_3366SE_1_mask.png,0,1aI,surface,1a_3366SE,1aI/surface/1a_3366SE_1.jpg,0,0,0.7119181,0.2880819,3
/home/ikk/renal-calculi-classificaction/DATASET/SECTION_SURFACE_DATASET/1aI/surface/1aI_1947SE.jpg,/home/ikk/renal-calculi-classificaction/DATASET/SECTION_SURFACE_DATASET/1aI/surface/MASKS/1aI_1947SE_mask.png,0,1aI,surface,1aI_1947SE,1aI/surface/1aI_1947SE.jpg,0,0,0.8562881,0.14371198,3
/home/ikk/renal-calculi-classificaction/DATASET/SECTION_SURFACE_DATASET/1aI/section/1aI_2046SE_3.jpg,/home/ikk/renal-calculi-classificaction/DATASET/SECTION_SURFACE_DATASET/1aI/section/MASKS/1aI_2046SE_3_mask.png,0,1aI,section,1aI_2046SE,1aI/section/1aI_2046SE_3.jpg,0,0,0.9091503,0.09084972,3
/home/ikk/renal-calculi-classificaction/DATASET/SECTION_SURFACE_DATASET/1aI/section/1a_3366SE_2.jpg,/home/ikk/renal-calculi-classificaction/DATASET/SECTION_SURFACE_DATASET/1aI/section/MASKS/1a_3366SE_2_mask.png,0,1aI,section,1a_3366SE,1aI/section/1a_3366SE_2.jpg,0,0,0.7164422,0.28355774,3
/home/ikk/renal-calculi-classificaction/DATASET/SECTION_SURFACE_DATASET/1aI/section/1aI_2110SE_7_LB.png,/home/ikk/renal-calculi-classificaction/DATASET/SECTION_SURFACE_DATASET/1aI/section/MASKS/1aI_2110SE_7_LB_mask.png,0,1aI,section,1aI_2110SE,1aI/section/1aI_2110SE_7_LB.png,0,0,0.91817355,0.081826486,3
/home/ikk/renal-calculi-classificaction/DATASET/SECTION_SURFACE_DATASET/1aI/section/1aI_2110SE_6_LB.png,/home/ikk/renal-calculi-classificaction/DATASET/SECTION_SURFACE_DATASET/1aI/section/MASKS/1aI_2110SE_6_LB_mask.png,0,1aI,section,1aI_2110SE,1aI/section/1aI_2110SE_6_LB.png,0,0,0.85901916,0.14098082,3
/home/ikk/renal-calculi-classificaction/DATASET/SECTION_SURFACE_DATASET/1aI/section/1aI_2046SE_2.jpg,/home/ikk/renal-calculi-classificaction/DATASET/SECTION_SURFACE_DATASET/1aI/section/MASKS/1aI_2046SE_2_mask.png,0,1aI,section,1aI_2046SE,1aI/section/1aI_2046SE_2.jpg,0,0,0.85297453,0.14702547,3
/home/ikk/renal-calculi-classificaction/DATASET/SECTION_SURFACE_DATASET/1aI/section/1aI_2779SE.jpg,/home/ikk/renal-calculi-classificaction/DATASET/SECTION_SURFACE_DATASET/1aI/section/MASKS/1aI_2779SE_mask.png,0,1aI,section,1aI_2779SE,1aI/section/1aI_2779SE.jpg,0,0,0.9844136,0.015586302,3
/home/ikk/renal-calculi-classificaction/DATASET/SECTION_SURFACE_DATASET/1aI/section/1aI_1947SE_2.jpg,/home/ikk/renal-calculi-classificaction/DATASET/SECTION_SURFACE_DATASET/1aI/section/MASKS/1aI_1947SE_2_mask.png,0,1aI,section,1aI_1947SE,1aI/section/1aI_1947SE_2.jpg,0,0,0.9175544,0.082445644,3
/home/ikk/renal-calculi-classificaction/DATASET/SECTION_SURFACE_DATASET/6/surface/6_2430SE.png,/home/ikk/renal-calculi-classificaction/DATASET/SECTION_SURFACE_DATASET/6/surface/MASKS/6_2430SE_mask.png,1,6,surface,6_2430SE,6/surface/6_2430SE.png,1,1,0.013783039,0.986217,4
/home/ikk/renal-calculi-classificaction/DATASET/SECTION_SURFACE_DATASET/6/section/6_2278SE.png,/home/ikk/renal-calculi-classificaction/DATASET/SECTION_SURFACE_DATASET/6/section/MASKS/6_2278SE_mask.png,1,6,section,6_2278SE,6/section/6_2278SE.png,0,1,0.94384134,0.05615862,4
/home/ikk/renal-calculi-classificaction/DATASET/SECTION_SURFACE_DATASET/6/section/6_2548SE.png,/home/ikk/renal-calculi-classificaction/DATASET/SECTION_SURFACE_DATASET/6/section/MASKS/6_2548SE_mask.png,1,6,section,6_2548SE,6/section/6_2548SE.png,1,1,0.04971168,0.9502883,4
/home/ikk/renal-calculi-classificaction/DATASET/SECTION_SURFACE_DATASET/6/section/6_3253SE.jpg,/home/ikk/renal-calculi-classificaction/DATASET/SECTION_SURFACE_DATASET/6/section/MASKS/6_3253SE_mask.png,1,6,section,6_3253SE,6/section/6_3253SE.jpg,1,1,0.009776626,0.99022335,4
/home/ikk/renal-calculi-classificaction/DATASET/SECTION_SURFACE_DATASET/6/section/6_3059SE.png,/home/ikk/renal-calculi-classificaction/DATASET/SECTION_SURFACE_DATASET/6/section/MASKS/6_3059SE_mask.png,1,6,section,6_3059SE,6/section/6_3059SE.png,1,1,0.05518303,0.9448169,4
/home/ikk/renal-calculi-classificaction/DATASET/SECTION_SURFACE_DATASET/8aI - 8aII/surface/8aII_2951SE.jpg,/home/ikk/renal-calculi-classificaction/DATASET/SECTION_SURFACE_DATASET/8aI - 8aII/surface/MASKS/8aII_2951SE_mask.png,1,8aI - 8aII,surface,8aII_2951SE,8aI - 8aII/surface/8aII_2951SE.jpg,1,1,0.062042214,0.9379578,4
/home/ikk/renal-calculi-classificaction/DATASET/SECTION_SURFACE_DATASET/8aI - 8aII/surface/8aII_1930SE.jpg,/home/ikk/renal-calculi-classificaction/DATASET/SECTION_SURFACE_DATASET/8aI - 8aII/surface/MASKS/8aII_1930SE_mask.png,1,8aI - 8aII,surface,8aII_1930SE,8aI - 8aII/surface/8aII_1930SE.jpg,0,1,0.815079,0.18492101,4
/home/ikk/renal-calculi-classificaction/DATASET/SECTION_SURFACE_DATASET/8aI - 8aII/surface/8aII_COM_min_1808SE.jpg,/home/ikk/renal-calculi-classificaction/DATASET/SECTION_SURFACE_DATASET/8aI - 8aII/surface/MASKS/8aII_COM_min_1808SE_mask.png,1,8aI - 8aII,surface,8aII_COM_min_1808SE,8aI - 8aII/surface/8aII_COM_min_1808SE.jpg,1,1,0.37027422,0.6297258,4
/home/ikk/renal-calculi-classificaction/DATASET/SECTION_SURFACE_DATASET/8aI - 8aII/surface/8aII_1936SE_surface.jpg,/home/ikk/renal-calculi-classificaction/DATASET/SECTION_SURFACE_DATASET/8aI - 8aII/surface/MASKS/8aII_1936SE_surface_mask.png,1,8aI - 8aII,surface,8aII_1936SE,8aI - 8aII/surface/8aII_1936SE_surface.jpg,0,1,0.77676696,0.22323307,4
/home/ikk/renal-calculi-classificaction/DATASET/SECTION_SURFACE_DATASET/8aI - 8aII/section/8aII_and_COM_minim_1977SE_2.jpg,/home/ikk/renal-calculi-classificaction/DATASET/SECTION_SURFACE_DATASET/8aI - 8aII/section/MASKS/8aII_and_COM_minim_1977SE_2_mask.png,1,8aI - 8aII,section,8aII_and_COM_minim_1977SE,8aI - 8aII/section/8aII_and_COM_minim_1977SE_2.jpg,1,1,0.47587994,0.5241201,4
/home/ikk/renal-calculi-classificaction/DATASET/SECTION_SURFACE_DATASET/8aI - 8aII/section/8aII_1936SE_section.jpg,/home/ikk/renal-calculi-classificaction/DATASET/SECTION_SURFACE_DATASET/8aI - 8aII/section/MASKS/8aII_1936SE_section_mask.png,1,8aI - 8aII,section,8aII_1936SE,8aI - 8aII/section/8aII_1936SE_section.jpg,1,1,0.3538965,0.6461035,4
/home/ikk/renal-calculi-classificaction/DATASET/SECTION_SURFACE_DATASET/8aI - 8aII/section/8aII_1936SE_2_.jpg,/home/ikk/renal-calculi-classificaction/DATASET/SECTION_SURFACE_DATASET/8aI - 8aII/section/MASKS/8aII_1936SE_2__mask.png,1,8aI - 8aII,section,8aII_1936SE,8aI - 8aII/section/8aII_1936SE_2_.jpg,0,1,0.94781756,0.052182417,4
/home/ikk/renal-calculi-classificaction/DATASET/SECTION_SURFACE_DATASET/8aI - 8aII/section/8aII_1.jpg,/home/ikk/renal-calculi-classificaction/DATASET/SECTION_SURFACE_DATASET/8aI - 8aII/section/MASKS/8aII_1_mask.png,1,8aI - 8aII,section,8aII_1,8aI - 8aII/section/8aII_1.jpg,1,1,0.10652172,0.89347833,4
/home/ikk/renal-calculi-classificaction/DATASET/SECTION_SURFACE_DATASET/8aI - 8aII/section/8aII_and_COM_minim_1977SE_1.jpg,/home/ikk/renal-calculi-classificaction/DATASET/SECTION_SURFACE_DATASET/8aI - 8aII/section/MASKS/8aII_and_COM_minim_1977SE_1_mask.png,1,8aI - 8aII,section,8aII_and_COM_minim_1977SE,8aI - 8aII/section/8aII_and_COM_minim_1977SE_1.jpg,0,1,0.66738933,0.3326107,4
/home/ikk/renal-calculi-classificaction/DATASET/SECTION_SURFACE_DATASET/3aII/surface/3aII_2047SE.jpg,/home/ikk/renal-calculi-classificaction/DATASET/SECTION_SURFACE_DATASET/3aII/surface/MASKS/3aII_2047SE_mask.png,1,3aII,surface,3aII_2047SE,3aII/surface/3aII_2047SE.jpg,1,1,0.29272085,0.70727915,4
/home/ikk/renal-calculi-classificaction/DATASET/SECTION_SURFACE_DATASET/3aII/surface/3aII_3381SE.jpg,/home/ikk/renal-calculi-classificaction/DATASET/SECTION_SURFACE_DATASET/3aII/surface/MASKS/3aII_3381SE_mask.png,1,3aII,surface,3aII_3381SE,3aII/surface/3aII_3381SE.jpg,1,1,0.008597523,0.99140245,4
/home/ikk/renal-calculi-classificaction/DATASET/SECTION_SURFACE_DATASET/3aII/surface/3aII_3044SE.png,/home/ikk/renal-calculi-classificaction/DATASET/SECTION_SURFACE_DATASET/3aII/surface/MASKS/3aII_3044SE_mask.png,1,3aII,surface,3aII_3044SE,3aII/surface/3aII_3044SE.png,1,1,0.13863009,0.86136997,4
/home/ikk/renal-calculi-classificaction/DATASET/SECTION_SURFACE_DATASET/3aII/section/3aII_2654SE.png,/home/ikk/renal-calculi-classificaction/DATASET/SECTION_SURFACE_DATASET/3aII/section/MASKS/3aII_2654SE_mask.png,1,3aII,section,3aII_2654SE,3aII/section/3aII_2654SE.png,0,1,0.5386773,0.4613227,4
/home/ikk/renal-calculi-classificaction/DATASET/SECTION_SURFACE_DATASET/3bII/surface/3bII_2024SE.jpg,/home/ikk/renal-calculi-classificaction/DATASET/SECTION_SURFACE_DATASET/3bII/surface/MASKS/3bII_2024SE_mask.png,1,3bII,surface,3bII_2024SE,3bII/surface/3bII_2024SE.jpg,1,1,0.111495025,0.8885049,4
/home/ikk/renal-calculi-classificaction/DATASET/SECTION_SURFACE_DATASET/3bII/surface/3bII_2663SE.png,/home/ikk/renal-calculi-classificaction/DATASET/SECTION_SURFACE_DATASET/3bII/surface/MASKS/3bII_2663SE_mask.png,1,3bII,surface,3bII_2663SE,3bII/surface/3bII_2663SE.png,1,1,0.18314818,0.81685185,4
/home/ikk/renal-calculi-classificaction/DATASET/SECTION_SURFACE_DATASET/3bII/surface/3bII_2434SE.png,/home/ikk/renal-calculi-classificaction/DATASET/SECTION_SURFACE_DATASET/3bII/surface/MASKS/3bII_2434SE_mask.png,1,3bII,surface,3bII_2434SE,3bII/surface/3bII_2434SE.png,1,1,0.45271292,0.5472871,4
/home/ikk/renal-calculi-classificaction/DATASET/SECTION_SURFACE_DATASET/3bII/surface/3bII_1914SE_2.jpg,/home/ikk/renal-calculi-classificaction/DATASET/SECTION_SURFACE_DATASET/3bII/surface/MASKS/3bII_1914SE_2_mask.png,1,3bII,surface,3bII_1914SE,3bII/surface/3bII_1914SE_2.jpg,1,1,0.054001935,0.94599813,4
/home/ikk/renal-calculi-classificaction/DATASET/SECTION_SURFACE_DATASET/3bII/surface/3bII_1914SE.jpg,/home/ikk/renal-calculi-classificaction/DATASET/SECTION_SURFACE_DATASET/3bII/surface/MASKS/3bII_1914SE_mask.png,1,3bII,surface,3bII_1914SE,3bII/surface/3bII_1914SE.jpg,1,1,0.02560693,0.974393,4
/home/ikk/renal-calculi-classificaction/DATASET/SECTION_SURFACE_DATASET/3bII/section/3bII_2.png,/home/ikk/renal-calculi-classificaction/DATASET/SECTION_SURFACE_DATASET/3bII/section/MASKS/3bII_2_mask.png,1,3bII,section,3bII_2,3bII/section/3bII_2.png,1,1,0.009285574,0.99071443,4
/home/ikk/renal-calculi-classificaction/DATASET/SECTION_SURFACE_DATASET/3bII/section/3bII_3364SE.jpg,/home/ikk/renal-calculi-classificaction/DATASET/SECTION_SURFACE_DATASET/3bII/section/MASKS/3bII_3364SE_mask.png,1,3bII,section,3bII_3364SE,3bII/section/3bII_3364SE.jpg,1,1,0.035175372,0.9648246,4
/home/ikk/renal-calculi-classificaction/DATASET/SECTION_SURFACE_DATASET/3bII/section/3bII_3471SE.png,/home/ikk/renal-calculi-classificaction/DATASET/SECTION_SURFACE_DATASET/3bII/section/MASKS/3bII_3471SE_mask.png,1,3bII,section,3bII_3471SE,3bII/section/3bII_3471SE.png,1,1,0.0065568,0.99344325,4
/home/ikk/renal-calculi-classificaction/DATASET/SECTION_SURFACE_DATASET/3bII/section/3bII_1816SE.jpg,/home/ikk/renal-calculi-classificaction/DATASET/SECTION_SURFACE_DATASET/3bII/section/MASKS/3bII_1816SE_mask.png,1,3bII,section,3bII_1816SE,3bII/section/3bII_1816SE.jpg,1,1,0.077235594,0.9227644,4
/home/ikk/renal-calculi-classificaction/DATASET/SECTION_SURFACE_DATASET/3bII/section/3bII_2187SE.jpg,/home/ikk/renal-calculi-classificaction/DATASET/SECTION_SURFACE_DATASET/3bII/section/MASKS/3bII_2187SE_mask.png,1,3bII,section,3bII_2187SE,3bII/section/3bII_2187SE.jpg,0,1,0.95643353,0.043566503,4
/home/ikk/renal-calculi-classificaction/DATASET/SECTION_SURFACE_DATASET/3bII/section/3bII_5.jpg,/home/ikk/renal-calculi-classificaction/DATASET/SECTION_SURFACE_DATASET/3bII/section/MASKS/3bII_5_mask.png,1,3bII,section,3bII_5,3bII/section/3bII_5.jpg,1,1,0.021093998,0.97890604,4
/home/ikk/renal-calculi-classificaction/DATASET/SECTION_SURFACE_DATASET/3bII/section/3bII_2871SE.jpg,/home/ikk/renal-calculi-classificaction/DATASET/SECTION_SURFACE_DATASET/3bII/section/MASKS/3bII_2871SE_mask.png,1,3bII,section,3bII_2871SE,3bII/section/3bII_2871SE.jpg,1,1,0.27339125,0.72660875,4
/home/ikk/renal-calculi-classificaction/DATASET/SECTION_SURFACE_DATASET/2a/surface/2a_1878SE.jpg,/home/ikk/renal-calculi-classificaction/DATASET/SECTION_SURFACE_DATASET/2a/surface/MASKS/2a_1878SE_mask.png,0,2a,surface,2a_1878SE,2a/surface/2a_1878SE.jpg,0,0,0.50607055,0.49392948,4
/home/ikk/renal-calculi-classificaction/DATASET/SECTION_SURFACE_DATASET/2a/surface/2a_2156SE.jpg,/home/ikk/renal-calculi-classificaction/DATASET/SECTION_SURFACE_DATASET/2a/surface/MASKS/2a_2156SE_mask.png,0,2a,surface,2a_2156SE,2a/surface/2a_2156SE.jpg,0,0,0.92845666,0.07154334,4
/home/ikk/renal-calculi-classificaction/DATASET/SECTION_SURFACE_DATASET/2a/surface/2a_1782SE_surface.jpg,/home/ikk/renal-calculi-classificaction/DATASET/SECTION_SURFACE_DATASET/2a/surface/MASKS/2a_1782SE_surface_mask.png,0,2a,surface,2a_1782SE,2a/surface/2a_1782SE_surface.jpg,0,0,0.5053819,0.49461818,4
/home/ikk/renal-calculi-classificaction/DATASET/SECTION_SURFACE_DATASET/2a/surface/2aCOD_sup_3187SE_1.jpg,/home/ikk/renal-calculi-classificaction/DATASET/SECTION_SURFACE_DATASET/2a/surface/MASKS/2aCOD_sup_3187SE_1_mask.png,0,2a,surface,2aCOD_sup_3187SE,2a/surface/2aCOD_sup_3187SE_1.jpg,0,0,0.97245437,0.027545666,4
/home/ikk/renal-calculi-classificaction/DATASET/SECTION_SURFACE_DATASET/2a/surface/2a_3387SE.jpg,/home/ikk/renal-calculi-classificaction/DATASET/SECTION_SURFACE_DATASET/2a/surface/MASKS/2a_3387SE_mask.png,0,2a,surface,2a_3387SE,2a/surface/2a_3387SE.jpg,0,0,0.5278583,0.4721417,4
/home/ikk/renal-calculi-classificaction/DATASET/SECTION_SURFACE_DATASET/2a/surface/2aCOD_sup_3187SE_2.jpg,/home/ikk/renal-calculi-classificaction/DATASET/SECTION_SURFACE_DATASET/2a/surface/MASKS/2aCOD_sup_3187SE_2_mask.png,0,2a,surface,2aCOD_sup_3187SE,2a/surface/2aCOD_sup_3187SE_2.jpg,0,0,0.98486704,0.015132916,4
/home/ikk/renal-calculi-classificaction/DATASET/SECTION_SURFACE_DATASET/2a/surface/2a_3169SE_1.jpg,/home/ikk/renal-calculi-classificaction/DATASET/SECTION_SURFACE_DATASET/2a/surface/MASKS/2a_3169SE_1_mask.png,0,2a,surface,2a_3169SE,2a/surface/2a_3169SE_1.jpg,1,0,0.30650026,0.69349974,4
/home/ikk/renal-calculi-classificaction/DATASET/SECTION_SURFACE_DATASET/2a/surface/2a_1_surface.jpg,/home/ikk/renal-calculi-classificaction/DATASET/SECTION_SURFACE_DATASET/2a/surface/MASKS/2a_1_surface_mask.png,0,2a,surface,2a_1,2a/surface/2a_1_surface.jpg,0,0,0.8745509,0.12544917,4
/home/ikk/renal-calculi-classificaction/DATASET/SECTION_SURFACE_DATASET/2a/section/2a_3103SE_2.png,/home/ikk/renal-calculi-classificaction/DATASET/SECTION_SURFACE_DATASET/2a/section/MASKS/2a_3103SE_2_mask.png,0,2a,section,2a_3103SE,2a/section/2a_3103SE_2.png,0,0,0.9123836,0.08761646,4
/home/ikk/renal-calculi-classificaction/DATASET/SECTION_SURFACE_DATASET/2a/section/2a_3169SE_2.jpg,/home/ikk/renal-calculi-classificaction/DATASET/SECTION_SURFACE_DATASET/2a/section/MASKS/2a_3169SE_2_mask.png,0,2a,section,2a_3169SE,2a/section/2a_3169SE_2.jpg,0,0,0.87368655,0.12631345,4
/home/ikk/renal-calculi-classificaction/DATASET/SECTION_SURFACE_DATASET/2a/section/2aCOD_sup_3187SE_4.jpg,/home/ikk/renal-calculi-classificaction/DATASET/SECTION_SURFACE_DATASET/2a/section/MASKS/2aCOD_sup_3187SE_4_mask.png,0,2a,section,2aCOD_sup_3187SE,2a/section/2aCOD_sup_3187SE_4.jpg,0,0,0.9720837,0.027916238,4
/home/ikk/renal-calculi-classificaction/DATASET/SECTION_SURFACE_DATASET/2a/section/2a_1_section.jpg,/home/ikk/renal-calculi-classificaction/DATASET/SECTION_SURFACE_DATASET/2a/section/MASKS/2a_1_section_mask.png,0,2a,section,2a_1,2a/section/2a_1_section.jpg,0,0,0.817841,0.18215904,4
/home/ikk/renal-calculi-classificaction/DATASET/SECTION_SURFACE_DATASET/2a/section/2a_2668SE.png,/home/ikk/renal-calculi-classificaction/DATASET/SECTION_SURFACE_DATASET/2a/section/MASKS/2a_2668SE_mask.png,0,2a,section,2a_2668SE,2a/section/2a_2668SE.png,0,0,0.85756725,0.1424328,4
/home/ikk/renal-calculi-classificaction/DATASET/SECTION_SURFACE_DATASET/2a/section/2a_2883SE.jpg,/home/ikk/renal-calculi-classificaction/DATASET/SECTION_SURFACE_DATASET/2a/section/MASKS/2a_2883SE_mask.png,0,2a,section,2a_2883SE,2a/section/2a_2883SE.jpg,0,0,0.7879456,0.21205439,4
/home/ikk/renal-calculi-classificaction/DATASET/SECTION_SURFACE_DATASET/2a/section/2a_1782SE_section.jpg,/home/ikk/renal-calculi-classificaction/DATASET/SECTION_SURFACE_DATASET/2a/section/MASKS/2a_1782SE_section_mask.png,0,2a,section,2a_1782SE,2a/section/2a_1782SE_section.jpg,0,0,0.76169515,0.2383049,4
/home/ikk/renal-calculi-classificaction/DATASET/SECTION_SURFACE_DATASET/2a/section/2a_2077SE.jpg,/home/ikk/renal-calculi-classificaction/DATASET/SECTION_SURFACE_DATASET/2a/section/MASKS/2a_2077SE_mask.png,0,2a,section,2a_2077SE,2a/section/2a_2077SE.jpg,0,0,0.8100313,0.18996872,4
/home/ikk/renal-calculi-classificaction/DATASET/SECTION_SURFACE_DATASET/2a/section/2aCOD_sup_1.jpg,/home/ikk/renal-calculi-classificaction/DATASET/SECTION_SURFACE_DATASET/2a/section/MASKS/2aCOD_sup_1_mask.png,0,2a,section,2aCOD_sup_1,2a/section/2aCOD_sup_1.jpg,0,0,0.7163998,0.2836002,4
/home/ikk/renal-calculi-classificaction/DATASET/SECTION_SURFACE_DATASET/2a/section/2a_2.png,/home/ikk/renal-calculi-classificaction/DATASET/SECTION_SURFACE_DATASET/2a/section/MASKS/2a_2_mask.png,0,2a,section,2a_2,2a/section/2a_2.png,0,0,0.647936,0.35206398,4
/home/ikk/renal-calculi-classificaction/DATASET/SECTION_SURFACE_DATASET/2a/section/2a_HAP_sup_3296SE.jpg,/home/ikk/renal-calculi-classificaction/DATASET/SECTION_SURFACE_DATASET/2a/section/MASKS/2a_HAP_sup_3296SE_mask.png,0,2a,section,2a_HAP_sup_3296SE,2a/section/2a_HAP_sup_3296SE.jpg,0,0,0.88378614,0.11621393,4
/home/ikk/renal-calculi-classificaction/DATASET/SECTION_SURFACE_DATASET/2a/section/2aCOD_sup_3187SE_3.jpg,/home/ikk/renal-calculi-classificaction/DATASET/SECTION_SURFACE_DATASET/2a/section/MASKS/2aCOD_sup_3187SE_3_mask.png,0,2a,section,2aCOD_sup_3187SE,2a/section/2aCOD_sup_3187SE_3.jpg,0,0,0.969549,0.03045095,4
/home/ikk/renal-calculi-classificaction/DATASET/SECTION_SURFACE_DATASET/2a/section/2a_2218SE.jpg,/home/ikk/renal-calculi-classificaction/DATASET/SECTION_SURFACE_DATASET/2a/section/MASKS/2a_2218SE_mask.png,0,2a,section,2a_2218SE,2a/section/2a_2218SE.jpg,0,0,0.62157476,0.3784252,4
/home/ikk/renal-calculi-classificaction/DATASET/SECTION_SURFACE_DATASET/2a/section/2a_2790SE.jpg,/home/ikk/renal-calculi-classificaction/DATASET/SECTION_SURFACE_DATASET/2a/section/MASKS/2a_2790SE_mask.png,0,2a,section,2a_2790SE,2a/section/2a_2790SE.jpg,0,0,0.6592547,0.34074524,4
/home/ikk/renal-calculi-classificaction/DATASET/SECTION_SURFACE_DATASET/2a/section/2a_1878SE_2.jpg,/home/ikk/renal-calculi-classificaction/DATASET/SECTION_SURFACE_DATASET/2a/section/MASKS/2a_1878SE_2_mask.png,0,2a,section,2a_1878SE,2a/section/2a_1878SE_2.jpg,1,0,0.4780358,0.5219642,4
/home/ikk/renal-calculi-classificaction/DATASET/SECTION_SURFACE_DATASET/2a/section/2a_3103SE_1.png,/home/ikk/renal-calculi-classificaction/DATASET/SECTION_SURFACE_DATASET/2a/section/MASKS/2a_3103SE_1_mask.png,0,2a,section,2a_3103SE,2a/section/2a_3103SE_1.png,0,0,0.6259239,0.37407613,4
/home/ikk/renal-calculi-classificaction/DATASET/SECTION_SURFACE_DATASET/2a/section/2a_1938SE.jpg,/home/ikk/renal-calculi-classificaction/DATASET/SECTION_SURFACE_DATASET/2a/section/MASKS/2a_1938SE_mask.png,0,2a,section,2a_1938SE,2a/section/2a_1938SE.jpg,0,0,0.82546437,0.17453563,4
/home/ikk/renal-calculi-classificaction/DATASET/SECTION_SURFACE_DATASET/4II-4I/surface/4I_3179SE.jpg,/home/ikk/renal-calculi-classificaction/DATASET/SECTION_SURFACE_DATASET/4II-4I/surface/MASKS/4I_3179SE_mask.png,1,4II-4I,surface,4I_3179SE,4II-4I/surface/4I_3179SE.jpg,1,1,0.042066816,0.9579331,4
/home/ikk/renal-calculi-classificaction/DATASET/SECTION_SURFACE_DATASET/4II-4I/surface/4II_4.jpg,/home/ikk/renal-calculi-classificaction/DATASET/SECTION_SURFACE_DATASET/4II-4I/surface/MASKS/4II_4_mask.png,1,4II-4I,surface,4II_4,4II-4I/surface/4II_4.jpg,1,1,0.024221914,0.9757781,4
/home/ikk/renal-calculi-classificaction/DATASET/SECTION_SURFACE_DATASET/4II-4I/section/4II_1933SE.jpg,/home/ikk/renal-calculi-classificaction/DATASET/SECTION_SURFACE_DATASET/4II-4I/section/MASKS/4II_1933SE_mask.png,1,4II-4I,section,4II_1933SE,4II-4I/section/4II_1933SE.jpg,1,1,0.031937286,0.9680627,4
/home/ikk/renal-calculi-classificaction/DATASET/SECTION_SURFACE_DATASET/4II-4I/section/4II_9.png,/home/ikk/renal-calculi-classificaction/DATASET/SECTION_SURFACE_DATASET/4II-4I/section/MASKS/4II_9_mask.png,1,4II-4I,section,4II_9,4II-4I/section/4II_9.png,1,1,0.06856127,0.93143874,4
/home/ikk/renal-calculi-classificaction/DATASET/SECTION_SURFACE_DATASET/4II-4I/section/4II_3012SE.jpg,/home/ikk/renal-calculi-classificaction/DATASET/SECTION_SURFACE_DATASET/4II-4I/section/MASKS/4II_3012SE_mask.png,1,4II-4I,section,4II_3012SE,4II-4I/section/4II_3012SE.jpg,1,1,0.021539187,0.97846085,4
/home/ikk/renal-calculi-classificaction/DATASET/SECTION_SURFACE_DATASET/4II-4I/section/4I_COM_3445SE.jpg,/home/ikk/renal-calculi-classificaction/DATASET/SECTION_SURFACE_DATASET/4II-4I/section/MASKS/4I_COM_3445SE_mask.png,1,4II-4I,section,4I_COM_3445SE,4II-4I/section/4I_COM_3445SE.jpg,1,1,0.12053661,0.8794633,4
/home/ikk/renal-calculi-classificaction/DATASET/SECTION_SURFACE_DATASET/4II-4I/section/4I_1931SE.jpg,/home/ikk/renal-calculi-classificaction/DATASET/SECTION_SURFACE_DATASET/4II-4I/section/MASKS/4I_1931SE_mask.png,1,4II-4I,section,4I_1931SE,4II-4I/section/4I_1931SE.jpg,0,1,0.55770063,0.44229937,4
/home/ikk/renal-calculi-classificaction/DATASET/SECTION_SURFACE_DATASET/4II-4I/section/4II_2620SE.png,/home/ikk/renal-calculi-classificaction/DATASET/SECTION_SURFACE_DATASET/4II-4I/section/MASKS/4II_2620SE_mask.png,1,4II-4I,section,4II_2620SE,4II-4I/section/4II_2620SE.png,1,1,0.44099358,0.5590064,4
/home/ikk/renal-calculi-classificaction/DATASET/SECTION_SURFACE_DATASET/4II-4I/section/4II_1933SE_2.jpg,/home/ikk/renal-calculi-classificaction/DATASET/SECTION_SURFACE_DATASET/4II-4I/section/MASKS/4II_1933SE_2_mask.png,1,4II-4I,section,4II_1933SE,4II-4I/section/4II_1933SE_2.jpg,1,1,0.015376037,0.9846239,4
/home/ikk/renal-calculi-classificaction/DATASET/SECTION_SURFACE_DATASET/4II-4I/section/4I_1931SE_2.jpg,/home/ikk/renal-calculi-classificaction/DATASET/SECTION_SURFACE_DATASET/4II-4I/section/MASKS/4I_1931SE_2_mask.png,1,4II-4I,section,4I_1931SE,4II-4I/section/4I_1931SE_2.jpg,1,1,0.29465076,0.70534927,4
/home/ikk/renal-calculi-classificaction/DATASET/SECTION_SURFACE_DATASET/4II-4I/section/4II_3040SE.png,/home/ikk/renal-calculi-classificaction/DATASET/SECTION_SURFACE_DATASET/4II-4I/section/MASKS/4II_3040SE_mask.png,1,4II-4I,section,4II_3040SE,4II-4I/section/4II_3040SE.png,1,1,0.22287269,0.77712727,4
/home/ikk/renal-calculi-classificaction/DATASET/SECTION_SURFACE_DATASET/4II-4I/section/4I_COM_1892SE_2.jpg,/home/ikk/renal-calculi-classificaction/DATASET/SECTION_SURFACE_DATASET/4II-4I/section/MASKS/4I_COM_1892SE_2_mask.png,1,4II-4I,section,4I_COM_1892SE,4II-4I/section/4I_COM_1892SE_2.jpg,0,1,0.7860677,0.21393232,4
/home/ikk/renal-calculi-classificaction/DATASET/SECTION_SURFACE_DATASET/1aI/surface/1aI_2004SE_1.jpg,/home/ikk/renal-calculi-classificaction/DATASET/SECTION_SURFACE_DATASET/1aI/surface/MASKS/1aI_2004SE_1_mask.png,0,1aI,surface,1aI_2004SE,1aI/surface/1aI_2004SE_1.jpg,0,0,0.955644,0.044355955,4
/home/ikk/renal-calculi-classificaction/DATASET/SECTION_SURFACE_DATASET/1aI/surface/1aI_3206SE_1.jpg,/home/ikk/renal-calculi-classificaction/DATASET/SECTION_SURFACE_DATASET/1aI/surface/MASKS/1aI_3206SE_1_mask.png,0,1aI,surface,1aI_3206SE,1aI/surface/1aI_3206SE_1.jpg,0,0,0.9391593,0.06084077,4
/home/ikk/renal-calculi-classificaction/DATASET/SECTION_SURFACE_DATASET/1aI/surface/1aI_2857SE_1.jpg,/home/ikk/renal-calculi-classificaction/DATASET/SECTION_SURFACE_DATASET/1aI/surface/MASKS/1aI_2857SE_1_mask.png,0,1aI,surface,1aI_2857SE,1aI/surface/1aI_2857SE_1.jpg,0,0,0.92848855,0.07151143,4
/home/ikk/renal-calculi-classificaction/DATASET/SECTION_SURFACE_DATASET/1aI/surface/1aI_2781SE.jpg,/home/ikk/renal-calculi-classificaction/DATASET/SECTION_SURFACE_DATASET/1aI/surface/MASKS/1aI_2781SE_mask.png,0,1aI,surface,1aI_2781SE,1aI/surface/1aI_2781SE.jpg,0,0,0.7655802,0.23441982,4
/home/ikk/renal-calculi-classificaction/DATASET/SECTION_SURFACE_DATASET/1aI/surface/1aI_COD_sup_2147SE_2.jpg,/home/ikk/renal-calculi-classificaction/DATASET/SECTION_SURFACE_DATASET/1aI/surface/MASKS/1aI_COD_sup_2147SE_2_mask.png,0,1aI,surface,1aI_COD_sup_2147SE,1aI/surface/1aI_COD_sup_2147SE_2.jpg,0,0,0.9650975,0.034902535,4
/home/ikk/renal-calculi-classificaction/DATASET/SECTION_SURFACE_DATASET/1aI/surface/1aI_2895SE.jpg,/home/ikk/renal-calculi-classificaction/DATASET/SECTION_SURFACE_DATASET/1aI/surface/MASKS/1aI_2895SE_mask.png,0,1aI,surface,1aI_2895SE,1aI/surface/1aI_2895SE.jpg,0,0,0.7720692,0.2279308,4
/home/ikk/renal-calculi-classificaction/DATASET/SECTION_SURFACE_DATASET/1aI/surface/1aI_2138SE_1.jpg,/home/ikk/renal-calculi-classificaction/DATASET/SECTION_SURFACE_DATASET/1aI/surface/MASKS/1aI_2138SE_1_mask.png,0,1aI,surface,1aI_2138SE,1aI/surface/1aI_2138SE_1.jpg,0,0,0.8552705,0.14472947,4
/home/ikk/renal-calculi-classificaction/DATASET/SECTION_SURFACE_DATASET/1aI/surface/1aI_2004SE_2.jpg,/home/ikk/renal-calculi-classificaction/DATASET/SECTION_SURFACE_DATASET/1aI/surface/MASKS/1aI_2004SE_2_mask.png,0,1aI,surface,1aI_2004SE,1aI/surface/1aI_2004SE_2.jpg,0,0,0.9249291,0.07507098,4
/home/ikk/renal-calculi-classificaction/DATASET/SECTION_SURFACE_DATASET/1aI/surface/1aI_COD_sup_1829SE.jpg,/home/ikk/renal-calculi-classificaction/DATASET/SECTION_SURFACE_DATASET/1aI/surface/MASKS/1aI_COD_sup_1829SE_mask.png,0,1aI,surface,1aI_COD_sup_1829SE,1aI/surface/1aI_COD_sup_1829SE.jpg,0,0,0.781433,0.21856707,4
/home/ikk/renal-calculi-classificaction/DATASET/SECTION_SURFACE_DATASET/1aI/surface/1aI_1917SE.jpg,/home/ikk/renal-calculi-classificaction/DATASET/SECTION_SURFACE_DATASET/1aI/surface/MASKS/1aI_1917SE_mask.png,0,1aI,surface,1aI_1917SE,1aI/surface/1aI_1917SE.jpg,0,0,0.9776987,0.02230134,4
/home/ikk/renal-calculi-classificaction/DATASET/SECTION_SURFACE_DATASET/1aI/surface/1aI_1794SE.jpg,/home/ikk/renal-calculi-classificaction/DATASET/SECTION_SURFACE_DATASET/1aI/surface/MASKS/1aI_1794SE_mask.png,0,1aI,surface,1aI_1794SE,1aI/surface/1aI_1794SE.jpg,1,0,0.43194467,0.56805533,4
/home/ikk/renal-calculi-classificaction/DATASET/SECTION_SURFACE_DATASET/1aI/surface/1aI_COD_sup_2147SE_1.jpg,/home/ikk/renal-calculi-classificaction/DATASET/SECTION_SURFACE_DATASET/1aI/surface/MASKS/1aI_COD_sup_2147SE_1_mask.png,0,1aI,surface,1aI_COD_sup_2147SE,1aI/surface/1aI_COD_sup_2147SE_1.jpg,1,0,0.42336965,0.57663035,4
/home/ikk/renal-calculi-classificaction/DATASET/SECTION_SURFACE_DATASET/1aI/section/1aI_2138SE_2.jpg,/home/ikk/renal-calculi-classificaction/DATASET/SECTION_SURFACE_DATASET/1aI/section/MASKS/1aI_2138SE_2_mask.png,0,1aI,section,1aI_2138SE,1aI/section/1aI_2138SE_2.jpg,0,0,0.9373693,0.06263063,4
