image_path,mask_path,label,folder,view,stone_id,pred,true,prob_COM,prob_Otros,fold
/home/ikk/renal-calculi-classificaction/DATASET/SECTION_SURFACE_DATASET/6/surface/6_2023SE_3.jpg,/home/ikk/renal-calculi-classificaction/DATASET/SECTION_SURFACE_DATASET/6/surface/MASKS/6_2023SE_3_mask.png,1,6,surface,6_2023SE,1,1,0.10023959,0.89976037,0
/home/ikk/renal-calculi-classificaction/DATASET/SECTION_SURFACE_DATASET/6/surface/6_3260SE.jpg,/home/ikk/renal-calculi-classificaction/DATASET/SECTION_SURFACE_DATASET/6/surface/MASKS/6_3260SE_mask.png,1,6,surface,6_3260SE,1,1,0.2688226,0.7311774,0
/home/ikk/renal-calculi-classificaction/DATASET/SECTION_SURFACE_DATASET/6/surface/6_2784SE.jpg,/home/ikk/renal-calculi-classificaction/DATASET/SECTION_SURFACE_DATASET/6/surface/MASKS/6_2784SE_mask.png,1,6,surface,6_2784SE,1,1,0.17064112,0.82935894,0
/home/ikk/renal-calculi-classificaction/DATASET/SECTION_SURFACE_DATASET/6/surface/6_2351SE.png,/home/ikk/renal-calculi-classificaction/DATASET/SECTION_SURFACE_DATASET/6/surface/MASKS/6_2351SE_mask.png,1,6,surface,6_2351SE,1,1,0.07096541,0.9290346,0
/home/ikk/renal-calculi-classificaction/DATASET/SECTION_SURFACE_DATASET/6/section/6_2535SE_1.png,/home/ikk/renal-calculi-classificaction/DATASET/SECTION_SURFACE_DATASET/6/section/MASKS/6_2535SE_1_mask.png,1,6,section,6_2535SE,1,1,0.25548744,0.7445126,0
/home/ikk/renal-calculi-classificaction/DATASET/SECTION_SURFACE_DATASET/6/section/6_2535SE_2.png,/home/ikk/renal-calculi-classificaction/DATASET/SECTION_SURFACE_DATASET/6/section/MASKS/6_2535SE_2_mask.png,1,6,section,6_2535SE,1,1,0.041275702,0.95872426,0
/home/ikk/renal-calculi-classificaction/DATASET/SECTION_SURFACE_DATASET/6/section/6_3198SE.jpg,/home/ikk/renal-calculi-classificaction/DATASET/SECTION_SURFACE_DATASET/6/section/MASKS/6_3198SE_mask.png,1,6,section,6_3198SE,1,1,0.25078735,0.7492127,0
/home/ikk/renal-calculi-classificaction/DATASET/SECTION_SURFACE_DATASET/6/section/6_2023SE_1.jpg,/home/ikk/renal-calculi-classificaction/DATASET/SECTION_SURFACE_DATASET/6/section/MASKS/6_2023SE_1_mask.png,1,6,section,6_2023SE,1,1,0.40755376,0.5924462,0
/home/ikk/renal-calculi-classificaction/DATASET/SECTION_SURFACE_DATASET/6/section/6_2023SE_2.jpg,/home/ikk/renal-calculi-classificaction/DATASET/SECTION_SURFACE_DATASET/6/section/MASKS/6_2023SE_2_mask.png,1,6,section,6_2023SE,0,1,0.5257925,0.47420755,0
/home/ikk/renal-calculi-classificaction/DATASET/SECTION_SURFACE_DATASET/8aI - 8aII/surface/8aI_2044SE_1.jpg,/home/ikk/renal-calculi-classificaction/DATASET/SECTION_SURFACE_DATASET/8aI - 8aII/surface/MASKS/8aI_2044SE_1_mask.png,1,8aI - 8aII,surface,8aI_2044SE,0,1,0.5517967,0.44820338,0
/home/ikk/renal-calculi-classificaction/DATASET/SECTION_SURFACE_DATASET/8aI - 8aII/section/8aII_1951SE.jpg,/home/ikk/renal-calculi-classificaction/DATASET/SECTION_SURFACE_DATASET/8aI - 8aII/section/MASKS/8aII_1951SE_mask.png,1,8aI - 8aII,section,8aII_1951SE,1,1,0.14938611,0.8506139,0
/home/ikk/renal-calculi-classificaction/DATASET/SECTION_SURFACE_DATASET/8aI - 8aII/section/8aI_2044SE_2.jpg,/home/ikk/renal-calculi-classificaction/DATASET/SECTION_SURFACE_DATASET/8aI - 8aII/section/MASKS/8aI_2044SE_2_mask.png,1,8aI - 8aII,section,8aI_2044SE,0,1,0.7635334,0.2364666,0
/home/ikk/renal-calculi-classificaction/DATASET/SECTION_SURFACE_DATASET/8aI - 8aII/section/8aII_2279SE.png,/home/ikk/renal-calculi-classificaction/DATASET/SECTION_SURFACE_DATASET/8aI - 8aII/section/MASKS/8aII_2279SE_mask.png,1,8aI - 8aII,section,8aII_2279SE,1,1,0.23933215,0.7606678,0
/home/ikk/renal-calculi-classificaction/DATASET/SECTION_SURFACE_DATASET/8aI - 8aII/section/8aII_3053SE.png,/home/ikk/renal-calculi-classificaction/DATASET/SECTION_SURFACE_DATASET/8aI - 8aII/section/MASKS/8aII_3053SE_mask.png,1,8aI - 8aII,section,8aII_3053SE,1,1,0.24693657,0.7530634,0
/home/ikk/renal-calculi-classificaction/DATASET/SECTION_SURFACE_DATASET/3aII/surface/3aII_1976SE.jpg,/home/ikk/renal-calculi-classificaction/DATASET/SECTION_SURFACE_DATASET/3aII/surface/MASKS/3aII_1976SE_mask.png,1,3aII,surface,3aII_1976SE,1,1,0.12530045,0.87469953,0
/home/ikk/renal-calculi-classificaction/DATASET/SECTION_SURFACE_DATASET/3aII/surface/3aII_2224SE.jpg,/home/ikk/renal-calculi-classificaction/DATASET/SECTION_SURFACE_DATASET/3aII/surface/MASKS/3aII_2224SE_mask.png,1,3aII,surface,3aII_2224SE,1,1,0.10142576,0.8985743,0
/home/ikk/renal-calculi-classificaction/DATASET/SECTION_SURFACE_DATASET/3aII/surface/3aII_1820SE.jpg,/home/ikk/renal-calculi-classificaction/DATASET/SECTION_SURFACE_DATASET/3aII/surface/MASKS/3aII_1820SE_mask.png,1,3aII,surface,3aII_1820SE,1,1,0.08395143,0.9160486,0
/home/ikk/renal-calculi-classificaction/DATASET/SECTION_SURFACE_DATASET/3aII/surface/3aII_2682SE.png,/home/ikk/renal-calculi-classificaction/DATASET/SECTION_SURFACE_DATASET/3aII/surface/MASKS/3aII_2682SE_mask.png,1,3aII,surface,3aII_2682SE,1,1,0.05794455,0.94205546,0
/home/ikk/renal-calculi-classificaction/DATASET/SECTION_SURFACE_DATASET/3bII/surface/3bII_3007SE.jpg,/home/ikk/renal-calculi-classificaction/DATASET/SECTION_SURFACE_DATASET/3bII/surface/MASKS/3bII_3007SE_mask.png,1,3bII,surface,3bII_3007SE,1,1,0.049279694,0.95072025,0
/home/ikk/renal-calculi-classificaction/DATASET/SECTION_SURFACE_DATASET/3bII/surface/3bII_7.png,/home/ikk/renal-calculi-classificaction/DATASET/SECTION_SURFACE_DATASET/3bII/surface/MASKS/3bII_7_mask.png,1,3bII,surface,3bII_7,1,1,0.20946924,0.79053074,0
/home/ikk/renal-calculi-classificaction/DATASET/SECTION_SURFACE_DATASET/3bII/surface/3bII_2258SE.png,/home/ikk/renal-calculi-classificaction/DATASET/SECTION_SURFACE_DATASET/3bII/surface/MASKS/3bII_2258SE_mask.png,1,3bII,surface,3bII_2258SE,1,1,0.3153377,0.6846623,0
/home/ikk/renal-calculi-classificaction/DATASET/SECTION_SURFACE_DATASET/3bII/surface/3bII_2699SE.jpg,/home/ikk/renal-calculi-classificaction/DATASET/SECTION_SURFACE_DATASET/3bII/surface/MASKS/3bII_2699SE_mask.png,1,3bII,surface,3bII_2699SE,1,1,0.4588032,0.5411968,0
/home/ikk/renal-calculi-classificaction/DATASET/SECTION_SURFACE_DATASET/3bII/surface/3bII_1985SE_1.jpg,/home/ikk/renal-calculi-classificaction/DATASET/SECTION_SURFACE_DATASET/3bII/surface/MASKS/3bII_1985SE_1_mask.png,1,3bII,surface,3bII_1985SE,1,1,0.46490029,0.53509974,0
/home/ikk/renal-calculi-classificaction/DATASET/SECTION_SURFACE_DATASET/3bII/section/3bII_2065SE.jpg,/home/ikk/renal-calculi-classificaction/DATASET/SECTION_SURFACE_DATASET/3bII/section/MASKS/3bII_2065SE_mask.png,1,3bII,section,3bII_2065SE,1,1,0.249806,0.750194,0
/home/ikk/renal-calculi-classificaction/DATASET/SECTION_SURFACE_DATASET/3bII/section/3bII_1985SE_2.jpg,/home/ikk/renal-calculi-classificaction/DATASET/SECTION_SURFACE_DATASET/3bII/section/MASKS/3bII_1985SE_2_mask.png,1,3bII,section,3bII_1985SE,1,1,0.32802927,0.6719707,0
/home/ikk/renal-calculi-classificaction/DATASET/SECTION_SURFACE_DATASET/3bII/section/3bII_2451SE.png,/home/ikk/renal-calculi-classificaction/DATASET/SECTION_SURFACE_DATASET/3bII/section/MASKS/3bII_2451SE_mask.png,1,3bII,section,3bII_2451SE,1,1,0.22888355,0.77111644,0
/home/ikk/renal-calculi-classificaction/DATASET/SECTION_SURFACE_DATASET/3bII/section/3bII_1862SE.jpg,/home/ikk/renal-calculi-classificaction/DATASET/SECTION_SURFACE_DATASET/3bII/section/MASKS/3bII_1862SE_mask.png,1,3bII,section,3bII_1862SE,1,1,0.45320696,0.54679304,0
/home/ikk/renal-calculi-classificaction/DATASET/SECTION_SURFACE_DATASET/3bII/section/3bII_1941SE.jpg,/home/ikk/renal-calculi-classificaction/DATASET/SECTION_SURFACE_DATASET/3bII/section/MASKS/3bII_1941SE_mask.png,1,3bII,section,3bII_1941SE,1,1,0.21357012,0.7864298,0
/home/ikk/renal-calculi-classificaction/DATASET/SECTION_SURFACE_DATASET/3bII/section/3bII_111111_inventado.jpg,/home/ikk/renal-calculi-classificaction/DATASET/SECTION_SURFACE_DATASET/3bII/section/MASKS/3bII_111111_inventado_mask.png,1,3bII,section,3bII_111111,0,1,0.6532045,0.34679544,0
/home/ikk/renal-calculi-classificaction/DATASET/SECTION_SURFACE_DATASET/3bII/section/3bII_2759SE.jpg,/home/ikk/renal-calculi-classificaction/DATASET/SECTION_SURFACE_DATASET/3bII/section/MASKS/3bII_2759SE_mask.png,1,3bII,section,3bII_2759SE,1,1,0.18078004,0.81922,0
/home/ikk/renal-calculi-classificaction/DATASET/SECTION_SURFACE_DATASET/3bII/section/3bII_1959SE.jpg,/home/ikk/renal-calculi-classificaction/DATASET/SECTION_SURFACE_DATASET/3bII/section/MASKS/3bII_1959SE_mask.png,1,3bII,section,3bII_1959SE,1,1,0.25485528,0.7451447,0
/home/ikk/renal-calculi-classificaction/DATASET/SECTION_SURFACE_DATASET/2a/surface/2a_1796SE_2.jpg,/home/ikk/renal-calculi-classificaction/DATASET/SECTION_SURFACE_DATASET/2a/surface/MASKS/2a_1796SE_2_mask.png,0,2a,surface,2a_1796SE,0,0,0.6835789,0.31642115,0
/home/ikk/renal-calculi-classificaction/DATASET/SECTION_SURFACE_DATASET/2a/surface/2aCOD_sup_1783SE.jpg,/home/ikk/renal-calculi-classificaction/DATASET/SECTION_SURFACE_DATASET/2a/surface/MASKS/2aCOD_sup_1783SE_mask.png,0,2a,surface,2aCOD_sup_1783SE,0,0,0.53401965,0.46598032,0
/home/ikk/renal-calculi-classificaction/DATASET/SECTION_SURFACE_DATASET/2a/surface/2a_2485SE_1.png,/home/ikk/renal-calculi-classificaction/DATASET/SECTION_SURFACE_DATASET/2a/surface/MASKS/2a_2485SE_1_mask.png,0,2a,surface,2a_2485SE,0,0,0.55260825,0.44739172,0
/home/ikk/renal-calculi-classificaction/DATASET/SECTION_SURFACE_DATASET/2a/surface/2a_2169SE.jpg,/home/ikk/renal-calculi-classificaction/DATASET/SECTION_SURFACE_DATASET/2a/surface/MASKS/2a_2169SE_mask.png,0,2a,surface,2a_2169SE,0,0,0.9217057,0.0782943,0
/home/ikk/renal-calculi-classificaction/DATASET/SECTION_SURFACE_DATASET/2a/surface/2a_3441SE.jpg,/home/ikk/renal-calculi-classificaction/DATASET/SECTION_SURFACE_DATASET/2a/surface/MASKS/2a_3441SE_mask.png,0,2a,surface,2a_3441SE,0,0,0.9705687,0.029431332,0
/home/ikk/renal-calculi-classificaction/DATASET/SECTION_SURFACE_DATASET/2a/surface/2a_2412SE_1.png,/home/ikk/renal-calculi-classificaction/DATASET/SECTION_SURFACE_DATASET/2a/surface/MASKS/2a_2412SE_1_mask.png,0,2a,surface,2a_2412SE,0,0,0.8163064,0.18369356,0
/home/ikk/renal-calculi-classificaction/DATASET/SECTION_SURFACE_DATASET/2a/surface/2a_1942SE.jpg,/home/ikk/renal-calculi-classificaction/DATASET/SECTION_SURFACE_DATASET/2a/surface/MASKS/2a_1942SE_mask.png,0,2a,surface,2a_1942SE,0,0,0.6685514,0.33144858,0
/home/ikk/renal-calculi-classificaction/DATASET/SECTION_SURFACE_DATASET/2a/surface/2a_1796SE.jpg,/home/ikk/renal-calculi-classificaction/DATASET/SECTION_SURFACE_DATASET/2a/surface/MASKS/2a_1796SE_mask.png,0,2a,surface,2a_1796SE,0,0,0.63784534,0.3621547,0
/home/ikk/renal-calculi-classificaction/DATASET/SECTION_SURFACE_DATASET/2a/surface/2a_1918SE.jpg,/home/ikk/renal-calculi-classificaction/DATASET/SECTION_SURFACE_DATASET/2a/surface/MASKS/2a_1918SE_mask.png,0,2a,surface,2a_1918SE,0,0,0.97357327,0.026426706,0
/home/ikk/renal-calculi-classificaction/DATASET/SECTION_SURFACE_DATASET/2a/surface/2a_2087SE.jpg,/home/ikk/renal-calculi-classificaction/DATASET/SECTION_SURFACE_DATASET/2a/surface/MASKS/2a_2087SE_mask.png,0,2a,surface,2a_2087SE,0,0,0.8549389,0.14506103,0
/home/ikk/renal-calculi-classificaction/DATASET/SECTION_SURFACE_DATASET/2a/section/2a_2703SE.jpg,/home/ikk/renal-calculi-classificaction/DATASET/SECTION_SURFACE_DATASET/2a/section/MASKS/2a_2703SE_mask.png,0,2a,section,2a_2703SE,0,0,0.51588786,0.48411214,0
/home/ikk/renal-calculi-classificaction/DATASET/SECTION_SURFACE_DATASET/2a/section/2a_3157SE.png,/home/ikk/renal-calculi-classificaction/DATASET/SECTION_SURFACE_DATASET/2a/section/MASKS/2a_3157SE_mask.png,0,2a,section,2a_3157SE,0,0,0.8655375,0.13446243,0
/home/ikk/renal-calculi-classificaction/DATASET/SECTION_SURFACE_DATASET/2a/section/2a_2869SE.jpg,/home/ikk/renal-calculi-classificaction/DATASET/SECTION_SURFACE_DATASET/2a/section/MASKS/2a_2869SE_mask.png,0,2a,section,2a_2869SE,0,0,0.8864834,0.11351658,0
/home/ikk/renal-calculi-classificaction/DATASET/SECTION_SURFACE_DATASET/2a/section/2a_2412SE_2.png,/home/ikk/renal-calculi-classificaction/DATASET/SECTION_SURFACE_DATASET/2a/section/MASKS/2a_2412SE_2_mask.png,0,2a,section,2a_2412SE,0,0,0.88099575,0.11900426,0
/home/ikk/renal-calculi-classificaction/DATASET/SECTION_SURFACE_DATASET/2a/section/2a_1942SE_2.jpg,/home/ikk/renal-calculi-classificaction/DATASET/SECTION_SURFACE_DATASET/2a/section/MASKS/2a_1942SE_2_mask.png,0,2a,section,2a_1942SE,0,0,0.68931526,0.31068474,0
/home/ikk/renal-calculi-classificaction/DATASET/SECTION_SURFACE_DATASET/2a/section/2a_3345SE.jpg,/home/ikk/renal-calculi-classificaction/DATASET/SECTION_SURFACE_DATASET/2a/section/MASKS/2a_3345SE_mask.png,0,2a,section,2a_3345SE,1,0,0.36922303,0.63077694,0
/home/ikk/renal-calculi-classificaction/DATASET/SECTION_SURFACE_DATASET/2a/section/2a_2485SE_2.png,/home/ikk/renal-calculi-classificaction/DATASET/SECTION_SURFACE_DATASET/2a/section/MASKS/2a_2485SE_2_mask.png,0,2a,section,2a_2485SE,0,0,0.5662208,0.43377915,0
/home/ikk/renal-calculi-classificaction/DATASET/SECTION_SURFACE_DATASET/2a/section/2a_2060SE.jpg,/home/ikk/renal-calculi-classificaction/DATASET/SECTION_SURFACE_DATASET/2a/section/MASKS/2a_2060SE_mask.png,0,2a,section,2a_2060SE,0,0,0.7452457,0.25475425,0
/home/ikk/renal-calculi-classificaction/DATASET/SECTION_SURFACE_DATASET/2a/section/2a_1980SE.jpg,/home/ikk/renal-calculi-classificaction/DATASET/SECTION_SURFACE_DATASET/2a/section/MASKS/2a_1980SE_mask.png,0,2a,section,2a_1980SE,0,0,0.6857085,0.31429154,0
/home/ikk/renal-calculi-classificaction/DATASET/SECTION_SURFACE_DATASET/2a/section/2aCOD_sup_1783SE_2.jpg,/home/ikk/renal-calculi-classificaction/DATASET/SECTION_SURFACE_DATASET/2a/section/MASKS/2aCOD_sup_1783SE_2_mask.png,0,2a,section,2aCOD_sup_1783SE,0,0,0.5967785,0.40322146,0
/home/ikk/renal-calculi-classificaction/DATASET/SECTION_SURFACE_DATASET/4II-4I/surface/4II_1825SE.jpg,/home/ikk/renal-calculi-classificaction/DATASET/SECTION_SURFACE_DATASET/4II-4I/surface/MASKS/4II_1825SE_mask.png,1,4II-4I,surface,4II_1825SE,0,1,0.8615726,0.13842738,0
/home/ikk/renal-calculi-classificaction/DATASET/SECTION_SURFACE_DATASET/4II-4I/surface/4I_111111_inventado.jpg,/home/ikk/renal-calculi-classificaction/DATASET/SECTION_SURFACE_DATASET/4II-4I/surface/MASKS/4I_111111_inventado_mask.png,1,4II-4I,surface,4I_111111,1,1,0.31837183,0.68162817,0
/home/ikk/renal-calculi-classificaction/DATASET/SECTION_SURFACE_DATASET/4II-4I/surface/4II_2.jpg,/home/ikk/renal-calculi-classificaction/DATASET/SECTION_SURFACE_DATASET/4II-4I/surface/MASKS/4II_2_mask.png,1,4II-4I,surface,4II_2,1,1,0.034545958,0.96545404,0
/home/ikk/renal-calculi-classificaction/DATASET/SECTION_SURFACE_DATASET/4II-4I/surface/4I_2157SE.jpg,/home/ikk/renal-calculi-classificaction/DATASET/SECTION_SURFACE_DATASET/4II-4I/surface/MASKS/4I_2157SE_mask.png,1,4II-4I,surface,4I_2157SE,1,1,0.46844798,0.531552,0
/home/ikk/renal-calculi-classificaction/DATASET/SECTION_SURFACE_DATASET/4II-4I/section/4II_1825SE_2.jpg,/home/ikk/renal-calculi-classificaction/DATASET/SECTION_SURFACE_DATASET/4II-4I/section/MASKS/4II_1825SE_2_mask.png,1,4II-4I,section,4II_1825SE,1,1,0.26732013,0.7326799,0
/home/ikk/renal-calculi-classificaction/DATASET/SECTION_SURFACE_DATASET/4II-4I/section/4II_3046SE.png,/home/ikk/renal-calculi-classificaction/DATASET/SECTION_SURFACE_DATASET/4II-4I/section/MASKS/4II_3046SE_mask.png,1,4II-4I,section,4II_3046SE,1,1,0.31769893,0.6823011,0
/home/ikk/renal-calculi-classificaction/DATASET/SECTION_SURFACE_DATASET/4II-4I/section/4II_2995SE.jpg,/home/ikk/renal-calculi-classificaction/DATASET/SECTION_SURFACE_DATASET/4II-4I/section/MASKS/4II_2995SE_mask.png,1,4II-4I,section,4II_2995SE,1,1,0.13329552,0.86670446,0
/home/ikk/renal-calculi-classificaction/DATASET/SECTION_SURFACE_DATASET/4II-4I/section/4II_2659SE.png,/home/ikk/renal-calculi-classificaction/DATASET/SECTION_SURFACE_DATASET/4II-4I/section/MASKS/4II_2659SE_mask.png,1,4II-4I,section,4II_2659SE,1,1,0.19943361,0.8005664,0
/home/ikk/renal-calculi-classificaction/DATASET/SECTION_SURFACE_DATASET/4II-4I/section/4I_COM_1898SE.jpg,/home/ikk/renal-calculi-classificaction/DATASET/SECTION_SURFACE_DATASET/4II-4I/section/MASKS/4I_COM_1898SE_mask.png,1,4II-4I,section,4I_COM_1898SE,0,1,0.54899883,0.4510012,0
/home/ikk/renal-calculi-classificaction/DATASET/SECTION_SURFACE_DATASET/4II-4I/section/4II_6.jpg,/home/ikk/renal-calculi-classificaction/DATASET/SECTION_SURFACE_DATASET/4II-4I/section/MASKS/4II_6_mask.png,1,4II-4I,section,4II_6,1,1,0.13910948,0.86089045,0
/home/ikk/renal-calculi-classificaction/DATASET/SECTION_SURFACE_DATASET/4II-4I/section/4I_3271SE.jpg,/home/ikk/renal-calculi-classificaction/DATASET/SECTION_SURFACE_DATASET/4II-4I/section/MASKS/4I_3271SE_mask.png,1,4II-4I,section,4I_3271SE,1,1,0.22115953,0.7788405,0
/home/ikk/renal-calculi-classificaction/DATASET/SECTION_SURFACE_DATASET/1aI/surface/1aI_COD_sup_1996SE.jpg,/home/ikk/renal-calculi-classificaction/DATASET/SECTION_SURFACE_DATASET/1aI/surface/MASKS/1aI_COD_sup_1996SE_mask.png,0,1aI,surface,1aI_COD_sup_1996SE,0,0,0.9429553,0.05704469,0
/home/ikk/renal-calculi-classificaction/DATASET/SECTION_SURFACE_DATASET/1aI/surface/1aI_1890SE.jpg,/home/ikk/renal-calculi-classificaction/DATASET/SECTION_SURFACE_DATASET/1aI/surface/MASKS/1aI_1890SE_mask.png,0,1aI,surface,1aI_1890SE,0,0,0.6406681,0.35933197,0
/home/ikk/renal-calculi-classificaction/DATASET/SECTION_SURFACE_DATASET/1aI/surface/1aI_1784SE_2.jpg,/home/ikk/renal-calculi-classificaction/DATASET/SECTION_SURFACE_DATASET/1aI/surface/MASKS/1aI_1784SE_2_mask.png,0,1aI,surface,1aI_1784SE,0,0,0.93755275,0.062447254,0
/home/ikk/renal-calculi-classificaction/DATASET/SECTION_SURFACE_DATASET/1aI/surface/1aI_2913SE.jpg,/home/ikk/renal-calculi-classificaction/DATASET/SECTION_SURFACE_DATASET/1aI/surface/MASKS/1aI_2913SE_mask.png,0,1aI,surface,1aI_2913SE,0,0,0.7447497,0.25525028,0
/home/ikk/renal-calculi-classificaction/DATASET/SECTION_SURFACE_DATASET/1aI/surface/1aI_COD_sup_2524SE.png,/home/ikk/renal-calculi-classificaction/DATASET/SECTION_SURFACE_DATASET/1aI/surface/MASKS/1aI_COD_sup_2524SE_mask.png,0,1aI,surface,1aI_COD_sup_2524SE,0,0,0.9448628,0.055137172,0
/home/ikk/renal-calculi-classificaction/DATASET/SECTION_SURFACE_DATASET/1aI/surface/1aI_3292SE_2.jpg,/home/ikk/renal-calculi-classificaction/DATASET/SECTION_SURFACE_DATASET/1aI/surface/MASKS/1aI_3292SE_2_mask.png,0,1aI,surface,1aI_3292SE,0,0,0.62195796,0.37804204,0
/home/ikk/renal-calculi-classificaction/DATASET/SECTION_SURFACE_DATASET/1aI/surface/1aI_3292SE_1.jpg,/home/ikk/renal-calculi-classificaction/DATASET/SECTION_SURFACE_DATASET/1aI/surface/MASKS/1aI_3292SE_1_mask.png,0,1aI,surface,1aI_3292SE,1,0,0.38530546,0.61469454,0
/home/ikk/renal-calculi-classificaction/DATASET/SECTION_SURFACE_DATASET/1aI/surface/1aI_3081SE_2_LB.png,/home/ikk/renal-calculi-classificaction/DATASET/SECTION_SURFACE_DATASET/1aI/surface/MASKS/1aI_3081SE_2_LB_mask.png,0,1aI,surface,1aI_3081SE,0,0,0.9736242,0.026375834,0
/home/ikk/renal-calculi-classificaction/DATASET/SECTION_SURFACE_DATASET/1aI/surface/1aI_1937SE.jpg,/home/ikk/renal-calculi-classificaction/DATASET/SECTION_SURFACE_DATASET/1aI/surface/MASKS/1aI_1937SE_mask.png,0,1aI,surface,1aI_1937SE,0,0,0.8918494,0.10815056,0
/home/ikk/renal-calculi-classificaction/DATASET/SECTION_SURFACE_DATASET/1aI/surface/1aI_2225SE_1.jpg,/home/ikk/renal-calculi-classificaction/DATASET/SECTION_SURFACE_DATASET/1aI/surface/MASKS/1aI_2225SE_1_mask.png,0,1aI,surface,1aI_2225SE,0,0,0.9421826,0.057817377,0
/home/ikk/renal-calculi-classificaction/DATASET/SECTION_SURFACE_DATASET/1aI/surface/1aI_2366SE_1.png,/home/ikk/renal-calculi-classificaction/DATASET/SECTION_SURFACE_DATASET/1aI/surface/MASKS/1aI_2366SE_1_mask.png,0,1aI,surface,1aI_2366SE,0,0,0.958056,0.041944012,0
/home/ikk/renal-calculi-classificaction/DATASET/SECTION_SURFACE_DATASET/1aI/surface/1aI_1797SE.jpg,/home/ikk/renal-calculi-classificaction/DATASET/SECTION_SURFACE_DATASET/1aI/surface/MASKS/1aI_1797SE_mask.png,0,1aI,surface,1aI_1797SE,0,0,0.7330764,0.2669236,0
/home/ikk/renal-calculi-classificaction/DATASET/SECTION_SURFACE_DATASET/1aI/surface/1aI_3081SE_3_LB.png,/home/ikk/renal-calculi-classificaction/DATASET/SECTION_SURFACE_DATASET/1aI/surface/MASKS/1aI_3081SE_3_LB_mask.png,0,1aI,surface,1aI_3081SE,0,0,0.9886247,0.011375279,0
/home/ikk/renal-calculi-classificaction/DATASET/SECTION_SURFACE_DATASET/1aI/surface/1aI_3292SE_3.jpg,/home/ikk/renal-calculi-classificaction/DATASET/SECTION_SURFACE_DATASET/1aI/surface/MASKS/1aI_3292SE_3_mask.png,0,1aI,surface,1aI_3292SE,0,0,0.73326826,0.2667317,0
/home/ikk/renal-calculi-classificaction/DATASET/SECTION_SURFACE_DATASET/1aI/surface/1aI_3081SE_4_LB.png,/home/ikk/renal-calculi-classificaction/DATASET/SECTION_SURFACE_DATASET/1aI/surface/MASKS/1aI_3081SE_4_LB_mask.png,0,1aI,surface,1aI_3081SE,0,0,0.9696023,0.030397711,0
/home/ikk/renal-calculi-classificaction/DATASET/SECTION_SURFACE_DATASET/1aI/surface/1aI_3081SE_5_LB.png,/home/ikk/renal-calculi-classificaction/DATASET/SECTION_SURFACE_DATASET/1aI/surface/MASKS/1aI_3081SE_5_LB_mask.png,0,1aI,surface,1aI_3081SE,0,0,0.9565966,0.043403357,0
/home/ikk/renal-calculi-classificaction/DATASET/SECTION_SURFACE_DATASET/1aI/surface/1aI_1784SE_1.jpg,/home/ikk/renal-calculi-classificaction/DATASET/SECTION_SURFACE_DATASET/1aI/surface/MASKS/1aI_1784SE_1_mask.png,0,1aI,surface,1aI_1784SE,0,0,0.91252434,0.0874757,0
/home/ikk/renal-calculi-classificaction/DATASET/SECTION_SURFACE_DATASET/1aI/surface/1aI_3081SE_1_LB.png,/home/ikk/renal-calculi-classificaction/DATASET/SECTION_SURFACE_DATASET/1aI/surface/MASKS/1aI_3081SE_1_LB_mask.png,0,1aI,surface,1aI_3081SE,0,0,0.97367126,0.026328783,0
/home/ikk/renal-calculi-classificaction/DATASET/SECTION_SURFACE_DATASET/1aI/section/1aI_2014SE.jpg,/home/ikk/renal-calculi-classificaction/DATASET/SECTION_SURFACE_DATASET/1aI/section/MASKS/1aI_2014SE_mask.png,0,1aI,section,1aI_2014SE,0,0,0.70856446,0.29143557,0
/home/ikk/renal-calculi-classificaction/DATASET/SECTION_SURFACE_DATASET/1aI/section/1aI_3081SE_6_LB.png,/home/ikk/renal-calculi-classificaction/DATASET/SECTION_SURFACE_DATASET/1aI/section/MASKS/1aI_3081SE_6_LB_mask.png,0,1aI,section,1aI_3081SE,0,0,0.7819683,0.21803167,0
/home/ikk/renal-calculi-classificaction/DATASET/SECTION_SURFACE_DATASET/1aI/section/1aI_3081SE_8_LB.png,/home/ikk/renal-calculi-classificaction/DATASET/SECTION_SURFACE_DATASET/1aI/section/MASKS/1aI_3081SE_8_LB_mask.png,0,1aI,section,1aI_3081SE,0,0,0.8042549,0.19574513,0
/home/ikk/renal-calculi-classificaction/DATASET/SECTION_SURFACE_DATASET/1aI/section/1aI_3292SE_5.jpg,/home/ikk/renal-calculi-classificaction/DATASET/SECTION_SURFACE_DATASET/1aI/section/MASKS/1aI_3292SE_5_mask.png,0,1aI,section,1aI_3292SE,0,0,0.6551853,0.3448147,0
/home/ikk/renal-calculi-classificaction/DATASET/SECTION_SURFACE_DATASET/1aI/section/1aI_2366SE_3.png,/home/ikk/renal-calculi-classificaction/DATASET/SECTION_SURFACE_DATASET/1aI/section/MASKS/1aI_2366SE_3_mask.png,0,1aI,section,1aI_2366SE,0,0,0.91341543,0.086584575,0
/home/ikk/renal-calculi-classificaction/DATASET/SECTION_SURFACE_DATASET/1aI/section/1aI_2366SE_2.png,/home/ikk/renal-calculi-classificaction/DATASET/SECTION_SURFACE_DATASET/1aI/section/MASKS/1aI_2366SE_2_mask.png,0,1aI,section,1aI_2366SE,0,0,0.817037,0.18296297,0
/home/ikk/renal-calculi-classificaction/DATASET/SECTION_SURFACE_DATASET/1aI/section/1aI_3081SE_7_LB.png,/home/ikk/renal-calculi-classificaction/DATASET/SECTION_SURFACE_DATASET/1aI/section/MASKS/1aI_3081SE_7_LB_mask.png,0,1aI,section,1aI_3081SE,0,0,0.81962323,0.1803767,0
/home/ikk/renal-calculi-classificaction/DATASET/SECTION_SURFACE_DATASET/1aI/section/1aI_1784SE_3.jpg,/home/ikk/renal-calculi-classificaction/DATASET/SECTION_SURFACE_DATASET/1aI/section/MASKS/1aI_1784SE_3_mask.png,0,1aI,section,1aI_1784SE,0,0,0.9331032,0.06689684,0
/home/ikk/renal-calculi-classificaction/DATASET/SECTION_SURFACE_DATASET/1aI/section/1aI_1784SE_4.jpg,/home/ikk/renal-calculi-classificaction/DATASET/SECTION_SURFACE_DATASET/1aI/section/MASKS/1aI_1784SE_4_mask.png,0,1aI,section,1aI_1784SE,0,0,0.7782735,0.22172648,0
/home/ikk/renal-calculi-classificaction/DATASET/SECTION_SURFACE_DATASET/1aI/section/1aI_3292SE_4.jpg,/home/ikk/renal-calculi-classificaction/DATASET/SECTION_SURFACE_DATASET/1aI/section/MASKS/1aI_3292SE_4_mask.png,0,1aI,section,1aI_3292SE,1,0,0.49538642,0.5046136,0
/home/ikk/renal-calculi-classificaction/DATASET/SECTION_SURFACE_DATASET/1aI/section/1aI_2225SE_2.jpg,/home/ikk/renal-calculi-classificaction/DATASET/SECTION_SURFACE_DATASET/1aI/section/MASKS/1aI_2225SE_2_mask.png,0,1aI,section,1aI_2225SE,0,0,0.74965215,0.25034785,0
/home/ikk/renal-calculi-classificaction/DATASET/SECTION_SURFACE_DATASET/6/surface/6_2365SE_1.png,/home/ikk/renal-calculi-classificaction/DATASET/SECTION_SURFACE_DATASET/6/surface/MASKS/6_2365SE_1_mask.png,1,6,surface,6_2365SE,0,1,0.6003206,0.39967948,1
/home/ikk/renal-calculi-classificaction/DATASET/SECTION_SURFACE_DATASET/6/section/6_3001SE.jpg,/home/ikk/renal-calculi-classificaction/DATASET/SECTION_SURFACE_DATASET/6/section/MASKS/6_3001SE_mask.png,1,6,section,6_3001SE,1,1,0.14080012,0.8591999,1
/home/ikk/renal-calculi-classificaction/DATASET/SECTION_SURFACE_DATASET/6/section/6_3265SE.jpg,/home/ikk/renal-calculi-classificaction/DATASET/SECTION_SURFACE_DATASET/6/section/MASKS/6_3265SE_mask.png,1,6,section,6_3265SE,1,1,0.016845232,0.9831548,1
/home/ikk/renal-calculi-classificaction/DATASET/SECTION_SURFACE_DATASET/6/section/6_2061SE.jpg,/home/ikk/renal-calculi-classificaction/DATASET/SECTION_SURFACE_DATASET/6/section/MASKS/6_2061SE_mask.png,1,6,section,6_2061SE,1,1,0.05119141,0.94880855,1
/home/ikk/renal-calculi-classificaction/DATASET/SECTION_SURFACE_DATASET/6/section/6_3186SE_3.jpg,/home/ikk/renal-calculi-classificaction/DATASET/SECTION_SURFACE_DATASET/6/section/MASKS/6_3186SE_3_mask.png,1,6,section,6_3186SE,1,1,0.32071316,0.6792869,1
/home/ikk/renal-calculi-classificaction/DATASET/SECTION_SURFACE_DATASET/6/section/6_3186SE_1.jpg,/home/ikk/renal-calculi-classificaction/DATASET/SECTION_SURFACE_DATASET/6/section/MASKS/6_3186SE_1_mask.png,1,6,section,6_3186SE,1,1,0.22216882,0.77783126,1
/home/ikk/renal-calculi-classificaction/DATASET/SECTION_SURFACE_DATASET/6/section/6_2365SE_2.png,/home/ikk/renal-calculi-classificaction/DATASET/SECTION_SURFACE_DATASET/6/section/MASKS/6_2365SE_2_mask.png,1,6,section,6_2365SE,1,1,0.045997504,0.9540025,1
/home/ikk/renal-calculi-classificaction/DATASET/SECTION_SURFACE_DATASET/6/section/6_3186SE_2.jpg,/home/ikk/renal-calculi-classificaction/DATASET/SECTION_SURFACE_DATASET/6/section/MASKS/6_3186SE_2_mask.png,1,6,section,6_3186SE,1,1,0.103171095,0.89682883,1
/home/ikk/renal-calculi-classificaction/DATASET/SECTION_SURFACE_DATASET/8aI - 8aII/surface/8aII_2163SE.jpg,/home/ikk/renal-calculi-classificaction/DATASET/SECTION_SURFACE_DATASET/8aI - 8aII/surface/MASKS/8aII_2163SE_mask.png,1,8aI - 8aII,surface,8aII_2163SE,0,1,0.671946,0.328054,1
/home/ikk/renal-calculi-classificaction/DATASET/SECTION_SURFACE_DATASET/8aI - 8aII/surface/8aII_2041SE.jpg,/home/ikk/renal-calculi-classificaction/DATASET/SECTION_SURFACE_DATASET/8aI - 8aII/surface/MASKS/8aII_2041SE_mask.png,1,8aI - 8aII,surface,8aII_2041SE,1,1,0.13581437,0.8641856,1
/home/ikk/renal-calculi-classificaction/DATASET/SECTION_SURFACE_DATASET/8aI - 8aII/section/8aII_2520SE.png,/home/ikk/renal-calculi-classificaction/DATASET/SECTION_SURFACE_DATASET/8aI - 8aII/section/MASKS/8aII_2520SE_mask.png,1,8aI - 8aII,section,8aII_2520SE,1,1,0.49920663,0.50079334,1
/home/ikk/renal-calculi-classificaction/DATASET/SECTION_SURFACE_DATASET/8aI - 8aII/section/8aII_3102SE.png,/home/ikk/renal-calculi-classificaction/DATASET/SECTION_SURFACE_DATASET/8aI - 8aII/section/MASKS/8aII_3102SE_mask.png,1,8aI - 8aII,section,8aII_3102SE,0,1,0.61765903,0.3823409,1
/home/ikk/renal-calculi-classificaction/DATASET/SECTION_SURFACE_DATASET/8aI - 8aII/section/8aII_3332SE.jpg,/home/ikk/renal-calculi-classificaction/DATASET/SECTION_SURFACE_DATASET/8aI - 8aII/section/MASKS/8aII_3332SE_mask.png,1,8aI - 8aII,section,8aII_3332SE,1,1,0.1417595,0.85824054,1
/home/ikk/renal-calculi-classificaction/DATASET/SECTION_SURFACE_DATASET/3aII/surface/3aII_3049SE.png,/home/ikk/renal-calculi-classificaction/DATASET/SECTION_SURFACE_DATASET/3aII/surface/MASKS/3aII_3049SE_mask.png,1,3aII,surface,3aII_3049SE,1,1,0.033143338,0.96685666,1
/home/ikk/renal-calculi-classificaction/DATASET/SECTION_SURFACE_DATASET/3aII/surface/3aII_1969SE_2.jpg,/home/ikk/renal-calculi-classificaction/DATASET/SECTION_SURFACE_DATASET/3aII/surface/MASKS/3aII_1969SE_2_mask.png,1,3aII,surface,3aII_1969SE,1,1,0.015706776,0.9842933,1
/home/ikk/renal-calculi-classificaction/DATASET/SECTION_SURFACE_DATASET/3aII/surface/3aII_1913SE.jpg,/home/ikk/renal-calculi-classificaction/DATASET/SECTION_SURFACE_DATASET/3aII/surface/MASKS/3aII_1913SE_mask.png,1,3aII,surface,3aII_1913SE,1,1,0.15198544,0.8480146,1
/home/ikk/renal-calculi-classificaction/DATASET/SECTION_SURFACE_DATASET/3aII/surface/3aII_2354SE.png,/home/ikk/renal-calculi-classificaction/DATASET/SECTION_SURFACE_DATASET/3aII/surface/MASKS/3aII_2354SE_mask.png,1,3aII,surface,3aII_2354SE,1,1,0.054055493,0.9459444,1
/home/ikk/renal-calculi-classificaction/DATASET/SECTION_SURFACE_DATASET/3aII/surface/3aII_1969SE_1.jpg,/home/ikk/renal-calculi-classificaction/DATASET/SECTION_SURFACE_DATASET/3aII/surface/MASKS/3aII_1969SE_1_mask.png,1,3aII,surface,3aII_1969SE,1,1,0.13106401,0.868936,1
/home/ikk/renal-calculi-classificaction/DATASET/SECTION_SURFACE_DATASET/3bII/surface/3bII_1863SE.jpg,/home/ikk/renal-calculi-classificaction/DATASET/SECTION_SURFACE_DATASET/3bII/surface/MASKS/3bII_1863SE_mask.png,1,3bII,surface,3bII_1863SE,1,1,0.45245928,0.5475408,1
/home/ikk/renal-calculi-classificaction/DATASET/SECTION_SURFACE_DATASET/3bII/surface/3bII_1995SE.jpg,/home/ikk/renal-calculi-classificaction/DATASET/SECTION_SURFACE_DATASET/3bII/surface/MASKS/3bII_1995SE_mask.png,1,3bII,surface,3bII_1995SE,1,1,0.043566473,0.95643353,1
/home/ikk/renal-calculi-classificaction/DATASET/SECTION_SURFACE_DATASET/3bII/surface/3bII_2251SE.png,/home/ikk/renal-calculi-classificaction/DATASET/SECTION_SURFACE_DATASET/3bII/surface/MASKS/3bII_2251SE_mask.png,1,3bII,surface,3bII_2251SE,1,1,0.16366877,0.83633125,1
/home/ikk/renal-calculi-classificaction/DATASET/SECTION_SURFACE_DATASET/3bII/surface/3bII_2584SE.png,/home/ikk/renal-calculi-classificaction/DATASET/SECTION_SURFACE_DATASET/3bII/surface/MASKS/3bII_2584SE_mask.png,1,3bII,surface,3bII_2584SE,1,1,0.10928017,0.89071983,1
/home/ikk/renal-calculi-classificaction/DATASET/SECTION_SURFACE_DATASET/3bII/section/3bII_3069SE.png,/home/ikk/renal-calculi-classificaction/DATASET/SECTION_SURFACE_DATASET/3bII/section/MASKS/3bII_3069SE_mask.png,1,3bII,section,3bII_3069SE,1,1,0.3814934,0.6185066,1
/home/ikk/renal-calculi-classificaction/DATASET/SECTION_SURFACE_DATASET/3bII/section/3bII_MO_1868SE.jpg,/home/ikk/renal-calculi-classificaction/DATASET/SECTION_SURFACE_DATASET/3bII/section/MASKS/3bII_MO_1868SE_mask.png,1,3bII,section,3bII_MO_1868SE,1,1,0.0050928215,0.9949072,1
/home/ikk/renal-calculi-classificaction/DATASET/SECTION_SURFACE_DATASET/3bII/section/3bII_2450SE.png,/home/ikk/renal-calculi-classificaction/DATASET/SECTION_SURFACE_DATASET/3bII/section/MASKS/3bII_2450SE_mask.png,1,3bII,section,3bII_2450SE,0,1,0.5826832,0.41731676,1
/home/ikk/renal-calculi-classificaction/DATASET/SECTION_SURFACE_DATASET/3bII/section/3bII_1804SE.jpg,/home/ikk/renal-calculi-classificaction/DATASET/SECTION_SURFACE_DATASET/3bII/section/MASKS/3bII_1804SE_mask.png,1,3bII,section,3bII_1804SE,0,1,0.71815294,0.28184706,1
/home/ikk/renal-calculi-classificaction/DATASET/SECTION_SURFACE_DATASET/3bII/section/3bII_6.jpg,/home/ikk/renal-calculi-classificaction/DATASET/SECTION_SURFACE_DATASET/3bII/section/MASKS/3bII_6_mask.png,1,3bII,section,3bII_6,1,1,0.004910058,0.9950899,1
/home/ikk/renal-calculi-classificaction/DATASET/SECTION_SURFACE_DATASET/3bII/section/3bII_2850SE.jpg,/home/ikk/renal-calculi-classificaction/DATASET/SECTION_SURFACE_DATASET/3bII/section/MASKS/3bII_2850SE_mask.png,1,3bII,section,3bII_2850SE,1,1,0.044820264,0.9551797,1
/home/ikk/renal-calculi-classificaction/DATASET/SECTION_SURFACE_DATASET/3bII/section/3bII_3.jpg,/home/ikk/renal-calculi-classificaction/DATASET/SECTION_SURFACE_DATASET/3bII/section/MASKS/3bII_3_mask.png,1,3bII,section,3bII_3,1,1,0.005481146,0.9945188,1
/home/ikk/renal-calculi-classificaction/DATASET/SECTION_SURFACE_DATASET/3bII/section/3bII_1961SE.jpg,/home/ikk/renal-calculi-classificaction/DATASET/SECTION_SURFACE_DATASET/3bII/section/MASKS/3bII_1961SE_mask.png,1,3bII,section,3bII_1961SE,1,1,0.28019813,0.71980184,1
/home/ikk/renal-calculi-classificaction/DATASET/SECTION_SURFACE_DATASET/3bII/section/3bII_2043SE_2.jpg,/home/ikk/renal-calculi-classificaction/DATASET/SECTION_SURFACE_DATASET/3bII/section/MASKS/3bII_2043SE_2_mask.png,1,3bII,section,3bII_2043SE,1,1,0.14092667,0.85907334,1
/home/ikk/renal-calculi-classificaction/DATASET/SECTION_SURFACE_DATASET/2a/surface/2a_3500SE_1.png,/home/ikk/renal-calculi-classificaction/DATASET/SECTION_SURFACE_DATASET/2a/surface/MASKS/2a_3500SE_1_mask.png,0,2a,surface,2a_3500SE,0,0,0.9859272,0.014072802,1
/home/ikk/renal-calculi-classificaction/DATASET/SECTION_SURFACE_DATASET/2a/surface/2a_2145SE.jpg,/home/ikk/renal-calculi-classificaction/DATASET/SECTION_SURFACE_DATASET/2a/surface/MASKS/2a_2145SE_mask.png,0,2a,surface,2a_2145SE,0,0,0.96402043,0.035979588,1
/home/ikk/renal-calculi-classificaction/DATASET/SECTION_SURFACE_DATASET/2a/surface/2a_1939SE.jpg,/home/ikk/renal-calculi-classificaction/DATASET/SECTION_SURFACE_DATASET/2a/surface/MASKS/2a_1939SE_mask.png,0,2a,surface,2a_1939SE,0,0,0.7494096,0.25059035,1
/home/ikk/renal-calculi-classificaction/DATASET/SECTION_SURFACE_DATASET/2a/surface/2aCOD_sup_2247SE.jpg,/home/ikk/renal-calculi-classificaction/DATASET/SECTION_SURFACE_DATASET/2a/surface/MASKS/2aCOD_sup_2247SE_mask.png,0,2a,surface,2aCOD_sup_2247SE,0,0,0.9873361,0.0126638645,1
/home/ikk/renal-calculi-classificaction/DATASET/SECTION_SURFACE_DATASET/2a/surface/2a_3346SE_surface.jpg,/home/ikk/renal-calculi-classificaction/DATASET/SECTION_SURFACE_DATASET/2a/surface/MASKS/2a_3346SE_surface_mask.png,0,2a,surface,2a_3346SE,0,0,0.5584287,0.44157127,1
/home/ikk/renal-calculi-classificaction/DATASET/SECTION_SURFACE_DATASET/2a/surface/2a_3351SE_1._Imagen_general.jpg,/home/ikk/renal-calculi-classificaction/DATASET/SECTION_SURFACE_DATASET/2a/surface/MASKS/2a_3351SE_1._Imagen_general_mask.png,0,2a,surface,2a_3351SE,1,0,0.32785404,0.67214596,1
/home/ikk/renal-calculi-classificaction/DATASET/SECTION_SURFACE_DATASET/2a/surface/2a_1787SE.jpg,/home/ikk/renal-calculi-classificaction/DATASET/SECTION_SURFACE_DATASET/2a/surface/MASKS/2a_1787SE_mask.png,0,2a,surface,2a_1787SE,0,0,0.91872746,0.08127257,1
/home/ikk/renal-calculi-classificaction/DATASET/SECTION_SURFACE_DATASET/2a/surface/2a_2015SE.jpg,/home/ikk/renal-calculi-classificaction/DATASET/SECTION_SURFACE_DATASET/2a/surface/MASKS/2a_2015SE_mask.png,0,2a,surface,2a_2015SE,0,0,0.94082224,0.059177745,1
/home/ikk/renal-calculi-classificaction/DATASET/SECTION_SURFACE_DATASET/2a/section/2a_2133SE.jpg,/home/ikk/renal-calculi-classificaction/DATASET/SECTION_SURFACE_DATASET/2a/section/MASKS/2a_2133SE_mask.png,0,2a,section,2a_2133SE,0,0,0.8472646,0.15273541,1
/home/ikk/renal-calculi-classificaction/DATASET/SECTION_SURFACE_DATASET/2a/section/2a_3346SE_section.jpg,/home/ikk/renal-calculi-classificaction/DATASET/SECTION_SURFACE_DATASET/2a/section/MASKS/2a_3346SE_section_mask.png,0,2a,section,2a_3346SE,1,0,0.4904966,0.50950336,1
/home/ikk/renal-calculi-classificaction/DATASET/SECTION_SURFACE_DATASET/2a/section/2a_3500SE_2.png,/home/ikk/renal-calculi-classificaction/DATASET/SECTION_SURFACE_DATASET/2a/section/MASKS/2a_3500SE_2_mask.png,0,2a,section,2a_3500SE,0,0,0.89626074,0.10373923,1
/home/ikk/renal-calculi-classificaction/DATASET/SECTION_SURFACE_DATASET/2a/section/2a_3351SE_3._Seccion_2.jpg,/home/ikk/renal-calculi-classificaction/DATASET/SECTION_SURFACE_DATASET/2a/section/MASKS/2a_3351SE_3._Seccion_2_mask.png,0,2a,section,2a_3351SE,0,0,0.64034116,0.35965884,1
/home/ikk/renal-calculi-classificaction/DATASET/SECTION_SURFACE_DATASET/2a/section/2a_1939SE_3.jpg,/home/ikk/renal-calculi-classificaction/DATASET/SECTION_SURFACE_DATASET/2a/section/MASKS/2a_1939SE_3_mask.png,0,2a,section,2a_1939SE,1,0,0.4643515,0.5356485,1
/home/ikk/renal-calculi-classificaction/DATASET/SECTION_SURFACE_DATASET/2a/section/2a_3266SE.jpg,/home/ikk/renal-calculi-classificaction/DATASET/SECTION_SURFACE_DATASET/2a/section/MASKS/2a_3266SE_mask.png,0,2a,section,2a_3266SE,0,0,0.9158149,0.08418513,1
/home/ikk/renal-calculi-classificaction/DATASET/SECTION_SURFACE_DATASET/2a/section/2a_2327SE.png,/home/ikk/renal-calculi-classificaction/DATASET/SECTION_SURFACE_DATASET/2a/section/MASKS/2a_2327SE_mask.png,0,2a,section,2a_2327SE,0,0,0.7433943,0.25660565,1
/home/ikk/renal-calculi-classificaction/DATASET/SECTION_SURFACE_DATASET/2a/section/2a_1960SE.jpg,/home/ikk/renal-calculi-classificaction/DATASET/SECTION_SURFACE_DATASET/2a/section/MASKS/2a_1960SE_mask.png,0,2a,section,2a_1960SE,0,0,0.7453614,0.25463858,1
/home/ikk/renal-calculi-classificaction/DATASET/SECTION_SURFACE_DATASET/2a/section/2a_3351SE_2._Seccion_1.jpg,/home/ikk/renal-calculi-classificaction/DATASET/SECTION_SURFACE_DATASET/2a/section/MASKS/2a_3351SE_2._Seccion_1_mask.png,0,2a,section,2a_3351SE,1,0,0.25254217,0.7474578,1
/home/ikk/renal-calculi-classificaction/DATASET/SECTION_SURFACE_DATASET/2a/section/2a_2708SE.jpg,/home/ikk/renal-calculi-classificaction/DATASET/SECTION_SURFACE_DATASET/2a/section/MASKS/2a_2708SE_mask.png,0,2a,section,2a_2708SE,1,0,0.106501445,0.8934986,1
/home/ikk/renal-calculi-classificaction/DATASET/SECTION_SURFACE_DATASET/2a/section/2a_2513SE.png,/home/ikk/renal-calculi-classificaction/DATASET/SECTION_SURFACE_DATASET/2a/section/MASKS/2a_2513SE_mask.png,0,2a,section,2a_2513SE,0,0,0.50115585,0.4988442,1
/home/ikk/renal-calculi-classificaction/DATASET/SECTION_SURFACE_DATASET/2a/section/2a_2872SE.jpg,/home/ikk/renal-calculi-classificaction/DATASET/SECTION_SURFACE_DATASET/2a/section/MASKS/2a_2872SE_mask.png,0,2a,section,2a_2872SE,0,0,0.9054485,0.09455157,1
/home/ikk/renal-calculi-classificaction/DATASET/SECTION_SURFACE_DATASET/2a/section/2a_1939SE_2.jpg,/home/ikk/renal-calculi-classificaction/DATASET/SECTION_SURFACE_DATASET/2a/section/MASKS/2a_1939SE_2_mask.png,0,2a,section,2a_1939SE,0,0,0.93501085,0.06498913,1
/home/ikk/renal-calculi-classificaction/DATASET/SECTION_SURFACE_DATASET/4II-4I/surface/4I_1853SE.jpg,/home/ikk/renal-calculi-classificaction/DATASET/SECTION_SURFACE_DATASET/4II-4I/surface/MASKS/4I_1853SE_mask.png,1,4II-4I,surface,4I_1853SE,1,1,0.15496983,0.8450302,1
/home/ikk/renal-calculi-classificaction/DATASET/SECTION_SURFACE_DATASET/4II-4I/surface/4II_1906SE.jpg,/home/ikk/renal-calculi-classificaction/DATASET/SECTION_SURFACE_DATASET/4II-4I/surface/MASKS/4II_1906SE_mask.png,1,4II-4I,surface,4II_1906SE,1,1,0.3444279,0.6555721,1
/home/ikk/renal-calculi-classificaction/DATASET/SECTION_SURFACE_DATASET/4II-4I/surface/4II_1906SE_2.jpg,/home/ikk/renal-calculi-classificaction/DATASET/SECTION_SURFACE_DATASET/4II-4I/surface/MASKS/4II_1906SE_2_mask.png,1,4II-4I,surface,4II_1906SE,1,1,0.4435181,0.55648196,1
/home/ikk/renal-calculi-classificaction/DATASET/SECTION_SURFACE_DATASET/4II-4I/surface/4II_2026SE.jpg,/home/ikk/renal-calculi-classificaction/DATASET/SECTION_SURFACE_DATASET/4II-4I/surface/MASKS/4II_2026SE_mask.png,1,4II-4I,surface,4II_2026SE,1,1,0.3003536,0.6996464,1
/home/ikk/renal-calculi-classificaction/DATASET/SECTION_SURFACE_DATASET/4II-4I/surface/4I_3506SE.png,/home/ikk/renal-calculi-classificaction/DATASET/SECTION_SURFACE_DATASET/4II-4I/surface/MASKS/4I_3506SE_mask.png,1,4II-4I,surface,4I_3506SE,1,1,0.33679798,0.66320205,1
/home/ikk/renal-calculi-classificaction/DATASET/SECTION_SURFACE_DATASET/4II-4I/section/4I_1853SE_2.jpg,/home/ikk/renal-calculi-classificaction/DATASET/SECTION_SURFACE_DATASET/4II-4I/section/MASKS/4I_1853SE_2_mask.png,1,4II-4I,section,4I_1853SE,1,1,0.47477728,0.5252227,1
/home/ikk/renal-calculi-classificaction/DATASET/SECTION_SURFACE_DATASET/4II-4I/section/4II_7.jpg,/home/ikk/renal-calculi-classificaction/DATASET/SECTION_SURFACE_DATASET/4II-4I/section/MASKS/4II_7_mask.png,1,4II-4I,section,4II_7,1,1,0.026977727,0.9730223,1
/home/ikk/renal-calculi-classificaction/DATASET/SECTION_SURFACE_DATASET/4II-4I/section/4I_COM_2150SE.jpg,/home/ikk/renal-calculi-classificaction/DATASET/SECTION_SURFACE_DATASET/4II-4I/section/MASKS/4I_COM_2150SE_mask.png,1,4II-4I,section,4I_COM_2150SE,1,1,0.07405898,0.925941,1
/home/ikk/renal-calculi-classificaction/DATASET/SECTION_SURFACE_DATASET/4II-4I/section/4I_2753SE.jpg,/home/ikk/renal-calculi-classificaction/DATASET/SECTION_SURFACE_DATASET/4II-4I/section/MASKS/4I_2753SE_mask.png,1,4II-4I,section,4I_2753SE,1,1,0.050385762,0.9496142,1
/home/ikk/renal-calculi-classificaction/DATASET/SECTION_SURFACE_DATASET/4II-4I/section/4II_3132SE.png,/home/ikk/renal-calculi-classificaction/DATASET/SECTION_SURFACE_DATASET/4II-4I/section/MASKS/4II_3132SE_mask.png,1,4II-4I,section,4II_3132SE,1,1,0.034327522,0.96567255,1
/home/ikk/renal-calculi-classificaction/DATASET/SECTION_SURFACE_DATASET/4II-4I/section/4II_2705SE.jpg,/home/ikk/renal-calculi-classificaction/DATASET/SECTION_SURFACE_DATASET/4II-4I/section/MASKS/4II_2705SE_mask.png,1,4II-4I,section,4II_2705SE,1,1,0.34612116,0.65387887,1
/home/ikk/renal-calculi-classificaction/DATASET/SECTION_SURFACE_DATASET/1aI/surface/1aI_2109SE.jpg,/home/ikk/renal-calculi-classificaction/DATASET/SECTION_SURFACE_DATASET/1aI/surface/MASKS/1aI_2109SE_mask.png,0,1aI,surface,1aI_2109SE,0,0,0.94487077,0.05512925,1
/home/ikk/renal-calculi-classificaction/DATASET/SECTION_SURFACE_DATASET/1aI/surface/1aI_3111SE.png,/home/ikk/renal-calculi-classificaction/DATASET/SECTION_SURFACE_DATASET/1aI/surface/MASKS/1aI_3111SE_mask.png,0,1aI,surface,1aI_3111SE,0,0,0.9569276,0.04307241,1
/home/ikk/renal-calculi-classificaction/DATASET/SECTION_SURFACE_DATASET/1aI/surface/1aI_1986SE.jpg,/home/ikk/renal-calculi-classificaction/DATASET/SECTION_SURFACE_DATASET/1aI/surface/MASKS/1aI_1986SE_mask.png,0,1aI,surface,1aI_1986SE,0,0,0.9288036,0.071196355,1
/home/ikk/renal-calculi-classificaction/DATASET/SECTION_SURFACE_DATASET/1aI/surface/1aI_COD_sup_1928SE.jpg,/home/ikk/renal-calculi-classificaction/DATASET/SECTION_SURFACE_DATASET/1aI/surface/MASKS/1aI_COD_sup_1928SE_mask.png,0,1aI,surface,1aI_COD_sup_1928SE,0,0,0.67494816,0.32505187,1
/home/ikk/renal-calculi-classificaction/DATASET/SECTION_SURFACE_DATASET/1aI/surface/1aI_COD_sup_2111SE_1.jpg,/home/ikk/renal-calculi-classificaction/DATASET/SECTION_SURFACE_DATASET/1aI/surface/MASKS/1aI_COD_sup_2111SE_1_mask.png,0,1aI,surface,1aI_COD_sup_2111SE,0,0,0.9286198,0.071380205,1
/home/ikk/renal-calculi-classificaction/DATASET/SECTION_SURFACE_DATASET/1aI/surface/1aI_COD_sup_1928SE_2.jpg,/home/ikk/renal-calculi-classificaction/DATASET/SECTION_SURFACE_DATASET/1aI/surface/MASKS/1aI_COD_sup_1928SE_2_mask.png,0,1aI,surface,1aI_COD_sup_1928SE,0,0,0.8164185,0.18358149,1
/home/ikk/renal-calculi-classificaction/DATASET/SECTION_SURFACE_DATASET/1aI/surface/1aI_1777SE.jpg,/home/ikk/renal-calculi-classificaction/DATASET/SECTION_SURFACE_DATASET/1aI/surface/MASKS/1aI_1777SE_mask.png,0,1aI,surface,1aI_1777SE,0,0,0.8780906,0.121909335,1
/home/ikk/renal-calculi-classificaction/DATASET/SECTION_SURFACE_DATASET/1aI/surface/1aI_COD_sup_1929SE.jpg,/home/ikk/renal-calculi-classificaction/DATASET/SECTION_SURFACE_DATASET/1aI/surface/MASKS/1aI_COD_sup_1929SE_mask.png,0,1aI,surface,1aI_COD_sup_1929SE,0,0,0.9745194,0.025480643,1
/home/ikk/renal-calculi-classificaction/DATASET/SECTION_SURFACE_DATASET/1aI/surface/1aI_2798SE.jpg,/home/ikk/renal-calculi-classificaction/DATASET/SECTION_SURFACE_DATASET/1aI/surface/MASKS/1aI_2798SE_mask.png,0,1aI,surface,1aI_2798SE,1,0,0.1495835,0.85041654,1
/home/ikk/renal-calculi-classificaction/DATASET/SECTION_SURFACE_DATASET/1aI/section/1aI_COD_sup_2111SE_2.jpg,/home/ikk/renal-calculi-classificaction/DATASET/SECTION_SURFACE_DATASET/1aI/section/MASKS/1aI_COD_sup_2111SE_2_mask.png,0,1aI,section,1aI_COD_sup_2111SE,0,0,0.7637805,0.23621951,1
/home/ikk/renal-calculi-classificaction/DATASET/SECTION_SURFACE_DATASET/1aI/section/1aI_2408SE_1.png,/home/ikk/renal-calculi-classificaction/DATASET/SECTION_SURFACE_DATASET/1aI/section/MASKS/1aI_2408SE_1_mask.png,0,1aI,section,1aI_2408SE,0,0,0.73419267,0.26580733,1
/home/ikk/renal-calculi-classificaction/DATASET/SECTION_SURFACE_DATASET/1aI/section/1aI_2408SE_2.png,/home/ikk/renal-calculi-classificaction/DATASET/SECTION_SURFACE_DATASET/1aI/section/MASKS/1aI_2408SE_2_mask.png,0,1aI,section,1aI_2408SE,0,0,0.90938795,0.09061212,1
/home/ikk/renal-calculi-classificaction/DATASET/SECTION_SURFACE_DATASET/1aI/section/1aI_COD_sup_3291SE_2.jpg,/home/ikk/renal-calculi-classificaction/DATASET/SECTION_SURFACE_DATASET/1aI/section/MASKS/1aI_COD_sup_3291SE_2_mask.png,0,1aI,section,1aI_COD_sup_3291SE,0,0,0.76410615,0.23589389,1
/home/ikk/renal-calculi-classificaction/DATASET/SECTION_SURFACE_DATASET/6/surface/6_2031SE.jpg,/home/ikk/renal-calculi-classificaction/DATASET/SECTION_SURFACE_DATASET/6/surface/MASKS/6_2031SE_mask.png,1,6,surface,6_2031SE,1,1,0.14116612,0.85883385,2
/home/ikk/renal-calculi-classificaction/DATASET/SECTION_SURFACE_DATASET/6/section/6_3229SE.jpg,/home/ikk/renal-calculi-classificaction/DATASET/SECTION_SURFACE_DATASET/6/section/MASKS/6_3229SE_mask.png,1,6,section,6_3229SE,1,1,0.033393607,0.96660644,2
/home/ikk/renal-calculi-classificaction/DATASET/SECTION_SURFACE_DATASET/6/section/6_2770SE.jpg,/home/ikk/renal-calculi-classificaction/DATASET/SECTION_SURFACE_DATASET/6/section/MASKS/6_2770SE_mask.png,1,6,section,6_2770SE,1,1,0.06700163,0.93299836,2
/home/ikk/renal-calculi-classificaction/DATASET/SECTION_SURFACE_DATASET/6/section/6_3088SE.png,/home/ikk/renal-calculi-classificaction/DATASET/SECTION_SURFACE_DATASET/6/section/MASKS/6_3088SE_mask.png,1,6,section,6_3088SE,1,1,0.19863762,0.80136234,2
/home/ikk/renal-calculi-classificaction/DATASET/SECTION_SURFACE_DATASET/6/section/6_1860SE.jpg,/home/ikk/renal-calculi-classificaction/DATASET/SECTION_SURFACE_DATASET/6/section/MASKS/6_1860SE_mask.png,1,6,section,6_1860SE,1,1,0.30628008,0.69371986,2
/home/ikk/renal-calculi-classificaction/DATASET/SECTION_SURFACE_DATASET/6/section/6_2212SE.jpg,/home/ikk/renal-calculi-classificaction/DATASET/SECTION_SURFACE_DATASET/6/section/MASKS/6_2212SE_mask.png,1,6,section,6_2212SE,1,1,0.034106,0.96589404,2
/home/ikk/renal-calculi-classificaction/DATASET/SECTION_SURFACE_DATASET/6/section/6_2616SE.png,/home/ikk/renal-calculi-classificaction/DATASET/SECTION_SURFACE_DATASET/6/section/MASKS/6_2616SE_mask.png,1,6,section,6_2616SE,1,1,0.020293731,0.97970635,2
/home/ikk/renal-calculi-classificaction/DATASET/SECTION_SURFACE_DATASET/8aI - 8aII/surface/8aII_1866SE.jpg,/home/ikk/renal-calculi-classificaction/DATASET/SECTION_SURFACE_DATASET/8aI - 8aII/surface/MASKS/8aII_1866SE_mask.png,1,8aI - 8aII,surface,8aII_1866SE,1,1,0.065844715,0.9341553,2
/home/ikk/renal-calculi-classificaction/DATASET/SECTION_SURFACE_DATASET/8aI - 8aII/section/8aI_2316SE.png,/home/ikk/renal-calculi-classificaction/DATASET/SECTION_SURFACE_DATASET/8aI - 8aII/section/MASKS/8aI_2316SE_mask.png,1,8aI - 8aII,section,8aI_2316SE,1,1,0.48729944,0.51270056,2
/home/ikk/renal-calculi-classificaction/DATASET/SECTION_SURFACE_DATASET/8aI - 8aII/section/8aII_2106SE.jpg,/home/ikk/renal-calculi-classificaction/DATASET/SECTION_SURFACE_DATASET/8aI - 8aII/section/MASKS/8aII_2106SE_mask.png,1,8aI - 8aII,section,8aII_2106SE,1,1,0.20622659,0.7937734,2
/home/ikk/renal-calculi-classificaction/DATASET/SECTION_SURFACE_DATASET/8aI - 8aII/section/8aI_1871SE_2.jpg,/home/ikk/renal-calculi-classificaction/DATASET/SECTION_SURFACE_DATASET/8aI - 8aII/section/MASKS/8aI_1871SE_2_mask.png,1,8aI - 8aII,section,8aI_1871SE,0,1,0.5982425,0.4017575,2
/home/ikk/renal-calculi-classificaction/DATASET/SECTION_SURFACE_DATASET/8aI - 8aII/section/8aII_2796SE.jpg,/home/ikk/renal-calculi-classificaction/DATASET/SECTION_SURFACE_DATASET/8aI - 8aII/section/MASKS/8aII_2796SE_mask.png,1,8aI - 8aII,section,8aII_2796SE,1,1,0.3524272,0.64757276,2
/home/ikk/renal-calculi-classificaction/DATASET/SECTION_SURFACE_DATASET/3aII/surface/3aII_3117SE_2.png,/home/ikk/renal-calculi-classificaction/DATASET/SECTION_SURFACE_DATASET/3aII/surface/MASKS/3aII_3117SE_2_mask.png,1,3aII,surface,3aII_3117SE,1,1,0.22521162,0.7747884,2
/home/ikk/renal-calculi-classificaction/DATASET/SECTION_SURFACE_DATASET/3aII/surface/3aII_1912SE_2.jpg,/home/ikk/renal-calculi-classificaction/DATASET/SECTION_SURFACE_DATASET/3aII/surface/MASKS/3aII_1912SE_2_mask.png,1,3aII,surface,3aII_1912SE,1,1,0.009891253,0.9901087,2
/home/ikk/renal-calculi-classificaction/DATASET/SECTION_SURFACE_DATASET/3aII/surface/3aII_1912SE.jpg,/home/ikk/renal-calculi-classificaction/DATASET/SECTION_SURFACE_DATASET/3aII/surface/MASKS/3aII_1912SE_mask.png,1,3aII,surface,3aII_1912SE,1,1,0.035389856,0.96461016,2
/home/ikk/renal-calculi-classificaction/DATASET/SECTION_SURFACE_DATASET/3aII/surface/3aII_1994SE.jpg,/home/ikk/renal-calculi-classificaction/DATASET/SECTION_SURFACE_DATASET/3aII/surface/MASKS/3aII_1994SE_mask.png,1,3aII,surface,3aII_1994SE,1,1,0.059675954,0.940324,2
/home/ikk/renal-calculi-classificaction/DATASET/SECTION_SURFACE_DATASET/3aII/surface/3aII_2107SE.jpg,/home/ikk/renal-calculi-classificaction/DATASET/SECTION_SURFACE_DATASET/3aII/surface/MASKS/3aII_2107SE_mask.png,1,3aII,surface,3aII_2107SE,1,1,0.38405895,0.61594105,2
/home/ikk/renal-calculi-classificaction/DATASET/SECTION_SURFACE_DATASET/3aII/surface/3aII_2530SE.png,/home/ikk/renal-calculi-classificaction/DATASET/SECTION_SURFACE_DATASET/3aII/surface/MASKS/3aII_2530SE_mask.png,1,3aII,surface,3aII_2530SE,1,1,0.14439481,0.8556052,2
/home/ikk/renal-calculi-classificaction/DATASET/SECTION_SURFACE_DATASET/3aII/surface/3aII_3117SE_1.png,/home/ikk/renal-calculi-classificaction/DATASET/SECTION_SURFACE_DATASET/3aII/surface/MASKS/3aII_3117SE_1_mask.png,1,3aII,surface,3aII_3117SE,1,1,0.01886305,0.9811369,2
/home/ikk/renal-calculi-classificaction/DATASET/SECTION_SURFACE_DATASET/3aII/surface/3aII_3114SE.png,/home/ikk/renal-calculi-classificaction/DATASET/SECTION_SURFACE_DATASET/3aII/surface/MASKS/3aII_3114SE_mask.png,1,3aII,surface,3aII_3114SE,1,1,0.060718007,0.939282,2
/home/ikk/renal-calculi-classificaction/DATASET/SECTION_SURFACE_DATASET/3bII/surface/3bII_1973SE.jpg,/home/ikk/renal-calculi-classificaction/DATASET/SECTION_SURFACE_DATASET/3bII/surface/MASKS/3bII_1973SE_mask.png,1,3bII,surface,3bII_1973SE,0,1,0.5658193,0.43418068,2
/home/ikk/renal-calculi-classificaction/DATASET/SECTION_SURFACE_DATASET/3bII/surface/3bII_2768SE.jpg,/home/ikk/renal-calculi-classificaction/DATASET/SECTION_SURFACE_DATASET/3bII/surface/MASKS/3bII_2768SE_mask.png,1,3bII,surface,3bII_2768SE,0,1,0.5232239,0.47677612,2
/home/ikk/renal-calculi-classificaction/DATASET/SECTION_SURFACE_DATASET/3bII/surface/3bII_1819SE.jpg,/home/ikk/renal-calculi-classificaction/DATASET/SECTION_SURFACE_DATASET/3bII/surface/MASKS/3bII_1819SE_mask.png,1,3bII,surface,3bII_1819SE,1,1,0.12554654,0.8744534,2
/home/ikk/renal-calculi-classificaction/DATASET/SECTION_SURFACE_DATASET/3bII/surface/3bII_2419SE.png,/home/ikk/renal-calculi-classificaction/DATASET/SECTION_SURFACE_DATASET/3bII/surface/MASKS/3bII_2419SE_mask.png,1,3bII,surface,3bII_2419SE,0,1,0.519599,0.480401,2
/home/ikk/renal-calculi-classificaction/DATASET/SECTION_SURFACE_DATASET/3bII/surface/3bII_2305SE.png,/home/ikk/renal-calculi-classificaction/DATASET/SECTION_SURFACE_DATASET/3bII/surface/MASKS/3bII_2305SE_mask.png,1,3bII,surface,3bII_2305SE,1,1,0.37897703,0.62102294,2
/home/ikk/renal-calculi-classificaction/DATASET/SECTION_SURFACE_DATASET/3bII/surface/3bII_3047SE_surface.png,/home/ikk/renal-calculi-classificaction/DATASET/SECTION_SURFACE_DATASET/3bII/surface/MASKS/3bII_3047SE_surface_mask.png,1,3bII,surface,3bII_3047SE,1,1,0.25603834,0.74396163,2
/home/ikk/renal-calculi-classificaction/DATASET/SECTION_SURFACE_DATASET/3bII/section/3bII_1818SE_2.jpg,/home/ikk/renal-calculi-classificaction/DATASET/SECTION_SURFACE_DATASET/3bII/section/MASKS/3bII_1818SE_2_mask.png,1,3bII,section,3bII_1818SE,0,1,0.7811367,0.21886328,2
/home/ikk/renal-calculi-classificaction/DATASET/SECTION_SURFACE_DATASET/3bII/section/3bII_3047SE_section.png,/home/ikk/renal-calculi-classificaction/DATASET/SECTION_SURFACE_DATASET/3bII/section/MASKS/3bII_3047SE_section_mask.png,1,3bII,section,3bII_3047SE,1,1,0.36730602,0.63269395,2
/home/ikk/renal-calculi-classificaction/DATASET/SECTION_SURFACE_DATASET/3bII/section/3bII_2492SE.png,/home/ikk/renal-calculi-classificaction/DATASET/SECTION_SURFACE_DATASET/3bII/section/MASKS/3bII_2492SE_mask.png,1,3bII,section,3bII_2492SE,1,1,0.49241883,0.5075812,2
/home/ikk/renal-calculi-classificaction/DATASET/SECTION_SURFACE_DATASET/3bII/section/3bII_3476SE.png,/home/ikk/renal-calculi-classificaction/DATASET/SECTION_SURFACE_DATASET/3bII/section/MASKS/3bII_3476SE_mask.png,1,3bII,section,3bII_3476SE,1,1,0.19478862,0.8052114,2
/home/ikk/renal-calculi-classificaction/DATASET/SECTION_SURFACE_DATASET/3bII/section/3bII_2071SE.jpg,/home/ikk/renal-calculi-classificaction/DATASET/SECTION_SURFACE_DATASET/3bII/section/MASKS/3bII_2071SE_mask.png,1,3bII,section,3bII_2071SE,1,1,0.19021654,0.8097835,2
/home/ikk/renal-calculi-classificaction/DATASET/SECTION_SURFACE_DATASET/2a/surface/2a_1800SE.jpg,/home/ikk/renal-calculi-classificaction/DATASET/SECTION_SURFACE_DATASET/2a/surface/MASKS/2a_1800SE_mask.png,0,2a,surface,2a_1800SE,0,0,0.6961786,0.30382133,2
/home/ikk/renal-calculi-classificaction/DATASET/SECTION_SURFACE_DATASET/2a/surface/2a_1964SE.jpg,/home/ikk/renal-calculi-classificaction/DATASET/SECTION_SURFACE_DATASET/2a/surface/MASKS/2a_1964SE_mask.png,0,2a,surface,2a_1964SE,0,0,0.9901916,0.009808373,2
/home/ikk/renal-calculi-classificaction/DATASET/SECTION_SURFACE_DATASET/2a/surface/2a_3333SE.jpg,/home/ikk/renal-calculi-classificaction/DATASET/SECTION_SURFACE_DATASET/2a/surface/MASKS/2a_3333SE_mask.png,0,2a,surface,2a_3333SE,0,0,0.9228537,0.07714633,2
/home/ikk/renal-calculi-classificaction/DATASET/SECTION_SURFACE_DATASET/2a/surface/2a_583CP.jpg,/home/ikk/renal-calculi-classificaction/DATASET/SECTION_SURFACE_DATASET/2a/surface/MASKS/2a_583CP_mask.png,0,2a,surface,2a_583CP,0,0,0.9291943,0.07080576,2
/home/ikk/renal-calculi-classificaction/DATASET/SECTION_SURFACE_DATASET/2a/surface/2a_1802SE.jpg,/home/ikk/renal-calculi-classificaction/DATASET/SECTION_SURFACE_DATASET/2a/surface/MASKS/2a_1802SE_mask.png,0,2a,surface,2a_1802SE,0,0,0.8405478,0.15945221,2
/home/ikk/renal-calculi-classificaction/DATASET/SECTION_SURFACE_DATASET/2a/surface/2a_2348SE.png,/home/ikk/renal-calculi-classificaction/DATASET/SECTION_SURFACE_DATASET/2a/surface/MASKS/2a_2348SE_mask.png,0,2a,surface,2a_2348SE,0,0,0.91748905,0.08251098,2
/home/ikk/renal-calculi-classificaction/DATASET/SECTION_SURFACE_DATASET/2a/section/2a_2749SE.jpg,/home/ikk/renal-calculi-classificaction/DATASET/SECTION_SURFACE_DATASET/2a/section/MASKS/2a_2749SE_mask.png,0,2a,section,2a_2749SE,0,0,0.6349644,0.3650356,2
/home/ikk/renal-calculi-classificaction/DATASET/SECTION_SURFACE_DATASET/2a/section/2a_1802SE_2.jpg,/home/ikk/renal-calculi-classificaction/DATASET/SECTION_SURFACE_DATASET/2a/section/MASKS/2a_1802SE_2_mask.png,0,2a,section,2a_1802SE,0,0,0.51218325,0.48781675,2
/home/ikk/renal-calculi-classificaction/DATASET/SECTION_SURFACE_DATASET/2a/section/2a_2335SE.png,/home/ikk/renal-calculi-classificaction/DATASET/SECTION_SURFACE_DATASET/2a/section/MASKS/2a_2335SE_mask.png,0,2a,section,2a_2335SE,0,0,0.8775569,0.12244305,2
/home/ikk/renal-calculi-classificaction/DATASET/SECTION_SURFACE_DATASET/2a/section/2a_2602SE.png,/home/ikk/renal-calculi-classificaction/DATASET/SECTION_SURFACE_DATASET/2a/section/MASKS/2a_2602SE_mask.png,0,2a,section,2a_2602SE,0,0,0.6366771,0.36332288,2
/home/ikk/renal-calculi-classificaction/DATASET/SECTION_SURFACE_DATASET/2a/section/2a_2148SE.jpg,/home/ikk/renal-calculi-classificaction/DATASET/SECTION_SURFACE_DATASET/2a/section/MASKS/2a_2148SE_mask.png,0,2a,section,2a_2148SE,0,0,0.66678697,0.33321306,2
/home/ikk/renal-calculi-classificaction/DATASET/SECTION_SURFACE_DATASET/2a/section/2a_1910SE.jpg,/home/ikk/renal-calculi-classificaction/DATASET/SECTION_SURFACE_DATASET/2a/section/MASKS/2a_1910SE_mask.png,0,2a,section,2a_1910SE,0,0,0.5115357,0.4884643,2
/home/ikk/renal-calculi-classificaction/DATASET/SECTION_SURFACE_DATASET/2a/section/2a_2049SE.jpg,/home/ikk/renal-calculi-classificaction/DATASET/SECTION_SURFACE_DATASET/2a/section/MASKS/2a_2049SE_mask.png,0,2a,section,2a_2049SE,0,0,0.66130537,0.3386946,2
/home/ikk/renal-calculi-classificaction/DATASET/SECTION_SURFACE_DATASET/2a/section/2a_3025SE.jpg,/home/ikk/renal-calculi-classificaction/DATASET/SECTION_SURFACE_DATASET/2a/section/MASKS/2a_3025SE_mask.png,0,2a,section,2a_3025SE,1,0,0.1978935,0.8021065,2
/home/ikk/renal-calculi-classificaction/DATASET/SECTION_SURFACE_DATASET/2a/section/2aCOD_sup_2578SE.png,/home/ikk/renal-calculi-classificaction/DATASET/SECTION_SURFACE_DATASET/2a/section/MASKS/2aCOD_sup_2578SE_mask.png,0,2a,section,2aCOD_sup_2578SE,0,0,0.5931061,0.40689385,2
/home/ikk/renal-calculi-classificaction/DATASET/SECTION_SURFACE_DATASET/2a/section/2a_3382SE.jpg,/home/ikk/renal-calculi-classificaction/DATASET/SECTION_SURFACE_DATASET/2a/section/MASKS/2a_3382SE_mask.png,0,2a,section,2a_3382SE,1,0,0.49692598,0.50307405,2
/home/ikk/renal-calculi-classificaction/DATASET/SECTION_SURFACE_DATASET/4II-4I/surface/4II_2731SE.jpg,/home/ikk/renal-calculi-classificaction/DATASET/SECTION_SURFACE_DATASET/4II-4I/surface/MASKS/4II_2731SE_mask.png,1,4II-4I,surface,4II_2731SE,1,1,0.1879712,0.81202877,2
/home/ikk/renal-calculi-classificaction/DATASET/SECTION_SURFACE_DATASET/4II-4I/surface/4II_1.jpg,/home/ikk/renal-calculi-classificaction/DATASET/SECTION_SURFACE_DATASET/4II-4I/surface/MASKS/4II_1_mask.png,1,4II-4I,surface,4II_1,1,1,0.06510824,0.93489176,2
/home/ikk/renal-calculi-classificaction/DATASET/SECTION_SURFACE_DATASET/4II-4I/section/4I_1872SE.jpg,/home/ikk/renal-calculi-classificaction/DATASET/SECTION_SURFACE_DATASET/4II-4I/section/MASKS/4I_1872SE_mask.png,1,4II-4I,section,4I_1872SE,0,1,0.56022966,0.4397703,2
/home/ikk/renal-calculi-classificaction/DATASET/SECTION_SURFACE_DATASET/4II-4I/section/4II_1993SE.jpg,/home/ikk/renal-calculi-classificaction/DATASET/SECTION_SURFACE_DATASET/4II-4I/section/MASKS/4II_1993SE_mask.png,1,4II-4I,section,4II_1993SE,1,1,0.31196642,0.6880336,2
/home/ikk/renal-calculi-classificaction/DATASET/SECTION_SURFACE_DATASET/4II-4I/section/4II_2168SE.jpg,/home/ikk/renal-calculi-classificaction/DATASET/SECTION_SURFACE_DATASET/4II-4I/section/MASKS/4II_2168SE_mask.png,1,4II-4I,section,4II_2168SE,1,1,0.3106135,0.6893865,2
/home/ikk/renal-calculi-classificaction/DATASET/SECTION_SURFACE_DATASET/4II-4I/section/4I_2427SE.png,/home/ikk/renal-calculi-classificaction/DATASET/SECTION_SURFACE_DATASET/4II-4I/section/MASKS/4I_2427SE_mask.png,1,4II-4I,section,4I_2427SE,1,1,0.36978897,0.63021106,2
/home/ikk/renal-calculi-classificaction/DATASET/SECTION_SURFACE_DATASET/4II-4I/section/4I_3373SE.jpg,/home/ikk/renal-calculi-classificaction/DATASET/SECTION_SURFACE_DATASET/4II-4I/section/MASKS/4I_3373SE_mask.png,1,4II-4I,section,4I_3373SE,0,1,0.5454988,0.4545012,2
/home/ikk/renal-calculi-classificaction/DATASET/SECTION_SURFACE_DATASET/4II-4I/section/4I_2531SE.png,/home/ikk/renal-calculi-classificaction/DATASET/SECTION_SURFACE_DATASET/4II-4I/section/MASKS/4I_2531SE_mask.png,1,4II-4I,section,4I_2531SE,1,1,0.326458,0.673542,2
/home/ikk/renal-calculi-classificaction/DATASET/SECTION_SURFACE_DATASET/4II-4I/section/4II_8.png,/home/ikk/renal-calculi-classificaction/DATASET/SECTION_SURFACE_DATASET/4II-4I/section/MASKS/4II_8_mask.png,1,4II-4I,section,4II_8,1,1,0.15255663,0.84744334,2
/home/ikk/renal-calculi-classificaction/DATASET/SECTION_SURFACE_DATASET/4II-4I/section/4II_2439SE.png,/home/ikk/renal-calculi-classificaction/DATASET/SECTION_SURFACE_DATASET/4II-4I/section/MASKS/4II_2439SE_mask.png,1,4II-4I,section,4II_2439SE,1,1,0.43033618,0.5696638,2
/home/ikk/renal-calculi-classificaction/DATASET/SECTION_SURFACE_DATASET/4II-4I/section/4II_3166SE.jpg,/home/ikk/renal-calculi-classificaction/DATASET/SECTION_SURFACE_DATASET/4II-4I/section/MASKS/4II_3166SE_mask.png,1,4II-4I,section,4II_3166SE,1,1,0.27857834,0.7214217,2
/home/ikk/renal-calculi-classificaction/DATASET/SECTION_SURFACE_DATASET/1aI/surface/1aI_3196SE_1.jpg,/home/ikk/renal-calculi-classificaction/DATASET/SECTION_SURFACE_DATASET/1aI/surface/MASKS/1aI_3196SE_1_mask.png,0,1aI,surface,1aI_3196SE,0,0,0.8357087,0.16429135,2
/home/ikk/renal-calculi-classificaction/DATASET/SECTION_SURFACE_DATASET/1aI/surface/1aI_3302SE.jpg,/home/ikk/renal-calculi-classificaction/DATASET/SECTION_SURFACE_DATASET/1aI/surface/MASKS/1aI_3302SE_mask.png,0,1aI,surface,1aI_3302SE,1,0,0.47900945,0.52099055,2
/home/ikk/renal-calculi-classificaction/DATASET/SECTION_SURFACE_DATASET/1aI/surface/1aI_COD_sup_3317SE.jpg,/home/ikk/renal-calculi-classificaction/DATASET/SECTION_SURFACE_DATASET/1aI/surface/MASKS/1aI_COD_sup_3317SE_mask.png,0,1aI,surface,1aI_COD_sup_3317SE,0,0,0.9745336,0.025466355,2
/home/ikk/renal-calculi-classificaction/DATASET/SECTION_SURFACE_DATASET/1aI/surface/1aI_1992SE_2.jpg,/home/ikk/renal-calculi-classificaction/DATASET/SECTION_SURFACE_DATASET/1aI/surface/MASKS/1aI_1992SE_2_mask.png,0,1aI,surface,1aI_1992SE,0,0,0.965041,0.03495902,2
/home/ikk/renal-calculi-classificaction/DATASET/SECTION_SURFACE_DATASET/1aI/surface/1aI_2411SE_1.png,/home/ikk/renal-calculi-classificaction/DATASET/SECTION_SURFACE_DATASET/1aI/surface/MASKS/1aI_2411SE_1_mask.png,0,1aI,surface,1aI_2411SE,0,0,0.70566183,0.2943382,2
/home/ikk/renal-calculi-classificaction/DATASET/SECTION_SURFACE_DATASET/1aI/surface/1aI_1992SE_1.jpg,/home/ikk/renal-calculi-classificaction/DATASET/SECTION_SURFACE_DATASET/1aI/surface/MASKS/1aI_1992SE_1_mask.png,0,1aI,surface,1aI_1992SE,0,0,0.87020636,0.12979367,2
/home/ikk/renal-calculi-classificaction/DATASET/SECTION_SURFACE_DATASET/1aI/surface/1aI_2016SE.jpg,/home/ikk/renal-calculi-classificaction/DATASET/SECTION_SURFACE_DATASET/1aI/surface/MASKS/1aI_2016SE_mask.png,0,1aI,surface,1aI_2016SE,0,0,0.9665431,0.03345695,2
/home/ikk/renal-calculi-classificaction/DATASET/SECTION_SURFACE_DATASET/1aI/surface/1aI_1934SE.jpg,/home/ikk/renal-calculi-classificaction/DATASET/SECTION_SURFACE_DATASET/1aI/surface/MASKS/1aI_1934SE_mask.png,0,1aI,surface,1aI_1934SE,0,0,0.6272144,0.3727857,2
/home/ikk/renal-calculi-classificaction/DATASET/SECTION_SURFACE_DATASET/1aI/surface/1aI_2676SE.png,/home/ikk/renal-calculi-classificaction/DATASET/SECTION_SURFACE_DATASET/1aI/surface/MASKS/1aI_2676SE_mask.png,0,1aI,surface,1aI_2676SE,0,0,0.9712315,0.028768515,2
/home/ikk/renal-calculi-classificaction/DATASET/SECTION_SURFACE_DATASET/1aI/section/1aI_3196SE_2.jpg,/home/ikk/renal-calculi-classificaction/DATASET/SECTION_SURFACE_DATASET/1aI/section/MASKS/1aI_3196SE_2_mask.png,0,1aI,section,1aI_3196SE,0,0,0.52099913,0.47900084,2
/home/ikk/renal-calculi-classificaction/DATASET/SECTION_SURFACE_DATASET/1aI/section/1aI_COD_sup_2058SE.jpg,/home/ikk/renal-calculi-classificaction/DATASET/SECTION_SURFACE_DATASET/1aI/section/MASKS/1aI_COD_sup_2058SE_mask.png,0,1aI,section,1aI_COD_sup_2058SE,1,0,0.4609618,0.5390382,2
/home/ikk/renal-calculi-classificaction/DATASET/SECTION_SURFACE_DATASET/1aI/section/1aI_2411SE_2.png,/home/ikk/renal-calculi-classificaction/DATASET/SECTION_SURFACE_DATASET/1aI/section/MASKS/1aI_2411SE_2_mask.png,0,1aI,section,1aI_2411SE,1,0,0.42245662,0.5775434,2
/home/ikk/renal-calculi-classificaction/DATASET/SECTION_SURFACE_DATASET/1aI/section/1aI_1934SE_2.jpg,/home/ikk/renal-calculi-classificaction/DATASET/SECTION_SURFACE_DATASET/1aI/section/MASKS/1aI_1934SE_2_mask.png,0,1aI,section,1aI_1934SE,0,0,0.8719955,0.1280045,2
/home/ikk/renal-calculi-classificaction/DATASET/SECTION_SURFACE_DATASET/6/surface/6_2662SE_surface.png,/home/ikk/renal-calculi-classificaction/DATASET/SECTION_SURFACE_DATASET/6/surface/MASKS/6_2662SE_surface_mask.png,1,6,surface,6_2662SE,1,1,0.24929015,0.75070983,3
/home/ikk/renal-calculi-classificaction/DATASET/SECTION_SURFACE_DATASET/6/surface/6_3002SE.jpg,/home/ikk/renal-calculi-classificaction/DATASET/SECTION_SURFACE_DATASET/6/surface/MASKS/6_3002SE_mask.png,1,6,surface,6_3002SE,1,1,0.08312492,0.91687506,3
/home/ikk/renal-calculi-classificaction/DATASET/SECTION_SURFACE_DATASET/6/section/6_2009SE.jpg,/home/ikk/renal-calculi-classificaction/DATASET/SECTION_SURFACE_DATASET/6/section/MASKS/6_2009SE_mask.png,1,6,section,6_2009SE,1,1,0.35815844,0.6418416,3
/home/ikk/renal-calculi-classificaction/DATASET/SECTION_SURFACE_DATASET/6/section/6_2662SE_section.png,/home/ikk/renal-calculi-classificaction/DATASET/SECTION_SURFACE_DATASET/6/section/MASKS/6_2662SE_section_mask.png,1,6,section,6_2662SE,1,1,0.15971106,0.84028894,3
/home/ikk/renal-calculi-classificaction/DATASET/SECTION_SURFACE_DATASET/6/section/6_3230SE.jpg,/home/ikk/renal-calculi-classificaction/DATASET/SECTION_SURFACE_DATASET/6/section/MASKS/6_3230SE_mask.png,1,6,section,6_3230SE,1,1,0.0740018,0.9259983,3
/home/ikk/renal-calculi-classificaction/DATASET/SECTION_SURFACE_DATASET/6/section/6_2274SE.png,/home/ikk/renal-calculi-classificaction/DATASET/SECTION_SURFACE_DATASET/6/section/MASKS/6_2274SE_mask.png,1,6,section,6_2274SE,1,1,0.09803158,0.90196836,3
/home/ikk/renal-calculi-classificaction/DATASET/SECTION_SURFACE_DATASET/8aI - 8aII/surface/8aII_3026SE.jpg,/home/ikk/renal-calculi-classificaction/DATASET/SECTION_SURFACE_DATASET/8aI - 8aII/surface/MASKS/8aII_3026SE_mask.png,1,8aI - 8aII,surface,8aII_3026SE,1,1,0.3828443,0.6171557,3
/home/ikk/renal-calculi-classificaction/DATASET/SECTION_SURFACE_DATASET/8aI - 8aII/surface/8aII_2826SE.jpg,/home/ikk/renal-calculi-classificaction/DATASET/SECTION_SURFACE_DATASET/8aI - 8aII/surface/MASKS/8aII_2826SE_mask.png,1,8aI - 8aII,surface,8aII_2826SE,0,1,0.6542383,0.34576172,3
/home/ikk/renal-calculi-classificaction/DATASET/SECTION_SURFACE_DATASET/8aI - 8aII/surface/8aII_1874SE.jpg,/home/ikk/renal-calculi-classificaction/DATASET/SECTION_SURFACE_DATASET/8aI - 8aII/surface/MASKS/8aII_1874SE_mask.png,1,8aI - 8aII,surface,8aII_1874SE,1,1,0.12626223,0.8737378,3
/home/ikk/renal-calculi-classificaction/DATASET/SECTION_SURFACE_DATASET/8aI - 8aII/section/8aII_2146SE.jpg,/home/ikk/renal-calculi-classificaction/DATASET/SECTION_SURFACE_DATASET/8aI - 8aII/section/MASKS/8aII_2146SE_mask.png,1,8aI - 8aII,section,8aII_2146SE,1,1,0.40410107,0.59589887,3
/home/ikk/renal-calculi-classificaction/DATASET/SECTION_SURFACE_DATASET/8aI - 8aII/section/8aII_2515SE.png,/home/ikk/renal-calculi-classificaction/DATASET/SECTION_SURFACE_DATASET/8aI - 8aII/section/MASKS/8aII_2515SE_mask.png,1,8aI - 8aII,section,8aII_2515SE,1,1,0.2659203,0.73407966,3
/home/ikk/renal-calculi-classificaction/DATASET/SECTION_SURFACE_DATASET/8aI - 8aII/section/8aII_1874SE_2.jpg,/home/ikk/renal-calculi-classificaction/DATASET/SECTION_SURFACE_DATASET/8aI - 8aII/section/MASKS/8aII_1874SE_2_mask.png,1,8aI - 8aII,section,8aII_1874SE,1,1,0.46330917,0.53669083,3
/home/ikk/renal-calculi-classificaction/DATASET/SECTION_SURFACE_DATASET/8aI - 8aII/section/8aII_3118SE.png,/home/ikk/renal-calculi-classificaction/DATASET/SECTION_SURFACE_DATASET/8aI - 8aII/section/MASKS/8aII_3118SE_mask.png,1,8aI - 8aII,section,8aII_3118SE,1,1,0.32167232,0.6783276,3
/home/ikk/renal-calculi-classificaction/DATASET/SECTION_SURFACE_DATASET/3aII/surface/3aII_1786SE.jpg,/home/ikk/renal-calculi-classificaction/DATASET/SECTION_SURFACE_DATASET/3aII/surface/MASKS/3aII_1786SE_mask.png,1,3aII,surface,3aII_1786SE,1,1,0.052028514,0.94797146,3
/home/ikk/renal-calculi-classificaction/DATASET/SECTION_SURFACE_DATASET/3aII/surface/3aII_3176SE.jpg,/home/ikk/renal-calculi-classificaction/DATASET/SECTION_SURFACE_DATASET/3aII/surface/MASKS/3aII_3176SE_mask.png,1,3aII,surface,3aII_3176SE,1,1,0.0034590026,0.99654096,3
/home/ikk/renal-calculi-classificaction/DATASET/SECTION_SURFACE_DATASET/3aII/section/3aII_2536SE.png,/home/ikk/renal-calculi-classificaction/DATASET/SECTION_SURFACE_DATASET/3aII/section/MASKS/3aII_2536SE_mask.png,1,3aII,section,3aII_2536SE,0,1,0.6290497,0.3709503,3
/home/ikk/renal-calculi-classificaction/DATASET/SECTION_SURFACE_DATASET/3bII/surface/3bII_2243SE.jpg,/home/ikk/renal-calculi-classificaction/DATASET/SECTION_SURFACE_DATASET/3bII/surface/MASKS/3bII_2243SE_mask.png,1,3bII,surface,3bII_2243SE,1,1,0.0005989709,0.999401,3
/home/ikk/renal-calculi-classificaction/DATASET/SECTION_SURFACE_DATASET/3bII/surface/3bII_2318SE.png,/home/ikk/renal-calculi-classificaction/DATASET/SECTION_SURFACE_DATASET/3bII/surface/MASKS/3bII_2318SE_mask.png,1,3bII,surface,3bII_2318SE,1,1,0.010887473,0.98911256,3
/home/ikk/renal-calculi-classificaction/DATASET/SECTION_SURFACE_DATASET/3bII/surface/3bII_3262SE.jpg,/home/ikk/renal-calculi-classificaction/DATASET/SECTION_SURFACE_DATASET/3bII/surface/MASKS/3bII_3262SE_mask.png,1,3bII,surface,3bII_3262SE,0,1,0.758287,0.24171296,3
/home/ikk/renal-calculi-classificaction/DATASET/SECTION_SURFACE_DATASET/3bII/surface/3bII_1958SE.jpg,/home/ikk/renal-calculi-classificaction/DATASET/SECTION_SURFACE_DATASET/3bII/surface/MASKS/3bII_1958SE_mask.png,1,3bII,surface,3bII_1958SE,1,1,0.27441117,0.72558886,3
/home/ikk/renal-calculi-classificaction/DATASET/SECTION_SURFACE_DATASET/3bII/surface/3bII_2102SE.jpg,/home/ikk/renal-calculi-classificaction/DATASET/SECTION_SURFACE_DATASET/3bII/surface/MASKS/3bII_2102SE_mask.png,1,3bII,surface,3bII_2102SE,1,1,0.44182548,0.55817455,3
/home/ikk/renal-calculi-classificaction/DATASET/SECTION_SURFACE_DATASET/3bII/surface/3bII_1888SE.jpg,/home/ikk/renal-calculi-classificaction/DATASET/SECTION_SURFACE_DATASET/3bII/surface/MASKS/3bII_1888SE_mask.png,1,3bII,surface,3bII_1888SE,1,1,0.058295336,0.94170463,3
/home/ikk/renal-calculi-classificaction/DATASET/SECTION_SURFACE_DATASET/3bII/surface/3bII_MO_1895SE.jpg,/home/ikk/renal-calculi-classificaction/DATASET/SECTION_SURFACE_DATASET/3bII/surface/MASKS/3bII_MO_1895SE_mask.png,1,3bII,surface,3bII_MO_1895SE,1,1,0.10870079,0.89129925,3
/home/ikk/renal-calculi-classificaction/DATASET/SECTION_SURFACE_DATASET/3bII/section/3bII_1.jpg,/home/ikk/renal-calculi-classificaction/DATASET/SECTION_SURFACE_DATASET/3bII/section/MASKS/3bII_1_mask.png,1,3bII,section,3bII_1,1,1,0.047928557,0.9520714,3
/home/ikk/renal-calculi-classificaction/DATASET/SECTION_SURFACE_DATASET/3bII/section/3bII_2495SE.png,/home/ikk/renal-calculi-classificaction/DATASET/SECTION_SURFACE_DATASET/3bII/section/MASKS/3bII_2495SE_mask.png,1,3bII,section,3bII_2495SE,0,1,0.84945667,0.15054333,3
/home/ikk/renal-calculi-classificaction/DATASET/SECTION_SURFACE_DATASET/3bII/section/3bII_2847SE.jpg,/home/ikk/renal-calculi-classificaction/DATASET/SECTION_SURFACE_DATASET/3bII/section/MASKS/3bII_2847SE_mask.png,1,3bII,section,3bII_2847SE,1,1,0.06699245,0.93300754,3
/home/ikk/renal-calculi-classificaction/DATASET/SECTION_SURFACE_DATASET/3bII/section/3bII_4.jpg,/home/ikk/renal-calculi-classificaction/DATASET/SECTION_SURFACE_DATASET/3bII/section/MASKS/3bII_4_mask.png,1,3bII,section,3bII_4,1,1,0.0013697036,0.9986303,3
/home/ikk/renal-calculi-classificaction/DATASET/SECTION_SURFACE_DATASET/2a/surface/2a_3469SE_1.png,/home/ikk/renal-calculi-classificaction/DATASET/SECTION_SURFACE_DATASET/2a/surface/MASKS/2a_3469SE_1_mask.png,0,2a,surface,2a_3469SE,0,0,0.9889826,0.011017369,3
/home/ikk/renal-calculi-classificaction/DATASET/SECTION_SURFACE_DATASET/2a/surface/2a_3337SE.jpg,/home/ikk/renal-calculi-classificaction/DATASET/SECTION_SURFACE_DATASET/2a/surface/MASKS/2a_3337SE_mask.png,0,2a,surface,2a_3337SE,0,0,0.9667704,0.03322955,3
/home/ikk/renal-calculi-classificaction/DATASET/SECTION_SURFACE_DATASET/2a/surface/2a_3098SE.png,/home/ikk/renal-calculi-classificaction/DATASET/SECTION_SURFACE_DATASET/2a/surface/MASKS/2a_3098SE_mask.png,0,2a,surface,2a_3098SE,0,0,0.97989696,0.020103034,3
/home/ikk/renal-calculi-classificaction/DATASET/SECTION_SURFACE_DATASET/2a/surface/2a_3367SE.jpg,/home/ikk/renal-calculi-classificaction/DATASET/SECTION_SURFACE_DATASET/2a/surface/MASKS/2a_3367SE_mask.png,0,2a,surface,2a_3367SE,0,0,0.72123986,0.2787602,3
/home/ikk/renal-calculi-classificaction/DATASET/SECTION_SURFACE_DATASET/2a/surface/2a_1940SE.jpg,/home/ikk/renal-calculi-classificaction/DATASET/SECTION_SURFACE_DATASET/2a/surface/MASKS/2a_1940SE_mask.png,0,2a,surface,2a_1940SE,0,0,0.5771246,0.4228754,3
/home/ikk/renal-calculi-classificaction/DATASET/SECTION_SURFACE_DATASET/2a/surface/2a_2297SE_1.png,/home/ikk/renal-calculi-classificaction/DATASET/SECTION_SURFACE_DATASET/2a/surface/MASKS/2a_2297SE_1_mask.png,0,2a,surface,2a_2297SE,0,0,0.84030706,0.15969299,3
/home/ikk/renal-calculi-classificaction/DATASET/SECTION_SURFACE_DATASET/2a/surface/2a_2073SE.jpg,/home/ikk/renal-calculi-classificaction/DATASET/SECTION_SURFACE_DATASET/2a/surface/MASKS/2a_2073SE_mask.png,0,2a,surface,2a_2073SE,1,0,0.45141605,0.548584,3
/home/ikk/renal-calculi-classificaction/DATASET/SECTION_SURFACE_DATASET/2a/surface/2a_1991SE_1.jpg,/home/ikk/renal-calculi-classificaction/DATASET/SECTION_SURFACE_DATASET/2a/surface/MASKS/2a_1991SE_1_mask.png,0,2a,surface,2a_1991SE,0,0,0.70435566,0.29564434,3
/home/ikk/renal-calculi-classificaction/DATASET/SECTION_SURFACE_DATASET/2a/section/2a_1940SE_2.jpg,/home/ikk/renal-calculi-classificaction/DATASET/SECTION_SURFACE_DATASET/2a/section/MASKS/2a_1940SE_2_mask.png,0,2a,section,2a_1940SE,0,0,0.7829563,0.21704368,3
/home/ikk/renal-calculi-classificaction/DATASET/SECTION_SURFACE_DATASET/2a/section/2a_2867SE.jpg,/home/ikk/renal-calculi-classificaction/DATASET/SECTION_SURFACE_DATASET/2a/section/MASKS/2a_2867SE_mask.png,0,2a,section,2a_2867SE,0,0,0.70057875,0.29942122,3
/home/ikk/renal-calculi-classificaction/DATASET/SECTION_SURFACE_DATASET/2a/section/2a_COD_sup_2283SE.png,/home/ikk/renal-calculi-classificaction/DATASET/SECTION_SURFACE_DATASET/2a/section/MASKS/2a_COD_sup_2283SE_mask.png,0,2a,section,2a_COD_sup_2283SE,0,0,0.94587535,0.054124653,3
/home/ikk/renal-calculi-classificaction/DATASET/SECTION_SURFACE_DATASET/2a/section/2a_2149SE_1.jpg,/home/ikk/renal-calculi-classificaction/DATASET/SECTION_SURFACE_DATASET/2a/section/MASKS/2a_2149SE_1_mask.png,0,2a,section,2a_2149SE,0,0,0.95694023,0.04305979,3
/home/ikk/renal-calculi-classificaction/DATASET/SECTION_SURFACE_DATASET/2a/section/2a_2179SE.jpg,/home/ikk/renal-calculi-classificaction/DATASET/SECTION_SURFACE_DATASET/2a/section/MASKS/2a_2179SE_mask.png,0,2a,section,2a_2179SE,0,0,0.93268305,0.06731695,3
/home/ikk/renal-calculi-classificaction/DATASET/SECTION_SURFACE_DATASET/2a/section/2a_2580SE.png,/home/ikk/renal-calculi-classificaction/DATASET/SECTION_SURFACE_DATASET/2a/section/MASKS/2a_2580SE_mask.png,0,2a,section,2a_2580SE,0,0,0.94755876,0.05244127,3
/home/ikk/renal-calculi-classificaction/DATASET/SECTION_SURFACE_DATASET/2a/section/2a_2091SE.jpg,/home/ikk/renal-calculi-classificaction/DATASET/SECTION_SURFACE_DATASET/2a/section/MASKS/2a_2091SE_mask.png,0,2a,section,2a_2091SE,1,0,0.040217586,0.9597824,3
/home/ikk/renal-calculi-classificaction/DATASET/SECTION_SURFACE_DATASET/2a/section/2a_2297SE_2.png,/home/ikk/renal-calculi-classificaction/DATASET/SECTION_SURFACE_DATASET/2a/section/MASKS/2a_2297SE_2_mask.png,0,2a,section,2a_2297SE,0,0,0.6615114,0.3384886,3
/home/ikk/renal-calculi-classificaction/DATASET/SECTION_SURFACE_DATASET/2a/section/2a_1991SE_2.jpg,/home/ikk/renal-calculi-classificaction/DATASET/SECTION_SURFACE_DATASET/2a/section/MASKS/2a_1991SE_2_mask.png,0,2a,section,2a_1991SE,0,0,0.94682276,0.053177293,3
/home/ikk/renal-calculi-classificaction/DATASET/SECTION_SURFACE_DATASET/2a/section/2a_2149SE_2.jpg,/home/ikk/renal-calculi-classificaction/DATASET/SECTION_SURFACE_DATASET/2a/section/MASKS/2a_2149SE_2_mask.png,0,2a,section,2a_2149SE,0,0,0.81110007,0.1888999,3
/home/ikk/renal-calculi-classificaction/DATASET/SECTION_SURFACE_DATASET/2a/section/2a_1830SE.jpg,/home/ikk/renal-calculi-classificaction/DATASET/SECTION_SURFACE_DATASET/2a/section/MASKS/2a_1830SE_mask.png,0,2a,section,2a_1830SE,0,0,0.72048587,0.2795142,3
/home/ikk/renal-calculi-classificaction/DATASET/SECTION_SURFACE_DATASET/2a/section/2a_3469SE_2.png,/home/ikk/renal-calculi-classificaction/DATASET/SECTION_SURFACE_DATASET/2a/section/MASKS/2a_3469SE_2_mask.png,0,2a,section,2a_3469SE,0,0,0.58599555,0.41400445,3
/home/ikk/renal-calculi-classificaction/DATASET/SECTION_SURFACE_DATASET/2a/section/2a_2710SE.jpg,/home/ikk/renal-calculi-classificaction/DATASET/SECTION_SURFACE_DATASET/2a/section/MASKS/2a_2710SE_mask.png,0,2a,section,2a_2710SE,1,0,0.4852339,0.5147661,3
/home/ikk/renal-calculi-classificaction/DATASET/SECTION_SURFACE_DATASET/2a/section/2aCOD_sup_3207SE.jpg,/home/ikk/renal-calculi-classificaction/DATASET/SECTION_SURFACE_DATASET/2a/section/MASKS/2aCOD_sup_3207SE_mask.png,0,2a,section,2aCOD_sup_3207SE,0,0,0.9462127,0.053787317,3
/home/ikk/renal-calculi-classificaction/DATASET/SECTION_SURFACE_DATASET/4II-4I/surface/4II_5.jpg,/home/ikk/renal-calculi-classificaction/DATASET/SECTION_SURFACE_DATASET/4II-4I/surface/MASKS/4II_5_mask.png,1,4II-4I,surface,4II_5,1,1,0.0369618,0.9630382,3
/home/ikk/renal-calculi-classificaction/DATASET/SECTION_SURFACE_DATASET/4II-4I/surface/4I_1879SE.jpg,/home/ikk/renal-calculi-classificaction/DATASET/SECTION_SURFACE_DATASET/4II-4I/surface/MASKS/4I_1879SE_mask.png,1,4II-4I,surface,4I_1879SE,1,1,0.21531089,0.78468907,3
/home/ikk/renal-calculi-classificaction/DATASET/SECTION_SURFACE_DATASET/4II-4I/surface/4II_2201SE.jpg,/home/ikk/renal-calculi-classificaction/DATASET/SECTION_SURFACE_DATASET/4II-4I/surface/MASKS/4II_2201SE_mask.png,1,4II-4I,surface,4II_2201SE,1,1,0.040080257,0.95991975,3
/home/ikk/renal-calculi-classificaction/DATASET/SECTION_SURFACE_DATASET/4II-4I/section/4II_1920SE.jpg,/home/ikk/renal-calculi-classificaction/DATASET/SECTION_SURFACE_DATASET/4II-4I/section/MASKS/4II_1920SE_mask.png,1,4II-4I,section,4II_1920SE,1,1,0.17490165,0.82509834,3
/home/ikk/renal-calculi-classificaction/DATASET/SECTION_SURFACE_DATASET/4II-4I/section/4I_2021SE.jpg,/home/ikk/renal-calculi-classificaction/DATASET/SECTION_SURFACE_DATASET/4II-4I/section/MASKS/4I_2021SE_mask.png,1,4II-4I,section,4I_2021SE,0,1,0.5034163,0.49658373,3
/home/ikk/renal-calculi-classificaction/DATASET/SECTION_SURFACE_DATASET/4II-4I/section/4I_3380SE.jpg,/home/ikk/renal-calculi-classificaction/DATASET/SECTION_SURFACE_DATASET/4II-4I/section/MASKS/4I_3380SE_mask.png,1,4II-4I,section,4I_3380SE,0,1,0.6665045,0.33349556,3
/home/ikk/renal-calculi-classificaction/DATASET/SECTION_SURFACE_DATASET/4II-4I/section/4II_2213SE.jpg,/home/ikk/renal-calculi-classificaction/DATASET/SECTION_SURFACE_DATASET/4II-4I/section/MASKS/4II_2213SE_mask.png,1,4II-4I,section,4II_2213SE,1,1,0.046168905,0.95383114,3
/home/ikk/renal-calculi-classificaction/DATASET/SECTION_SURFACE_DATASET/4II-4I/section/4II_3.jpg,/home/ikk/renal-calculi-classificaction/DATASET/SECTION_SURFACE_DATASET/4II-4I/section/MASKS/4II_3_mask.png,1,4II-4I,section,4II_3,0,1,0.9093245,0.09067547,3
/home/ikk/renal-calculi-classificaction/DATASET/SECTION_SURFACE_DATASET/4II-4I/section/4I_2761SE.jpg,/home/ikk/renal-calculi-classificaction/DATASET/SECTION_SURFACE_DATASET/4II-4I/section/MASKS/4I_2761SE_mask.png,1,4II-4I,section,4I_2761SE,1,1,0.015234223,0.98476577,3
/home/ikk/renal-calculi-classificaction/DATASET/SECTION_SURFACE_DATASET/4II-4I/section/4II_3338SE.jpg,/home/ikk/renal-calculi-classificaction/DATASET/SECTION_SURFACE_DATASET/4II-4I/section/MASKS/4II_3338SE_mask.png,1,4II-4I,section,4II_3338SE,1,1,0.3402431,0.65975684,3
/home/ikk/renal-calculi-classificaction/DATASET/SECTION_SURFACE_DATASET/1aI/surface/1aI_COD_sup_2088SE.jpg,/home/ikk/renal-calculi-classificaction/DATASET/SECTION_SURFACE_DATASET/1aI/surface/MASKS/1aI_COD_sup_2088SE_mask.png,0,1aI,surface,1aI_COD_sup_2088SE,0,0,0.89393544,0.10606456,3
/home/ikk/renal-calculi-classificaction/DATASET/SECTION_SURFACE_DATASET/1aI/surface/1aI_COD_sup_1828SE.jpg,/home/ikk/renal-calculi-classificaction/DATASET/SECTION_SURFACE_DATASET/1aI/surface/MASKS/1aI_COD_sup_1828SE_mask.png,0,1aI,surface,1aI_COD_sup_1828SE,0,0,0.9468208,0.053179156,3
/home/ikk/renal-calculi-classificaction/DATASET/SECTION_SURFACE_DATASET/1aI/surface/1aI_2110SE_5_LB.png,/home/ikk/renal-calculi-classificaction/DATASET/SECTION_SURFACE_DATASET/1aI/surface/MASKS/1aI_2110SE_5_LB_mask.png,0,1aI,surface,1aI_2110SE,0,0,0.9120823,0.087917686,3
/home/ikk/renal-calculi-classificaction/DATASET/SECTION_SURFACE_DATASET/1aI/surface/1aI_2110SE_1_LB.png,/home/ikk/renal-calculi-classificaction/DATASET/SECTION_SURFACE_DATASET/1aI/surface/MASKS/1aI_2110SE_1_LB_mask.png,0,1aI,surface,1aI_2110SE,0,0,0.98407066,0.015929399,3
/home/ikk/renal-calculi-classificaction/DATASET/SECTION_SURFACE_DATASET/1aI/surface/1aI_2110SE_4_LB.png,/home/ikk/renal-calculi-classificaction/DATASET/SECTION_SURFACE_DATASET/1aI/surface/MASKS/1aI_2110SE_4_LB_mask.png,0,1aI,surface,1aI_2110SE,0,0,0.8713648,0.1286352,3
/home/ikk/renal-calculi-classificaction/DATASET/SECTION_SURFACE_DATASET/1aI/surface/1aI_3369SE.jpg,/home/ikk/renal-calculi-classificaction/DATASET/SECTION_SURFACE_DATASET/1aI/surface/MASKS/1aI_3369SE_mask.png,0,1aI,surface,1aI_3369SE,0,0,0.53890795,0.461092,3
/home/ikk/renal-calculi-classificaction/DATASET/SECTION_SURFACE_DATASET/1aI/surface/1aI_2110SE_3_LB.png,/home/ikk/renal-calculi-classificaction/DATASET/SECTION_SURFACE_DATASET/1aI/surface/MASKS/1aI_2110SE_3_LB_mask.png,0,1aI,surface,1aI_2110SE,0,0,0.95128554,0.048714478,3
/home/ikk/renal-calculi-classificaction/DATASET/SECTION_SURFACE_DATASET/1aI/surface/1aI_3199SE.jpg,/home/ikk/renal-calculi-classificaction/DATASET/SECTION_SURFACE_DATASET/1aI/surface/MASKS/1aI_3199SE_mask.png,0,1aI,surface,1aI_3199SE,0,0,0.7269434,0.27305663,3
/home/ikk/renal-calculi-classificaction/DATASET/SECTION_SURFACE_DATASET/1aI/surface/1aI_2046SE_1.jpg,/home/ikk/renal-calculi-classificaction/DATASET/SECTION_SURFACE_DATASET/1aI/surface/MASKS/1aI_2046SE_1_mask.png,0,1aI,surface,1aI_2046SE,0,0,0.89992946,0.10007058,3
/home/ikk/renal-calculi-classificaction/DATASET/SECTION_SURFACE_DATASET/1aI/surface/1aI_2110SE_2_LB.png,/home/ikk/renal-calculi-classificaction/DATASET/SECTION_SURFACE_DATASET/1aI/surface/MASKS/1aI_2110SE_2_LB_mask.png,0,1aI,surface,1aI_2110SE,0,0,0.964585,0.03541498,3
/home/ikk/renal-calculi-classificaction/DATASET/SECTION_SURFACE_DATASET/1aI/surface/1aI_1781SE.jpg,/home/ikk/renal-calculi-classificaction/DATASET/SECTION_SURFACE_DATASET/1aI/surface/MASKS/1aI_1781SE_mask.png,0,1aI,surface,1aI_1781SE,0,0,0.9758852,0.024114732,3
/home/ikk/renal-calculi-classificaction/DATASET/SECTION_SURFACE_DATASET/1aI/surface/1a_3366SE_1.jpg,/home/ikk/renal-calculi-classificaction/DATASET/SECTION_SURFACE_DATASET/1aI/surface/MASKS/1a_3366SE_1_mask.png,0,1aI,surface,1a_3366SE,0,0,0.5820705,0.41792947,3
/home/ikk/renal-calculi-classificaction/DATASET/SECTION_SURFACE_DATASET/1aI/surface/1aI_1947SE.jpg,/home/ikk/renal-calculi-classificaction/DATASET/SECTION_SURFACE_DATASET/1aI/surface/MASKS/1aI_1947SE_mask.png,0,1aI,surface,1aI_1947SE,0,0,0.8272794,0.17272063,3
/home/ikk/renal-calculi-classificaction/DATASET/SECTION_SURFACE_DATASET/1aI/section/1aI_2046SE_3.jpg,/home/ikk/renal-calculi-classificaction/DATASET/SECTION_SURFACE_DATASET/1aI/section/MASKS/1aI_2046SE_3_mask.png,0,1aI,section,1aI_2046SE,0,0,0.9131725,0.08682748,3
/home/ikk/renal-calculi-classificaction/DATASET/SECTION_SURFACE_DATASET/1aI/section/1a_3366SE_2.jpg,/home/ikk/renal-calculi-classificaction/DATASET/SECTION_SURFACE_DATASET/1aI/section/MASKS/1a_3366SE_2_mask.png,0,1aI,section,1a_3366SE,0,0,0.71942186,0.28057814,3
/home/ikk/renal-calculi-classificaction/DATASET/SECTION_SURFACE_DATASET/1aI/section/1aI_2110SE_7_LB.png,/home/ikk/renal-calculi-classificaction/DATASET/SECTION_SURFACE_DATASET/1aI/section/MASKS/1aI_2110SE_7_LB_mask.png,0,1aI,section,1aI_2110SE,0,0,0.9213847,0.0786153,3
/home/ikk/renal-calculi-classificaction/DATASET/SECTION_SURFACE_DATASET/1aI/section/1aI_2110SE_6_LB.png,/home/ikk/renal-calculi-classificaction/DATASET/SECTION_SURFACE_DATASET/1aI/section/MASKS/1aI_2110SE_6_LB_mask.png,0,1aI,section,1aI_2110SE,0,0,0.83370656,0.16629344,3
/home/ikk/renal-calculi-classificaction/DATASET/SECTION_SURFACE_DATASET/1aI/section/1aI_2046SE_2.jpg,/home/ikk/renal-calculi-classificaction/DATASET/SECTION_SURFACE_DATASET/1aI/section/MASKS/1aI_2046SE_2_mask.png,0,1aI,section,1aI_2046SE,0,0,0.95022017,0.04977983,3
/home/ikk/renal-calculi-classificaction/DATASET/SECTION_SURFACE_DATASET/1aI/section/1aI_2779SE.jpg,/home/ikk/renal-calculi-classificaction/DATASET/SECTION_SURFACE_DATASET/1aI/section/MASKS/1aI_2779SE_mask.png,0,1aI,section,1aI_2779SE,0,0,0.9831717,0.016828276,3
/home/ikk/renal-calculi-classificaction/DATASET/SECTION_SURFACE_DATASET/1aI/section/1aI_1947SE_2.jpg,/home/ikk/renal-calculi-classificaction/DATASET/SECTION_SURFACE_DATASET/1aI/section/MASKS/1aI_1947SE_2_mask.png,0,1aI,section,1aI_1947SE,0,0,0.92960346,0.07039655,3
/home/ikk/renal-calculi-classificaction/DATASET/SECTION_SURFACE_DATASET/6/surface/6_2430SE.png,/home/ikk/renal-calculi-classificaction/DATASET/SECTION_SURFACE_DATASET/6/surface/MASKS/6_2430SE_mask.png,1,6,surface,6_2430SE,1,1,0.028585635,0.9714144,4
/home/ikk/renal-calculi-classificaction/DATASET/SECTION_SURFACE_DATASET/6/section/6_2278SE.png,/home/ikk/renal-calculi-classificaction/DATASET/SECTION_SURFACE_DATASET/6/section/MASKS/6_2278SE_mask.png,1,6,section,6_2278SE,0,1,0.9626595,0.037340567,4
/home/ikk/renal-calculi-classificaction/DATASET/SECTION_SURFACE_DATASET/6/section/6_2548SE.png,/home/ikk/renal-calculi-classificaction/DATASET/SECTION_SURFACE_DATASET/6/section/MASKS/6_2548SE_mask.png,1,6,section,6_2548SE,1,1,0.016182126,0.98381793,4
/home/ikk/renal-calculi-classificaction/DATASET/SECTION_SURFACE_DATASET/6/section/6_3253SE.jpg,/home/ikk/renal-calculi-classificaction/DATASET/SECTION_SURFACE_DATASET/6/section/MASKS/6_3253SE_mask.png,1,6,section,6_3253SE,1,1,0.056906097,0.9430939,4
/home/ikk/renal-calculi-classificaction/DATASET/SECTION_SURFACE_DATASET/6/section/6_3059SE.png,/home/ikk/renal-calculi-classificaction/DATASET/SECTION_SURFACE_DATASET/6/section/MASKS/6_3059SE_mask.png,1,6,section,6_3059SE,1,1,0.015377459,0.98462254,4
/home/ikk/renal-calculi-classificaction/DATASET/SECTION_SURFACE_DATASET/8aI - 8aII/surface/8aII_2951SE.jpg,/home/ikk/renal-calculi-classificaction/DATASET/SECTION_SURFACE_DATASET/8aI - 8aII/surface/MASKS/8aII_2951SE_mask.png,1,8aI - 8aII,surface,8aII_2951SE,1,1,0.14080413,0.8591959,4
/home/ikk/renal-calculi-classificaction/DATASET/SECTION_SURFACE_DATASET/8aI - 8aII/surface/8aII_1930SE.jpg,/home/ikk/renal-calculi-classificaction/DATASET/SECTION_SURFACE_DATASET/8aI - 8aII/surface/MASKS/8aII_1930SE_mask.png,1,8aI - 8aII,surface,8aII_1930SE,0,1,0.5971684,0.40283158,4
/home/ikk/renal-calculi-classificaction/DATASET/SECTION_SURFACE_DATASET/8aI - 8aII/surface/8aII_COM_min_1808SE.jpg,/home/ikk/renal-calculi-classificaction/DATASET/SECTION_SURFACE_DATASET/8aI - 8aII/surface/MASKS/8aII_COM_min_1808SE_mask.png,1,8aI - 8aII,surface,8aII_COM_min_1808SE,1,1,0.18464401,0.815356,4
/home/ikk/renal-calculi-classificaction/DATASET/SECTION_SURFACE_DATASET/8aI - 8aII/surface/8aII_1936SE_surface.jpg,/home/ikk/renal-calculi-classificaction/DATASET/SECTION_SURFACE_DATASET/8aI - 8aII/surface/MASKS/8aII_1936SE_surface_mask.png,1,8aI - 8aII,surface,8aII_1936SE,0,1,0.8249672,0.17503281,4
/home/ikk/renal-calculi-classificaction/DATASET/SECTION_SURFACE_DATASET/8aI - 8aII/section/8aII_and_COM_minim_1977SE_2.jpg,/home/ikk/renal-calculi-classificaction/DATASET/SECTION_SURFACE_DATASET/8aI - 8aII/section/MASKS/8aII_and_COM_minim_1977SE_2_mask.png,1,8aI - 8aII,section,8aII_and_COM_minim_1977SE,1,1,0.39156,0.60844004,4
/home/ikk/renal-calculi-classificaction/DATASET/SECTION_SURFACE_DATASET/8aI - 8aII/section/8aII_1936SE_section.jpg,/home/ikk/renal-calculi-classificaction/DATASET/SECTION_SURFACE_DATASET/8aI - 8aII/section/MASKS/8aII_1936SE_section_mask.png,1,8aI - 8aII,section,8aII_1936SE,1,1,0.25482118,0.7451789,4
/home/ikk/renal-calculi-classificaction/DATASET/SECTION_SURFACE_DATASET/8aI - 8aII/section/8aII_1936SE_2_.jpg,/home/ikk/renal-calculi-classificaction/DATASET/SECTION_SURFACE_DATASET/8aI - 8aII/section/MASKS/8aII_1936SE_2__mask.png,1,8aI - 8aII,section,8aII_1936SE,0,1,0.9242149,0.07578511,4
/home/ikk/renal-calculi-classificaction/DATASET/SECTION_SURFACE_DATASET/8aI - 8aII/section/8aII_1.jpg,/home/ikk/renal-calculi-classificaction/DATASET/SECTION_SURFACE_DATASET/8aI - 8aII/section/MASKS/8aII_1_mask.png,1,8aI - 8aII,section,8aII_1,1,1,0.073148556,0.92685145,4
/home/ikk/renal-calculi-classificaction/DATASET/SECTION_SURFACE_DATASET/8aI - 8aII/section/8aII_and_COM_minim_1977SE_1.jpg,/home/ikk/renal-calculi-classificaction/DATASET/SECTION_SURFACE_DATASET/8aI - 8aII/section/MASKS/8aII_and_COM_minim_1977SE_1_mask.png,1,8aI - 8aII,section,8aII_and_COM_minim_1977SE,1,1,0.36442137,0.63557863,4
/home/ikk/renal-calculi-classificaction/DATASET/SECTION_SURFACE_DATASET/3aII/surface/3aII_2047SE.jpg,/home/ikk/renal-calculi-classificaction/DATASET/SECTION_SURFACE_DATASET/3aII/surface/MASKS/3aII_2047SE_mask.png,1,3aII,surface,3aII_2047SE,1,1,0.28636354,0.71363646,4
/home/ikk/renal-calculi-classificaction/DATASET/SECTION_SURFACE_DATASET/3aII/surface/3aII_3381SE.jpg,/home/ikk/renal-calculi-classificaction/DATASET/SECTION_SURFACE_DATASET/3aII/surface/MASKS/3aII_3381SE_mask.png,1,3aII,surface,3aII_3381SE,1,1,0.0063631996,0.99363685,4
/home/ikk/renal-calculi-classificaction/DATASET/SECTION_SURFACE_DATASET/3aII/surface/3aII_3044SE.png,/home/ikk/renal-calculi-classificaction/DATASET/SECTION_SURFACE_DATASET/3aII/surface/MASKS/3aII_3044SE_mask.png,1,3aII,surface,3aII_3044SE,1,1,0.18459734,0.8154026,4
/home/ikk/renal-calculi-classificaction/DATASET/SECTION_SURFACE_DATASET/3aII/section/3aII_2654SE.png,/home/ikk/renal-calculi-classificaction/DATASET/SECTION_SURFACE_DATASET/3aII/section/MASKS/3aII_2654SE_mask.png,1,3aII,section,3aII_2654SE,1,1,0.26593342,0.7340666,4
/home/ikk/renal-calculi-classificaction/DATASET/SECTION_SURFACE_DATASET/3bII/surface/3bII_2024SE.jpg,/home/ikk/renal-calculi-classificaction/DATASET/SECTION_SURFACE_DATASET/3bII/surface/MASKS/3bII_2024SE_mask.png,1,3bII,surface,3bII_2024SE,1,1,0.022189867,0.97781014,4
/home/ikk/renal-calculi-classificaction/DATASET/SECTION_SURFACE_DATASET/3bII/surface/3bII_2663SE.png,/home/ikk/renal-calculi-classificaction/DATASET/SECTION_SURFACE_DATASET/3bII/surface/MASKS/3bII_2663SE_mask.png,1,3bII,surface,3bII_2663SE,1,1,0.18277057,0.8172294,4
/home/ikk/renal-calculi-classificaction/DATASET/SECTION_SURFACE_DATASET/3bII/surface/3bII_2434SE.png,/home/ikk/renal-calculi-classificaction/DATASET/SECTION_SURFACE_DATASET/3bII/surface/MASKS/3bII_2434SE_mask.png,1,3bII,surface,3bII_2434SE,1,1,0.19002669,0.80997336,4
/home/ikk/renal-calculi-classificaction/DATASET/SECTION_SURFACE_DATASET/3bII/surface/3bII_1914SE_2.jpg,/home/ikk/renal-calculi-classificaction/DATASET/SECTION_SURFACE_DATASET/3bII/surface/MASKS/3bII_1914SE_2_mask.png,1,3bII,surface,3bII_1914SE,1,1,0.047139686,0.95286036,4
/home/ikk/renal-calculi-classificaction/DATASET/SECTION_SURFACE_DATASET/3bII/surface/3bII_1914SE.jpg,/home/ikk/renal-calculi-classificaction/DATASET/SECTION_SURFACE_DATASET/3bII/surface/MASKS/3bII_1914SE_mask.png,1,3bII,surface,3bII_1914SE,1,1,0.06528365,0.93471634,4
/home/ikk/renal-calculi-classificaction/DATASET/SECTION_SURFACE_DATASET/3bII/section/3bII_2.png,/home/ikk/renal-calculi-classificaction/DATASET/SECTION_SURFACE_DATASET/3bII/section/MASKS/3bII_2_mask.png,1,3bII,section,3bII_2,1,1,0.0728226,0.9271774,4
/home/ikk/renal-calculi-classificaction/DATASET/SECTION_SURFACE_DATASET/3bII/section/3bII_3364SE.jpg,/home/ikk/renal-calculi-classificaction/DATASET/SECTION_SURFACE_DATASET/3bII/section/MASKS/3bII_3364SE_mask.png,1,3bII,section,3bII_3364SE,1,1,0.03759624,0.96240383,4
/home/ikk/renal-calculi-classificaction/DATASET/SECTION_SURFACE_DATASET/3bII/section/3bII_3471SE.png,/home/ikk/renal-calculi-classificaction/DATASET/SECTION_SURFACE_DATASET/3bII/section/MASKS/3bII_3471SE_mask.png,1,3bII,section,3bII_3471SE,1,1,0.0061557125,0.9938443,4
/home/ikk/renal-calculi-classificaction/DATASET/SECTION_SURFACE_DATASET/3bII/section/3bII_1816SE.jpg,/home/ikk/renal-calculi-classificaction/DATASET/SECTION_SURFACE_DATASET/3bII/section/MASKS/3bII_1816SE_mask.png,1,3bII,section,3bII_1816SE,1,1,0.07554152,0.92445844,4
/home/ikk/renal-calculi-classificaction/DATASET/SECTION_SURFACE_DATASET/3bII/section/3bII_2187SE.jpg,/home/ikk/renal-calculi-classificaction/DATASET/SECTION_SURFACE_DATASET/3bII/section/MASKS/3bII_2187SE_mask.png,1,3bII,section,3bII_2187SE,0,1,0.91443,0.085569926,4
/home/ikk/renal-calculi-classificaction/DATASET/SECTION_SURFACE_DATASET/3bII/section/3bII_5.jpg,/home/ikk/renal-calculi-classificaction/DATASET/SECTION_SURFACE_DATASET/3bII/section/MASKS/3bII_5_mask.png,1,3bII,section,3bII_5,1,1,0.005047327,0.9949527,4
/home/ikk/renal-calculi-classificaction/DATASET/SECTION_SURFACE_DATASET/3bII/section/3bII_2871SE.jpg,/home/ikk/renal-calculi-classificaction/DATASET/SECTION_SURFACE_DATASET/3bII/section/MASKS/3bII_2871SE_mask.png,1,3bII,section,3bII_2871SE,1,1,0.32376367,0.6762364,4
/home/ikk/renal-calculi-classificaction/DATASET/SECTION_SURFACE_DATASET/2a/surface/2a_1878SE.jpg,/home/ikk/renal-calculi-classificaction/DATASET/SECTION_SURFACE_DATASET/2a/surface/MASKS/2a_1878SE_mask.png,0,2a,surface,2a_1878SE,0,0,0.50780326,0.4921967,4
/home/ikk/renal-calculi-classificaction/DATASET/SECTION_SURFACE_DATASET/2a/surface/2a_2156SE.jpg,/home/ikk/renal-calculi-classificaction/DATASET/SECTION_SURFACE_DATASET/2a/surface/MASKS/2a_2156SE_mask.png,0,2a,surface,2a_2156SE,0,0,0.8283264,0.17167361,4
/home/ikk/renal-calculi-classificaction/DATASET/SECTION_SURFACE_DATASET/2a/surface/2a_1782SE_surface.jpg,/home/ikk/renal-calculi-classificaction/DATASET/SECTION_SURFACE_DATASET/2a/surface/MASKS/2a_1782SE_surface_mask.png,0,2a,surface,2a_1782SE,0,0,0.66349095,0.33650905,4
/home/ikk/renal-calculi-classificaction/DATASET/SECTION_SURFACE_DATASET/2a/surface/2aCOD_sup_3187SE_1.jpg,/home/ikk/renal-calculi-classificaction/DATASET/SECTION_SURFACE_DATASET/2a/surface/MASKS/2aCOD_sup_3187SE_1_mask.png,0,2a,surface,2aCOD_sup_3187SE,0,0,0.9366054,0.06339455,4
/home/ikk/renal-calculi-classificaction/DATASET/SECTION_SURFACE_DATASET/2a/surface/2a_3387SE.jpg,/home/ikk/renal-calculi-classificaction/DATASET/SECTION_SURFACE_DATASET/2a/surface/MASKS/2a_3387SE_mask.png,0,2a,surface,2a_3387SE,1,0,0.36026224,0.6397377,4
/home/ikk/renal-calculi-classificaction/DATASET/SECTION_SURFACE_DATASET/2a/surface/2aCOD_sup_3187SE_2.jpg,/home/ikk/renal-calculi-classificaction/DATASET/SECTION_SURFACE_DATASET/2a/surface/MASKS/2aCOD_sup_3187SE_2_mask.png,0,2a,surface,2aCOD_sup_3187SE,0,0,0.9894264,0.010573671,4
/home/ikk/renal-calculi-classificaction/DATASET/SECTION_SURFACE_DATASET/2a/surface/2a_3169SE_1.jpg,/home/ikk/renal-calculi-classificaction/DATASET/SECTION_SURFACE_DATASET/2a/surface/MASKS/2a_3169SE_1_mask.png,0,2a,surface,2a_3169SE,0,0,0.5422497,0.45775035,4
/home/ikk/renal-calculi-classificaction/DATASET/SECTION_SURFACE_DATASET/2a/surface/2a_1_surface.jpg,/home/ikk/renal-calculi-classificaction/DATASET/SECTION_SURFACE_DATASET/2a/surface/MASKS/2a_1_surface_mask.png,0,2a,surface,2a_1,0,0,0.6950207,0.3049793,4
/home/ikk/renal-calculi-classificaction/DATASET/SECTION_SURFACE_DATASET/2a/section/2a_3103SE_2.png,/home/ikk/renal-calculi-classificaction/DATASET/SECTION_SURFACE_DATASET/2a/section/MASKS/2a_3103SE_2_mask.png,0,2a,section,2a_3103SE,0,0,0.8102035,0.18979646,4
/home/ikk/renal-calculi-classificaction/DATASET/SECTION_SURFACE_DATASET/2a/section/2a_3169SE_2.jpg,/home/ikk/renal-calculi-classificaction/DATASET/SECTION_SURFACE_DATASET/2a/section/MASKS/2a_3169SE_2_mask.png,0,2a,section,2a_3169SE,0,0,0.9112353,0.08876474,4
/home/ikk/renal-calculi-classificaction/DATASET/SECTION_SURFACE_DATASET/2a/section/2aCOD_sup_3187SE_4.jpg,/home/ikk/renal-calculi-classificaction/DATASET/SECTION_SURFACE_DATASET/2a/section/MASKS/2aCOD_sup_3187SE_4_mask.png,0,2a,section,2aCOD_sup_3187SE,0,0,0.96273726,0.037262756,4
/home/ikk/renal-calculi-classificaction/DATASET/SECTION_SURFACE_DATASET/2a/section/2a_1_section.jpg,/home/ikk/renal-calculi-classificaction/DATASET/SECTION_SURFACE_DATASET/2a/section/MASKS/2a_1_section_mask.png,0,2a,section,2a_1,0,0,0.54242134,0.4575787,4
/home/ikk/renal-calculi-classificaction/DATASET/SECTION_SURFACE_DATASET/2a/section/2a_2668SE.png,/home/ikk/renal-calculi-classificaction/DATASET/SECTION_SURFACE_DATASET/2a/section/MASKS/2a_2668SE_mask.png,0,2a,section,2a_2668SE,0,0,0.5878904,0.4121096,4
/home/ikk/renal-calculi-classificaction/DATASET/SECTION_SURFACE_DATASET/2a/section/2a_2883SE.jpg,/home/ikk/renal-calculi-classificaction/DATASET/SECTION_SURFACE_DATASET/2a/section/MASKS/2a_2883SE_mask.png,0,2a,section,2a_2883SE,0,0,0.6913249,0.30867508,4
/home/ikk/renal-calculi-classificaction/DATASET/SECTION_SURFACE_DATASET/2a/section/2a_1782SE_section.jpg,/home/ikk/renal-calculi-classificaction/DATASET/SECTION_SURFACE_DATASET/2a/section/MASKS/2a_1782SE_section_mask.png,0,2a,section,2a_1782SE,0,0,0.7670774,0.23292266,4
/home/ikk/renal-calculi-classificaction/DATASET/SECTION_SURFACE_DATASET/2a/section/2a_2077SE.jpg,/home/ikk/renal-calculi-classificaction/DATASET/SECTION_SURFACE_DATASET/2a/section/MASKS/2a_2077SE_mask.png,0,2a,section,2a_2077SE,0,0,0.6816006,0.31839943,4
/home/ikk/renal-calculi-classificaction/DATASET/SECTION_SURFACE_DATASET/2a/section/2aCOD_sup_1.jpg,/home/ikk/renal-calculi-classificaction/DATASET/SECTION_SURFACE_DATASET/2a/section/MASKS/2aCOD_sup_1_mask.png,0,2a,section,2aCOD_sup_1,0,0,0.54574704,0.45425293,4
/home/ikk/renal-calculi-classificaction/DATASET/SECTION_SURFACE_DATASET/2a/section/2a_2.png,/home/ikk/renal-calculi-classificaction/DATASET/SECTION_SURFACE_DATASET/2a/section/MASKS/2a_2_mask.png,0,2a,section,2a_2,0,0,0.6072905,0.39270946,4
/home/ikk/renal-calculi-classificaction/DATASET/SECTION_SURFACE_DATASET/2a/section/2a_HAP_sup_3296SE.jpg,/home/ikk/renal-calculi-classificaction/DATASET/SECTION_SURFACE_DATASET/2a/section/MASKS/2a_HAP_sup_3296SE_mask.png,0,2a,section,2a_HAP_sup_3296SE,0,0,0.7944054,0.2055946,4
/home/ikk/renal-calculi-classificaction/DATASET/SECTION_SURFACE_DATASET/2a/section/2aCOD_sup_3187SE_3.jpg,/home/ikk/renal-calculi-classificaction/DATASET/SECTION_SURFACE_DATASET/2a/section/MASKS/2aCOD_sup_3187SE_3_mask.png,0,2a,section,2aCOD_sup_3187SE,0,0,0.98571867,0.01428129,4
/home/ikk/renal-calculi-classificaction/DATASET/SECTION_SURFACE_DATASET/2a/section/2a_2218SE.jpg,/home/ikk/renal-calculi-classificaction/DATASET/SECTION_SURFACE_DATASET/2a/section/MASKS/2a_2218SE_mask.png,0,2a,section,2a_2218SE,0,0,0.60755855,0.39244148,4
/home/ikk/renal-calculi-classificaction/DATASET/SECTION_SURFACE_DATASET/2a/section/2a_2790SE.jpg,/home/ikk/renal-calculi-classificaction/DATASET/SECTION_SURFACE_DATASET/2a/section/MASKS/2a_2790SE_mask.png,0,2a,section,2a_2790SE,1,0,0.44241902,0.557581,4
/home/ikk/renal-calculi-classificaction/DATASET/SECTION_SURFACE_DATASET/2a/section/2a_1878SE_2.jpg,/home/ikk/renal-calculi-classificaction/DATASET/SECTION_SURFACE_DATASET/2a/section/MASKS/2a_1878SE_2_mask.png,0,2a,section,2a_1878SE,1,0,0.34837994,0.65162003,4
/home/ikk/renal-calculi-classificaction/DATASET/SECTION_SURFACE_DATASET/2a/section/2a_3103SE_1.png,/home/ikk/renal-calculi-classificaction/DATASET/SECTION_SURFACE_DATASET/2a/section/MASKS/2a_3103SE_1_mask.png,0,2a,section,2a_3103SE,1,0,0.49598005,0.5040199,4
/home/ikk/renal-calculi-classificaction/DATASET/SECTION_SURFACE_DATASET/2a/section/2a_1938SE.jpg,/home/ikk/renal-calculi-classificaction/DATASET/SECTION_SURFACE_DATASET/2a/section/MASKS/2a_1938SE_mask.png,0,2a,section,2a_1938SE,0,0,0.81313664,0.18686338,4
/home/ikk/renal-calculi-classificaction/DATASET/SECTION_SURFACE_DATASET/4II-4I/surface/4I_3179SE.jpg,/home/ikk/renal-calculi-classificaction/DATASET/SECTION_SURFACE_DATASET/4II-4I/surface/MASKS/4I_3179SE_mask.png,1,4II-4I,surface,4I_3179SE,1,1,0.23425362,0.7657464,4
/home/ikk/renal-calculi-classificaction/DATASET/SECTION_SURFACE_DATASET/4II-4I/surface/4II_4.jpg,/home/ikk/renal-calculi-classificaction/DATASET/SECTION_SURFACE_DATASET/4II-4I/surface/MASKS/4II_4_mask.png,1,4II-4I,surface,4II_4,1,1,0.092056364,0.90794367,4
/home/ikk/renal-calculi-classificaction/DATASET/SECTION_SURFACE_DATASET/4II-4I/section/4II_1933SE.jpg,/home/ikk/renal-calculi-classificaction/DATASET/SECTION_SURFACE_DATASET/4II-4I/section/MASKS/4II_1933SE_mask.png,1,4II-4I,section,4II_1933SE,1,1,0.044908896,0.95509106,4
/home/ikk/renal-calculi-classificaction/DATASET/SECTION_SURFACE_DATASET/4II-4I/section/4II_9.png,/home/ikk/renal-calculi-classificaction/DATASET/SECTION_SURFACE_DATASET/4II-4I/section/MASKS/4II_9_mask.png,1,4II-4I,section,4II_9,1,1,0.05571959,0.94428045,4
/home/ikk/renal-calculi-classificaction/DATASET/SECTION_SURFACE_DATASET/4II-4I/section/4II_3012SE.jpg,/home/ikk/renal-calculi-classificaction/DATASET/SECTION_SURFACE_DATASET/4II-4I/section/MASKS/4II_3012SE_mask.png,1,4II-4I,section,4II_3012SE,1,1,0.0032258374,0.99677414,4
/home/ikk/renal-calculi-classificaction/DATASET/SECTION_SURFACE_DATASET/4II-4I/section/4I_COM_3445SE.jpg,/home/ikk/renal-calculi-classificaction/DATASET/SECTION_SURFACE_DATASET/4II-4I/section/MASKS/4I_COM_3445SE_mask.png,1,4II-4I,section,4I_COM_3445SE,1,1,0.11983709,0.8801629,4
/home/ikk/renal-calculi-classificaction/DATASET/SECTION_SURFACE_DATASET/4II-4I/section/4I_1931SE.jpg,/home/ikk/renal-calculi-classificaction/DATASET/SECTION_SURFACE_DATASET/4II-4I/section/MASKS/4I_1931SE_mask.png,1,4II-4I,section,4I_1931SE,1,1,0.26341859,0.73658144,4
/home/ikk/renal-calculi-classificaction/DATASET/SECTION_SURFACE_DATASET/4II-4I/section/4II_2620SE.png,/home/ikk/renal-calculi-classificaction/DATASET/SECTION_SURFACE_DATASET/4II-4I/section/MASKS/4II_2620SE_mask.png,1,4II-4I,section,4II_2620SE,1,1,0.28193134,0.71806866,4
/home/ikk/renal-calculi-classificaction/DATASET/SECTION_SURFACE_DATASET/4II-4I/section/4II_1933SE_2.jpg,/home/ikk/renal-calculi-classificaction/DATASET/SECTION_SURFACE_DATASET/4II-4I/section/MASKS/4II_1933SE_2_mask.png,1,4II-4I,section,4II_1933SE,1,1,0.03439603,0.96560395,4
/home/ikk/renal-calculi-classificaction/DATASET/SECTION_SURFACE_DATASET/4II-4I/section/4I_1931SE_2.jpg,/home/ikk/renal-calculi-classificaction/DATASET/SECTION_SURFACE_DATASET/4II-4I/section/MASKS/4I_1931SE_2_mask.png,1,4II-4I,section,4I_1931SE,1,1,0.1663012,0.8336988,4
/home/ikk/renal-calculi-classificaction/DATASET/SECTION_SURFACE_DATASET/4II-4I/section/4II_3040SE.png,/home/ikk/renal-calculi-classificaction/DATASET/SECTION_SURFACE_DATASET/4II-4I/section/MASKS/4II_3040SE_mask.png,1,4II-4I,section,4II_3040SE,1,1,0.27239475,0.7276052,4
/home/ikk/renal-calculi-classificaction/DATASET/SECTION_SURFACE_DATASET/4II-4I/section/4I_COM_1892SE_2.jpg,/home/ikk/renal-calculi-classificaction/DATASET/SECTION_SURFACE_DATASET/4II-4I/section/MASKS/4I_COM_1892SE_2_mask.png,1,4II-4I,section,4I_COM_1892SE,0,1,0.76978034,0.23021965,4
/home/ikk/renal-calculi-classificaction/DATASET/SECTION_SURFACE_DATASET/1aI/surface/1aI_2004SE_1.jpg,/home/ikk/renal-calculi-classificaction/DATASET/SECTION_SURFACE_DATASET/1aI/surface/MASKS/1aI_2004SE_1_mask.png,0,1aI,surface,1aI_2004SE,0,0,0.9308119,0.069188066,4
/home/ikk/renal-calculi-classificaction/DATASET/SECTION_SURFACE_DATASET/1aI/surface/1aI_3206SE_1.jpg,/home/ikk/renal-calculi-classificaction/DATASET/SECTION_SURFACE_DATASET/1aI/surface/MASKS/1aI_3206SE_1_mask.png,0,1aI,surface,1aI_3206SE,0,0,0.9271961,0.072803974,4
/home/ikk/renal-calculi-classificaction/DATASET/SECTION_SURFACE_DATASET/1aI/surface/1aI_2857SE_1.jpg,/home/ikk/renal-calculi-classificaction/DATASET/SECTION_SURFACE_DATASET/1aI/surface/MASKS/1aI_2857SE_1_mask.png,0,1aI,surface,1aI_2857SE,0,0,0.9259814,0.07401864,4
/home/ikk/renal-calculi-classificaction/DATASET/SECTION_SURFACE_DATASET/1aI/surface/1aI_2781SE.jpg,/home/ikk/renal-calculi-classificaction/DATASET/SECTION_SURFACE_DATASET/1aI/surface/MASKS/1aI_2781SE_mask.png,0,1aI,surface,1aI_2781SE,1,0,0.487233,0.512767,4
/home/ikk/renal-calculi-classificaction/DATASET/SECTION_SURFACE_DATASET/1aI/surface/1aI_COD_sup_2147SE_2.jpg,/home/ikk/renal-calculi-classificaction/DATASET/SECTION_SURFACE_DATASET/1aI/surface/MASKS/1aI_COD_sup_2147SE_2_mask.png,0,1aI,surface,1aI_COD_sup_2147SE,0,0,0.9764705,0.023529481,4
/home/ikk/renal-calculi-classificaction/DATASET/SECTION_SURFACE_DATASET/1aI/surface/1aI_2895SE.jpg,/home/ikk/renal-calculi-classificaction/DATASET/SECTION_SURFACE_DATASET/1aI/surface/MASKS/1aI_2895SE_mask.png,0,1aI,surface,1aI_2895SE,0,0,0.9108537,0.08914634,4
/home/ikk/renal-calculi-classificaction/DATASET/SECTION_SURFACE_DATASET/1aI/surface/1aI_2138SE_1.jpg,/home/ikk/renal-calculi-classificaction/DATASET/SECTION_SURFACE_DATASET/1aI/surface/MASKS/1aI_2138SE_1_mask.png,0,1aI,surface,1aI_2138SE,0,0,0.8918239,0.10817613,4
/home/ikk/renal-calculi-classificaction/DATASET/SECTION_SURFACE_DATASET/1aI/surface/1aI_2004SE_2.jpg,/home/ikk/renal-calculi-classificaction/DATASET/SECTION_SURFACE_DATASET/1aI/surface/MASKS/1aI_2004SE_2_mask.png,0,1aI,surface,1aI_2004SE,0,0,0.81653047,0.18346949,4
/home/ikk/renal-calculi-classificaction/DATASET/SECTION_SURFACE_DATASET/1aI/surface/1aI_COD_sup_1829SE.jpg,/home/ikk/renal-calculi-classificaction/DATASET/SECTION_SURFACE_DATASET/1aI/surface/MASKS/1aI_COD_sup_1829SE_mask.png,0,1aI,surface,1aI_COD_sup_1829SE,0,0,0.84410423,0.15589584,4
/home/ikk/renal-calculi-classificaction/DATASET/SECTION_SURFACE_DATASET/1aI/surface/1aI_1917SE.jpg,/home/ikk/renal-calculi-classificaction/DATASET/SECTION_SURFACE_DATASET/1aI/surface/MASKS/1aI_1917SE_mask.png,0,1aI,surface,1aI_1917SE,0,0,0.98095506,0.01904488,4
/home/ikk/renal-calculi-classificaction/DATASET/SECTION_SURFACE_DATASET/1aI/surface/1aI_1794SE.jpg,/home/ikk/renal-calculi-classificaction/DATASET/SECTION_SURFACE_DATASET/1aI/surface/MASKS/1aI_1794SE_mask.png,0,1aI,surface,1aI_1794SE,0,0,0.5679961,0.43200392,4
/home/ikk/renal-calculi-classificaction/DATASET/SECTION_SURFACE_DATASET/1aI/surface/1aI_COD_sup_2147SE_1.jpg,/home/ikk/renal-calculi-classificaction/DATASET/SECTION_SURFACE_DATASET/1aI/surface/MASKS/1aI_COD_sup_2147SE_1_mask.png,0,1aI,surface,1aI_COD_sup_2147SE,0,0,0.5354242,0.46457583,4
/home/ikk/renal-calculi-classificaction/DATASET/SECTION_SURFACE_DATASET/1aI/section/1aI_2138SE_2.jpg,/home/ikk/renal-calculi-classificaction/DATASET/SECTION_SURFACE_DATASET/1aI/section/MASKS/1aI_2138SE_2_mask.png,0,1aI,section,1aI_2138SE,0,0,0.9583121,0.0416879,4
