image_path,mask_path,label,folder,view,stone_id,pred,true,prob_COM,prob_COD,prob_Mixto,prob_Infeccioso,prob_Urico,fold
/home/ikk/renal-calculi-classificaction/DATASET/SECTION_SURFACE_DATASET/6/surface/6_2662SE_surface.png,/home/ikk/renal-calculi-classificaction/DATASET/SECTION_SURFACE_DATASET/6/surface/MASKS/6_2662SE_surface_mask.png,3,6,surface,6_2662SE,4,3,0.11638522,0.008989935,0.053762708,0.15879923,0.6620628,0
/home/ikk/renal-calculi-classificaction/DATASET/SECTION_SURFACE_DATASET/6/surface/6_3260SE.jpg,/home/ikk/renal-calculi-classificaction/DATASET/SECTION_SURFACE_DATASET/6/surface/MASKS/6_3260SE_mask.png,3,6,surface,6_3260SE,3,3,0.07901237,0.016951978,0.101000525,0.7838112,0.019223936,0
/home/ikk/renal-calculi-classificaction/DATASET/SECTION_SURFACE_DATASET/6/surface/6_2365SE_1.png,/home/ikk/renal-calculi-classificaction/DATASET/SECTION_SURFACE_DATASET/6/surface/MASKS/6_2365SE_1_mask.png,3,6,surface,6_2365SE,3,3,0.14216736,0.027474955,0.059441134,0.46382654,0.30709,0
/home/ikk/renal-calculi-classificaction/DATASET/SECTION_SURFACE_DATASET/6/section/6_2535SE_1.png,/home/ikk/renal-calculi-classificaction/DATASET/SECTION_SURFACE_DATASET/6/section/MASKS/6_2535SE_1_mask.png,3,6,section,6_2535SE,2,3,0.1911086,0.03943632,0.48564994,0.1810211,0.10278408,0
/home/ikk/renal-calculi-classificaction/DATASET/SECTION_SURFACE_DATASET/6/section/6_2662SE_section.png,/home/ikk/renal-calculi-classificaction/DATASET/SECTION_SURFACE_DATASET/6/section/MASKS/6_2662SE_section_mask.png,3,6,section,6_2662SE,2,3,0.15074806,0.13186093,0.451626,0.07315644,0.19260858,0
/home/ikk/renal-calculi-classificaction/DATASET/SECTION_SURFACE_DATASET/6/section/6_2535SE_2.png,/home/ikk/renal-calculi-classificaction/DATASET/SECTION_SURFACE_DATASET/6/section/MASKS/6_2535SE_2_mask.png,3,6,section,6_2535SE,3,3,0.041625652,0.03948342,0.36097494,0.50694275,0.050973244,0
/home/ikk/renal-calculi-classificaction/DATASET/SECTION_SURFACE_DATASET/6/section/6_3198SE.jpg,/home/ikk/renal-calculi-classificaction/DATASET/SECTION_SURFACE_DATASET/6/section/MASKS/6_3198SE_mask.png,3,6,section,6_3198SE,1,3,0.13024513,0.43796203,0.29664385,0.03827258,0.0968764,0
/home/ikk/renal-calculi-classificaction/DATASET/SECTION_SURFACE_DATASET/6/section/6_2365SE_2.png,/home/ikk/renal-calculi-classificaction/DATASET/SECTION_SURFACE_DATASET/6/section/MASKS/6_2365SE_2_mask.png,3,6,section,6_2365SE,3,3,0.07491704,0.01274187,0.25738046,0.6274176,0.027542973,0
/home/ikk/renal-calculi-classificaction/DATASET/SECTION_SURFACE_DATASET/6/section/6_2212SE.jpg,/home/ikk/renal-calculi-classificaction/DATASET/SECTION_SURFACE_DATASET/6/section/MASKS/6_2212SE_mask.png,3,6,section,6_2212SE,3,3,0.015162998,0.0117035955,0.1424689,0.82127726,0.009387267,0
/home/ikk/renal-calculi-classificaction/DATASET/SECTION_SURFACE_DATASET/8aI - 8aII/surface/8aII_2951SE.jpg,/home/ikk/renal-calculi-classificaction/DATASET/SECTION_SURFACE_DATASET/8aI - 8aII/surface/MASKS/8aII_2951SE_mask.png,4,8aI - 8aII,surface,8aII_2951SE,4,4,0.09006268,0.00987182,0.16838577,0.026097858,0.70558184,0
/home/ikk/renal-calculi-classificaction/DATASET/SECTION_SURFACE_DATASET/8aI - 8aII/surface/8aI_2044SE_1.jpg,/home/ikk/renal-calculi-classificaction/DATASET/SECTION_SURFACE_DATASET/8aI - 8aII/surface/MASKS/8aI_2044SE_1_mask.png,4,8aI - 8aII,surface,8aI_2044SE,4,4,0.2431858,0.009913134,0.014608788,0.08201143,0.65028083,0
/home/ikk/renal-calculi-classificaction/DATASET/SECTION_SURFACE_DATASET/8aI - 8aII/surface/8aII_2826SE.jpg,/home/ikk/renal-calculi-classificaction/DATASET/SECTION_SURFACE_DATASET/8aI - 8aII/surface/MASKS/8aII_2826SE_mask.png,4,8aI - 8aII,surface,8aII_2826SE,4,4,0.068355866,0.037589684,0.091899,0.009264279,0.79289126,0
/home/ikk/renal-calculi-classificaction/DATASET/SECTION_SURFACE_DATASET/8aI - 8aII/section/8aII_2106SE.jpg,/home/ikk/renal-calculi-classificaction/DATASET/SECTION_SURFACE_DATASET/8aI - 8aII/section/MASKS/8aII_2106SE_mask.png,4,8aI - 8aII,section,8aII_2106SE,4,4,0.045053054,0.04527241,0.23582835,0.056180906,0.6176653,0
/home/ikk/renal-calculi-classificaction/DATASET/SECTION_SURFACE_DATASET/8aI - 8aII/section/8aI_2044SE_2.jpg,/home/ikk/renal-calculi-classificaction/DATASET/SECTION_SURFACE_DATASET/8aI - 8aII/section/MASKS/8aI_2044SE_2_mask.png,4,8aI - 8aII,section,8aI_2044SE,4,4,0.3767583,0.01159327,0.008799535,0.0126363635,0.5902126,0
/home/ikk/renal-calculi-classificaction/DATASET/SECTION_SURFACE_DATASET/8aI - 8aII/section/8aII_2515SE.png,/home/ikk/renal-calculi-classificaction/DATASET/SECTION_SURFACE_DATASET/8aI - 8aII/section/MASKS/8aII_2515SE_mask.png,4,8aI - 8aII,section,8aII_2515SE,4,4,0.21903723,0.008961713,0.0096357735,0.015367172,0.7469982,0
/home/ikk/renal-calculi-classificaction/DATASET/SECTION_SURFACE_DATASET/8aI - 8aII/section/8aII_3102SE.png,/home/ikk/renal-calculi-classificaction/DATASET/SECTION_SURFACE_DATASET/8aI - 8aII/section/MASKS/8aII_3102SE_mask.png,4,8aI - 8aII,section,8aII_3102SE,4,4,0.02427956,0.0023173944,0.007483177,0.0027185134,0.96320134,0
/home/ikk/renal-calculi-classificaction/DATASET/SECTION_SURFACE_DATASET/3aII/surface/3aII_2047SE.jpg,/home/ikk/renal-calculi-classificaction/DATASET/SECTION_SURFACE_DATASET/3aII/surface/MASKS/3aII_2047SE_mask.png,1,3aII,surface,3aII_2047SE,2,1,0.28390577,0.29230475,0.32217202,0.04491827,0.056699146,0
/home/ikk/renal-calculi-classificaction/DATASET/SECTION_SURFACE_DATASET/3aII/surface/3aII_3381SE.jpg,/home/ikk/renal-calculi-classificaction/DATASET/SECTION_SURFACE_DATASET/3aII/surface/MASKS/3aII_3381SE_mask.png,1,3aII,surface,3aII_3381SE,1,1,0.0142461825,0.81380266,0.10589803,0.028364357,0.037688844,0
/home/ikk/renal-calculi-classificaction/DATASET/SECTION_SURFACE_DATASET/3aII/surface/3aII_2682SE.png,/home/ikk/renal-calculi-classificaction/DATASET/SECTION_SURFACE_DATASET/3aII/surface/MASKS/3aII_2682SE_mask.png,1,3aII,surface,3aII_2682SE,1,1,0.080690645,0.539963,0.16224694,0.013069491,0.20402999,0
/home/ikk/renal-calculi-classificaction/DATASET/SECTION_SURFACE_DATASET/3bII/surface/3bII_2024SE.jpg,/home/ikk/renal-calculi-classificaction/DATASET/SECTION_SURFACE_DATASET/3bII/surface/MASKS/3bII_2024SE_mask.png,2,3bII,surface,3bII_2024SE,1,2,0.043890994,0.4113224,0.312099,0.12343674,0.10925093,0
/home/ikk/renal-calculi-classificaction/DATASET/SECTION_SURFACE_DATASET/3bII/surface/3bII_1863SE.jpg,/home/ikk/renal-calculi-classificaction/DATASET/SECTION_SURFACE_DATASET/3bII/surface/MASKS/3bII_1863SE_mask.png,2,3bII,surface,3bII_1863SE,2,2,0.30528462,0.1742464,0.47695443,0.0107375095,0.032777093,0
/home/ikk/renal-calculi-classificaction/DATASET/SECTION_SURFACE_DATASET/3bII/surface/3bII_2434SE.png,/home/ikk/renal-calculi-classificaction/DATASET/SECTION_SURFACE_DATASET/3bII/surface/MASKS/3bII_2434SE_mask.png,2,3bII,surface,3bII_2434SE,0,2,0.37344658,0.19601083,0.36155772,0.021636827,0.04734802,0
/home/ikk/renal-calculi-classificaction/DATASET/SECTION_SURFACE_DATASET/3bII/surface/3bII_3007SE.jpg,/home/ikk/renal-calculi-classificaction/DATASET/SECTION_SURFACE_DATASET/3bII/surface/MASKS/3bII_3007SE_mask.png,2,3bII,surface,3bII_3007SE,2,2,0.053835917,0.23705937,0.62134254,0.057554934,0.030207222,0
/home/ikk/renal-calculi-classificaction/DATASET/SECTION_SURFACE_DATASET/3bII/surface/3bII_2258SE.png,/home/ikk/renal-calculi-classificaction/DATASET/SECTION_SURFACE_DATASET/3bII/surface/MASKS/3bII_2258SE_mask.png,2,3bII,surface,3bII_2258SE,2,2,0.19908874,0.086200215,0.4788571,0.18555297,0.050301015,0
/home/ikk/renal-calculi-classificaction/DATASET/SECTION_SURFACE_DATASET/3bII/surface/3bII_2699SE.jpg,/home/ikk/renal-calculi-classificaction/DATASET/SECTION_SURFACE_DATASET/3bII/surface/MASKS/3bII_2699SE_mask.png,2,3bII,surface,3bII_2699SE,1,2,0.23118287,0.3637676,0.16741906,0.097747445,0.13988307,0
/home/ikk/renal-calculi-classificaction/DATASET/SECTION_SURFACE_DATASET/3bII/surface/3bII_2251SE.png,/home/ikk/renal-calculi-classificaction/DATASET/SECTION_SURFACE_DATASET/3bII/surface/MASKS/3bII_2251SE_mask.png,2,3bII,surface,3bII_2251SE,2,2,0.07116112,0.16694896,0.7384893,0.01599614,0.0074045844,0
/home/ikk/renal-calculi-classificaction/DATASET/SECTION_SURFACE_DATASET/3bII/surface/3bII_1985SE_1.jpg,/home/ikk/renal-calculi-classificaction/DATASET/SECTION_SURFACE_DATASET/3bII/surface/MASKS/3bII_1985SE_1_mask.png,2,3bII,surface,3bII_1985SE,2,2,0.42419162,0.0880861,0.43207952,0.025571272,0.03007149,0
/home/ikk/renal-calculi-classificaction/DATASET/SECTION_SURFACE_DATASET/3bII/section/3bII_3069SE.png,/home/ikk/renal-calculi-classificaction/DATASET/SECTION_SURFACE_DATASET/3bII/section/MASKS/3bII_3069SE_mask.png,2,3bII,section,3bII_3069SE,2,2,0.34756505,0.09474992,0.46611536,0.013529856,0.078039914,0
/home/ikk/renal-calculi-classificaction/DATASET/SECTION_SURFACE_DATASET/3bII/section/3bII_1985SE_2.jpg,/home/ikk/renal-calculi-classificaction/DATASET/SECTION_SURFACE_DATASET/3bII/section/MASKS/3bII_1985SE_2_mask.png,2,3bII,section,3bII_1985SE,2,2,0.1498215,0.1379116,0.353901,0.3125667,0.045799214,0
/home/ikk/renal-calculi-classificaction/DATASET/SECTION_SURFACE_DATASET/3bII/section/3bII_MO_1868SE.jpg,/home/ikk/renal-calculi-classificaction/DATASET/SECTION_SURFACE_DATASET/3bII/section/MASKS/3bII_MO_1868SE_mask.png,2,3bII,section,3bII_MO_1868SE,1,2,0.018805487,0.60898614,0.30421445,0.015979711,0.052014213,0
/home/ikk/renal-calculi-classificaction/DATASET/SECTION_SURFACE_DATASET/3bII/section/3bII_1804SE.jpg,/home/ikk/renal-calculi-classificaction/DATASET/SECTION_SURFACE_DATASET/3bII/section/MASKS/3bII_1804SE_mask.png,2,3bII,section,3bII_1804SE,2,2,0.26620644,0.044015277,0.5704804,0.05861984,0.060678028,0
/home/ikk/renal-calculi-classificaction/DATASET/SECTION_SURFACE_DATASET/3bII/section/3bII_1941SE.jpg,/home/ikk/renal-calculi-classificaction/DATASET/SECTION_SURFACE_DATASET/3bII/section/MASKS/3bII_1941SE_mask.png,2,3bII,section,3bII_1941SE,2,2,0.06572551,0.031811174,0.7828909,0.08587031,0.033702046,0
/home/ikk/renal-calculi-classificaction/DATASET/SECTION_SURFACE_DATASET/3bII/section/3bII_2759SE.jpg,/home/ikk/renal-calculi-classificaction/DATASET/SECTION_SURFACE_DATASET/3bII/section/MASKS/3bII_2759SE_mask.png,2,3bII,section,3bII_2759SE,2,2,0.046844848,0.077047534,0.7562476,0.095636815,0.024223264,0
/home/ikk/renal-calculi-classificaction/DATASET/SECTION_SURFACE_DATASET/2a/surface/2a_1796SE_2.jpg,/home/ikk/renal-calculi-classificaction/DATASET/SECTION_SURFACE_DATASET/2a/surface/MASKS/2a_1796SE_2_mask.png,0,2a,surface,2a_1796SE,0,0,0.45162377,0.03235165,0.44968727,0.023907345,0.04242992,0
/home/ikk/renal-calculi-classificaction/DATASET/SECTION_SURFACE_DATASET/2a/surface/2a_2156SE.jpg,/home/ikk/renal-calculi-classificaction/DATASET/SECTION_SURFACE_DATASET/2a/surface/MASKS/2a_2156SE_mask.png,0,2a,surface,2a_2156SE,0,0,0.6650829,0.010523396,0.10779321,0.07885707,0.13774343,0
/home/ikk/renal-calculi-classificaction/DATASET/SECTION_SURFACE_DATASET/2a/surface/2a_1782SE_surface.jpg,/home/ikk/renal-calculi-classificaction/DATASET/SECTION_SURFACE_DATASET/2a/surface/MASKS/2a_1782SE_surface_mask.png,0,2a,surface,2a_1782SE,2,0,0.3156638,0.058243133,0.47813234,0.039323274,0.10863748,0
/home/ikk/renal-calculi-classificaction/DATASET/SECTION_SURFACE_DATASET/2a/surface/2a_1939SE.jpg,/home/ikk/renal-calculi-classificaction/DATASET/SECTION_SURFACE_DATASET/2a/surface/MASKS/2a_1939SE_mask.png,0,2a,surface,2a_1939SE,0,0,0.7388181,0.011532303,0.063425936,0.13199404,0.054229643,0
/home/ikk/renal-calculi-classificaction/DATASET/SECTION_SURFACE_DATASET/2a/surface/2a_3387SE.jpg,/home/ikk/renal-calculi-classificaction/DATASET/SECTION_SURFACE_DATASET/2a/surface/MASKS/2a_3387SE_mask.png,0,2a,surface,2a_3387SE,0,0,0.5894459,0.045328733,0.16244718,0.11500372,0.08777452,0
/home/ikk/renal-calculi-classificaction/DATASET/SECTION_SURFACE_DATASET/2a/surface/2a_1796SE.jpg,/home/ikk/renal-calculi-classificaction/DATASET/SECTION_SURFACE_DATASET/2a/surface/MASKS/2a_1796SE_mask.png,0,2a,surface,2a_1796SE,0,0,0.5345668,0.08630024,0.12691541,0.012599428,0.23961806,0
/home/ikk/renal-calculi-classificaction/DATASET/SECTION_SURFACE_DATASET/2a/section/2a_2883SE.jpg,/home/ikk/renal-calculi-classificaction/DATASET/SECTION_SURFACE_DATASET/2a/section/MASKS/2a_2883SE_mask.png,0,2a,section,2a_2883SE,0,0,0.47788206,0.023102509,0.3893292,0.011299402,0.098386824,0
/home/ikk/renal-calculi-classificaction/DATASET/SECTION_SURFACE_DATASET/2a/section/2a_1782SE_section.jpg,/home/ikk/renal-calculi-classificaction/DATASET/SECTION_SURFACE_DATASET/2a/section/MASKS/2a_1782SE_section_mask.png,0,2a,section,2a_1782SE,2,0,0.3821223,0.07410623,0.4582918,0.01744262,0.06803703,0
/home/ikk/renal-calculi-classificaction/DATASET/SECTION_SURFACE_DATASET/2a/section/2a_2149SE_1.jpg,/home/ikk/renal-calculi-classificaction/DATASET/SECTION_SURFACE_DATASET/2a/section/MASKS/2a_2149SE_1_mask.png,0,2a,section,2a_2149SE,0,0,0.9389138,0.011242397,0.018725188,0.011235778,0.019882837,0
/home/ikk/renal-calculi-classificaction/DATASET/SECTION_SURFACE_DATASET/2a/section/2a_1939SE_3.jpg,/home/ikk/renal-calculi-classificaction/DATASET/SECTION_SURFACE_DATASET/2a/section/MASKS/2a_1939SE_3_mask.png,0,2a,section,2a_1939SE,0,0,0.39956743,0.053327553,0.30661544,0.0878507,0.15263888,0
/home/ikk/renal-calculi-classificaction/DATASET/SECTION_SURFACE_DATASET/2a/section/2a_1910SE.jpg,/home/ikk/renal-calculi-classificaction/DATASET/SECTION_SURFACE_DATASET/2a/section/MASKS/2a_1910SE_mask.png,0,2a,section,2a_1910SE,2,0,0.277184,0.017639838,0.37538177,0.28873897,0.041055415,0
/home/ikk/renal-calculi-classificaction/DATASET/SECTION_SURFACE_DATASET/2a/section/2a_1960SE.jpg,/home/ikk/renal-calculi-classificaction/DATASET/SECTION_SURFACE_DATASET/2a/section/MASKS/2a_1960SE_mask.png,0,2a,section,2a_1960SE,0,0,0.60015166,0.022719568,0.27710608,0.054476906,0.04554582,0
/home/ikk/renal-calculi-classificaction/DATASET/SECTION_SURFACE_DATASET/2a/section/2a_2218SE.jpg,/home/ikk/renal-calculi-classificaction/DATASET/SECTION_SURFACE_DATASET/2a/section/MASKS/2a_2218SE_mask.png,0,2a,section,2a_2218SE,2,0,0.33076987,0.064709775,0.53364044,0.028911041,0.04196886,0
/home/ikk/renal-calculi-classificaction/DATASET/SECTION_SURFACE_DATASET/2a/section/2a_3345SE.jpg,/home/ikk/renal-calculi-classificaction/DATASET/SECTION_SURFACE_DATASET/2a/section/MASKS/2a_3345SE_mask.png,0,2a,section,2a_3345SE,2,0,0.29626986,0.06791784,0.4711194,0.052749135,0.11194371,0
/home/ikk/renal-calculi-classificaction/DATASET/SECTION_SURFACE_DATASET/2a/section/2a_2149SE_2.jpg,/home/ikk/renal-calculi-classificaction/DATASET/SECTION_SURFACE_DATASET/2a/section/MASKS/2a_2149SE_2_mask.png,0,2a,section,2a_2149SE,0,0,0.8856727,0.0126899,0.025184512,0.021513514,0.054939367,0
/home/ikk/renal-calculi-classificaction/DATASET/SECTION_SURFACE_DATASET/2a/section/2a_2708SE.jpg,/home/ikk/renal-calculi-classificaction/DATASET/SECTION_SURFACE_DATASET/2a/section/MASKS/2a_2708SE_mask.png,0,2a,section,2a_2708SE,2,0,0.05962916,0.17562987,0.6804392,0.032793928,0.051507816,0
/home/ikk/renal-calculi-classificaction/DATASET/SECTION_SURFACE_DATASET/2a/section/2a_2060SE.jpg,/home/ikk/renal-calculi-classificaction/DATASET/SECTION_SURFACE_DATASET/2a/section/MASKS/2a_2060SE_mask.png,0,2a,section,2a_2060SE,2,0,0.10915601,0.008860079,0.86120707,0.006180767,0.0145960115,0
/home/ikk/renal-calculi-classificaction/DATASET/SECTION_SURFACE_DATASET/2a/section/2a_2790SE.jpg,/home/ikk/renal-calculi-classificaction/DATASET/SECTION_SURFACE_DATASET/2a/section/MASKS/2a_2790SE_mask.png,0,2a,section,2a_2790SE,2,0,0.1417212,0.01591555,0.7544498,0.029670566,0.058242895,0
/home/ikk/renal-calculi-classificaction/DATASET/SECTION_SURFACE_DATASET/2a/section/2a_1980SE.jpg,/home/ikk/renal-calculi-classificaction/DATASET/SECTION_SURFACE_DATASET/2a/section/MASKS/2a_1980SE_mask.png,0,2a,section,2a_1980SE,0,0,0.3967373,0.03864511,0.14542659,0.1866559,0.23253511,0
/home/ikk/renal-calculi-classificaction/DATASET/SECTION_SURFACE_DATASET/2a/section/2a_3382SE.jpg,/home/ikk/renal-calculi-classificaction/DATASET/SECTION_SURFACE_DATASET/2a/section/MASKS/2a_3382SE_mask.png,0,2a,section,2a_3382SE,2,0,0.16964777,0.13105316,0.4537473,0.0757287,0.1698231,0
/home/ikk/renal-calculi-classificaction/DATASET/SECTION_SURFACE_DATASET/2a/section/2a_1939SE_2.jpg,/home/ikk/renal-calculi-classificaction/DATASET/SECTION_SURFACE_DATASET/2a/section/MASKS/2a_1939SE_2_mask.png,0,2a,section,2a_1939SE,0,0,0.9211739,0.010558113,0.03127232,0.009854048,0.027141692,0
/home/ikk/renal-calculi-classificaction/DATASET/SECTION_SURFACE_DATASET/4II-4I/surface/4II_2731SE.jpg,/home/ikk/renal-calculi-classificaction/DATASET/SECTION_SURFACE_DATASET/4II-4I/surface/MASKS/4II_2731SE_mask.png,2,4II-4I,surface,4II_2731SE,1,2,0.09929655,0.4143741,0.35643935,0.057289522,0.07260042,0
/home/ikk/renal-calculi-classificaction/DATASET/SECTION_SURFACE_DATASET/4II-4I/surface/4II_1906SE.jpg,/home/ikk/renal-calculi-classificaction/DATASET/SECTION_SURFACE_DATASET/4II-4I/surface/MASKS/4II_1906SE_mask.png,2,4II-4I,surface,4II_1906SE,1,2,0.22938237,0.38331962,0.23670882,0.071705915,0.07888331,0
/home/ikk/renal-calculi-classificaction/DATASET/SECTION_SURFACE_DATASET/4II-4I/surface/4II_1906SE_2.jpg,/home/ikk/renal-calculi-classificaction/DATASET/SECTION_SURFACE_DATASET/4II-4I/surface/MASKS/4II_1906SE_2_mask.png,2,4II-4I,surface,4II_1906SE,2,2,0.19234017,0.24017857,0.5306195,0.013323975,0.02353779,0
/home/ikk/renal-calculi-classificaction/DATASET/SECTION_SURFACE_DATASET/4II-4I/surface/4I_3506SE.png,/home/ikk/renal-calculi-classificaction/DATASET/SECTION_SURFACE_DATASET/4II-4I/surface/MASKS/4I_3506SE_mask.png,2,4II-4I,surface,4I_3506SE,2,2,0.1797993,0.06779835,0.6110482,0.049780127,0.091573946,0
/home/ikk/renal-calculi-classificaction/DATASET/SECTION_SURFACE_DATASET/4II-4I/section/4II_1933SE.jpg,/home/ikk/renal-calculi-classificaction/DATASET/SECTION_SURFACE_DATASET/4II-4I/section/MASKS/4II_1933SE_mask.png,2,4II-4I,section,4II_1933SE,2,2,0.027268842,0.06636746,0.64279544,0.15519993,0.108368345,0
/home/ikk/renal-calculi-classificaction/DATASET/SECTION_SURFACE_DATASET/4II-4I/section/4II_9.png,/home/ikk/renal-calculi-classificaction/DATASET/SECTION_SURFACE_DATASET/4II-4I/section/MASKS/4II_9_mask.png,2,4II-4I,section,4II_9,2,2,0.0894173,0.12153632,0.3944973,0.38095012,0.013598971,0
/home/ikk/renal-calculi-classificaction/DATASET/SECTION_SURFACE_DATASET/4II-4I/section/4I_2753SE.jpg,/home/ikk/renal-calculi-classificaction/DATASET/SECTION_SURFACE_DATASET/4II-4I/section/MASKS/4I_2753SE_mask.png,2,4II-4I,section,4I_2753SE,2,2,0.07700104,0.028027805,0.30385432,0.28909025,0.30202663,0
/home/ikk/renal-calculi-classificaction/DATASET/SECTION_SURFACE_DATASET/4II-4I/section/4II_3132SE.png,/home/ikk/renal-calculi-classificaction/DATASET/SECTION_SURFACE_DATASET/4II-4I/section/MASKS/4II_3132SE_mask.png,2,4II-4I,section,4II_3132SE,2,2,0.047264032,0.060251746,0.74074054,0.0885405,0.06320325,0
/home/ikk/renal-calculi-classificaction/DATASET/SECTION_SURFACE_DATASET/4II-4I/section/4I_COM_1898SE.jpg,/home/ikk/renal-calculi-classificaction/DATASET/SECTION_SURFACE_DATASET/4II-4I/section/MASKS/4I_COM_1898SE_mask.png,2,4II-4I,section,4I_COM_1898SE,2,2,0.25992873,0.05506294,0.3980853,0.032339323,0.2545837,0
/home/ikk/renal-calculi-classificaction/DATASET/SECTION_SURFACE_DATASET/4II-4I/section/4II_1933SE_2.jpg,/home/ikk/renal-calculi-classificaction/DATASET/SECTION_SURFACE_DATASET/4II-4I/section/MASKS/4II_1933SE_2_mask.png,2,4II-4I,section,4II_1933SE,2,2,0.077759944,0.052762464,0.73227596,0.08605679,0.051144823,0
/home/ikk/renal-calculi-classificaction/DATASET/SECTION_SURFACE_DATASET/4II-4I/section/4II_3166SE.jpg,/home/ikk/renal-calculi-classificaction/DATASET/SECTION_SURFACE_DATASET/4II-4I/section/MASKS/4II_3166SE_mask.png,2,4II-4I,section,4II_3166SE,2,2,0.080950916,0.061750367,0.574602,0.21268767,0.07000906,0
/home/ikk/renal-calculi-classificaction/DATASET/SECTION_SURFACE_DATASET/1aI/surface/1aI_COD_sup_1828SE.jpg,/home/ikk/renal-calculi-classificaction/DATASET/SECTION_SURFACE_DATASET/1aI/surface/MASKS/1aI_COD_sup_1828SE_mask.png,0,1aI,surface,1aI_COD_sup_1828SE,0,0,0.7466574,0.022123417,0.04720597,0.08477982,0.099233456,0
/home/ikk/renal-calculi-classificaction/DATASET/SECTION_SURFACE_DATASET/1aI/surface/1aI_3111SE.png,/home/ikk/renal-calculi-classificaction/DATASET/SECTION_SURFACE_DATASET/1aI/surface/MASKS/1aI_3111SE_mask.png,0,1aI,surface,1aI_3111SE,0,0,0.8303101,0.010199897,0.079211295,0.016886333,0.0633924,0
/home/ikk/renal-calculi-classificaction/DATASET/SECTION_SURFACE_DATASET/1aI/surface/1aI_COD_sup_2524SE.png,/home/ikk/renal-calculi-classificaction/DATASET/SECTION_SURFACE_DATASET/1aI/surface/MASKS/1aI_COD_sup_2524SE_mask.png,0,1aI,surface,1aI_COD_sup_2524SE,0,0,0.7699146,0.013550477,0.17371355,0.013902306,0.028918989,0
/home/ikk/renal-calculi-classificaction/DATASET/SECTION_SURFACE_DATASET/1aI/surface/1aI_COD_sup_1929SE.jpg,/home/ikk/renal-calculi-classificaction/DATASET/SECTION_SURFACE_DATASET/1aI/surface/MASKS/1aI_COD_sup_1929SE_mask.png,0,1aI,surface,1aI_COD_sup_1929SE,0,0,0.88317025,0.00951832,0.062717654,0.03143781,0.013156004,0
/home/ikk/renal-calculi-classificaction/DATASET/SECTION_SURFACE_DATASET/1aI/surface/1aI_1992SE_2.jpg,/home/ikk/renal-calculi-classificaction/DATASET/SECTION_SURFACE_DATASET/1aI/surface/MASKS/1aI_1992SE_2_mask.png,0,1aI,surface,1aI_1992SE,0,0,0.91570574,0.0045383163,0.029068224,0.031127593,0.019560063,0
/home/ikk/renal-calculi-classificaction/DATASET/SECTION_SURFACE_DATASET/1aI/surface/1aI_1794SE.jpg,/home/ikk/renal-calculi-classificaction/DATASET/SECTION_SURFACE_DATASET/1aI/surface/MASKS/1aI_1794SE_mask.png,0,1aI,surface,1aI_1794SE,0,0,0.46435827,0.011006444,0.062354676,0.13914539,0.3231353,0
/home/ikk/renal-calculi-classificaction/DATASET/SECTION_SURFACE_DATASET/1aI/surface/1aI_2411SE_1.png,/home/ikk/renal-calculi-classificaction/DATASET/SECTION_SURFACE_DATASET/1aI/surface/MASKS/1aI_2411SE_1_mask.png,0,1aI,surface,1aI_2411SE,0,0,0.5205574,0.21665685,0.08475606,0.0379223,0.14010735,0
/home/ikk/renal-calculi-classificaction/DATASET/SECTION_SURFACE_DATASET/1aI/surface/1aI_1992SE_1.jpg,/home/ikk/renal-calculi-classificaction/DATASET/SECTION_SURFACE_DATASET/1aI/surface/MASKS/1aI_1992SE_1_mask.png,0,1aI,surface,1aI_1992SE,0,0,0.48353624,0.18308905,0.17210072,0.07337716,0.087896876,0
/home/ikk/renal-calculi-classificaction/DATASET/SECTION_SURFACE_DATASET/1aI/section/1aI_2014SE.jpg,/home/ikk/renal-calculi-classificaction/DATASET/SECTION_SURFACE_DATASET/1aI/section/MASKS/1aI_2014SE_mask.png,0,1aI,section,1aI_2014SE,0,0,0.4752772,0.08761724,0.25382736,0.037100278,0.14617793,0
/home/ikk/renal-calculi-classificaction/DATASET/SECTION_SURFACE_DATASET/1aI/section/1aI_2408SE_1.png,/home/ikk/renal-calculi-classificaction/DATASET/SECTION_SURFACE_DATASET/1aI/section/MASKS/1aI_2408SE_1_mask.png,0,1aI,section,1aI_2408SE,4,0,0.34501922,0.0344076,0.08989534,0.062015846,0.46866193,0
/home/ikk/renal-calculi-classificaction/DATASET/SECTION_SURFACE_DATASET/1aI/section/1aI_2411SE_2.png,/home/ikk/renal-calculi-classificaction/DATASET/SECTION_SURFACE_DATASET/1aI/section/MASKS/1aI_2411SE_2_mask.png,0,1aI,section,1aI_2411SE,0,0,0.36329582,0.073812,0.3547162,0.07731081,0.1308652,0
/home/ikk/renal-calculi-classificaction/DATASET/SECTION_SURFACE_DATASET/1aI/section/1aI_2408SE_2.png,/home/ikk/renal-calculi-classificaction/DATASET/SECTION_SURFACE_DATASET/1aI/section/MASKS/1aI_2408SE_2_mask.png,0,1aI,section,1aI_2408SE,0,0,0.70364887,0.061685234,0.10842462,0.031957768,0.094283536,0
/home/ikk/renal-calculi-classificaction/DATASET/SECTION_SURFACE_DATASET/6/surface/6_3002SE.jpg,/home/ikk/renal-calculi-classificaction/DATASET/SECTION_SURFACE_DATASET/6/surface/MASKS/6_3002SE_mask.png,3,6,surface,6_3002SE,3,3,0.063988544,0.013972241,0.3535922,0.5326353,0.035811774,1
/home/ikk/renal-calculi-classificaction/DATASET/SECTION_SURFACE_DATASET/6/surface/6_2023SE_3.jpg,/home/ikk/renal-calculi-classificaction/DATASET/SECTION_SURFACE_DATASET/6/surface/MASKS/6_2023SE_3_mask.png,3,6,surface,6_2023SE,3,3,0.019517105,0.009815287,0.076271534,0.8880939,0.0063021486,1
/home/ikk/renal-calculi-classificaction/DATASET/SECTION_SURFACE_DATASET/6/surface/6_2430SE.png,/home/ikk/renal-calculi-classificaction/DATASET/SECTION_SURFACE_DATASET/6/surface/MASKS/6_2430SE_mask.png,3,6,surface,6_2430SE,2,3,0.038247146,0.06574694,0.41914028,0.38783196,0.08903371,1
/home/ikk/renal-calculi-classificaction/DATASET/SECTION_SURFACE_DATASET/6/section/6_3001SE.jpg,/home/ikk/renal-calculi-classificaction/DATASET/SECTION_SURFACE_DATASET/6/section/MASKS/6_3001SE_mask.png,3,6,section,6_3001SE,2,3,0.17906186,0.15438648,0.5022069,0.049157128,0.1151877,1
/home/ikk/renal-calculi-classificaction/DATASET/SECTION_SURFACE_DATASET/6/section/6_3265SE.jpg,/home/ikk/renal-calculi-classificaction/DATASET/SECTION_SURFACE_DATASET/6/section/MASKS/6_3265SE_mask.png,3,6,section,6_3265SE,3,3,0.053062506,0.012908359,0.23690256,0.63174254,0.06538401,1
/home/ikk/renal-calculi-classificaction/DATASET/SECTION_SURFACE_DATASET/6/section/6_2023SE_1.jpg,/home/ikk/renal-calculi-classificaction/DATASET/SECTION_SURFACE_DATASET/6/section/MASKS/6_2023SE_1_mask.png,3,6,section,6_2023SE,3,3,0.1642541,0.0124130305,0.058464926,0.5141902,0.25067776,1
/home/ikk/renal-calculi-classificaction/DATASET/SECTION_SURFACE_DATASET/6/section/6_2023SE_2.jpg,/home/ikk/renal-calculi-classificaction/DATASET/SECTION_SURFACE_DATASET/6/section/MASKS/6_2023SE_2_mask.png,3,6,section,6_2023SE,3,3,0.3277554,0.026896466,0.17955434,0.3282545,0.13753934,1
/home/ikk/renal-calculi-classificaction/DATASET/SECTION_SURFACE_DATASET/6/section/6_2548SE.png,/home/ikk/renal-calculi-classificaction/DATASET/SECTION_SURFACE_DATASET/6/section/MASKS/6_2548SE_mask.png,3,6,section,6_2548SE,3,3,0.013375892,0.004293044,0.07580308,0.8958487,0.010679304,1
/home/ikk/renal-calculi-classificaction/DATASET/SECTION_SURFACE_DATASET/6/section/6_1860SE.jpg,/home/ikk/renal-calculi-classificaction/DATASET/SECTION_SURFACE_DATASET/6/section/MASKS/6_1860SE_mask.png,3,6,section,6_1860SE,4,3,0.17281726,0.04259575,0.1615932,0.19812053,0.4248733,1
/home/ikk/renal-calculi-classificaction/DATASET/SECTION_SURFACE_DATASET/8aI - 8aII/surface/8aII_2041SE.jpg,/home/ikk/renal-calculi-classificaction/DATASET/SECTION_SURFACE_DATASET/8aI - 8aII/surface/MASKS/8aII_2041SE_mask.png,4,8aI - 8aII,surface,8aII_2041SE,1,4,0.116771944,0.68149465,0.12904376,0.0055151074,0.0671745,1
/home/ikk/renal-calculi-classificaction/DATASET/SECTION_SURFACE_DATASET/8aI - 8aII/surface/8aII_1866SE.jpg,/home/ikk/renal-calculi-classificaction/DATASET/SECTION_SURFACE_DATASET/8aI - 8aII/surface/MASKS/8aII_1866SE_mask.png,4,8aI - 8aII,surface,8aII_1866SE,4,4,0.09172309,0.20994776,0.22240901,0.05735547,0.41856468,1
/home/ikk/renal-calculi-classificaction/DATASET/SECTION_SURFACE_DATASET/8aI - 8aII/section/8aII_and_COM_minim_1977SE_2.jpg,/home/ikk/renal-calculi-classificaction/DATASET/SECTION_SURFACE_DATASET/8aI - 8aII/section/MASKS/8aII_and_COM_minim_1977SE_2_mask.png,4,8aI - 8aII,section,8aII_and_COM_minim_1977SE,4,4,0.28034222,0.066150084,0.10225447,0.13053799,0.4207152,1
/home/ikk/renal-calculi-classificaction/DATASET/SECTION_SURFACE_DATASET/8aI - 8aII/section/8aI_1871SE_2.jpg,/home/ikk/renal-calculi-classificaction/DATASET/SECTION_SURFACE_DATASET/8aI - 8aII/section/MASKS/8aI_1871SE_2_mask.png,4,8aI - 8aII,section,8aI_1871SE,4,4,0.25171316,0.0163549,0.03714184,0.023291275,0.6714989,1
/home/ikk/renal-calculi-classificaction/DATASET/SECTION_SURFACE_DATASET/8aI - 8aII/section/8aII_2796SE.jpg,/home/ikk/renal-calculi-classificaction/DATASET/SECTION_SURFACE_DATASET/8aI - 8aII/section/MASKS/8aII_2796SE_mask.png,4,8aI - 8aII,section,8aII_2796SE,4,4,0.12440449,0.0049335165,0.061531123,0.053793337,0.75533754,1
/home/ikk/renal-calculi-classificaction/DATASET/SECTION_SURFACE_DATASET/8aI - 8aII/section/8aII_and_COM_minim_1977SE_1.jpg,/home/ikk/renal-calculi-classificaction/DATASET/SECTION_SURFACE_DATASET/8aI - 8aII/section/MASKS/8aII_and_COM_minim_1977SE_1_mask.png,4,8aI - 8aII,section,8aII_and_COM_minim_1977SE,4,4,0.120431624,0.020136757,0.0416344,0.017247181,0.80055,1
/home/ikk/renal-calculi-classificaction/DATASET/SECTION_SURFACE_DATASET/3aII/surface/3aII_1912SE_2.jpg,/home/ikk/renal-calculi-classificaction/DATASET/SECTION_SURFACE_DATASET/3aII/surface/MASKS/3aII_1912SE_2_mask.png,1,3aII,surface,3aII_1912SE,1,1,0.0069940267,0.78727436,0.19249977,0.0032156971,0.010016226,1
/home/ikk/renal-calculi-classificaction/DATASET/SECTION_SURFACE_DATASET/3aII/surface/3aII_1913SE.jpg,/home/ikk/renal-calculi-classificaction/DATASET/SECTION_SURFACE_DATASET/3aII/surface/MASKS/3aII_1913SE_mask.png,1,3aII,surface,3aII_1913SE,2,1,0.10532224,0.11075886,0.69847095,0.056372277,0.02907571,1
/home/ikk/renal-calculi-classificaction/DATASET/SECTION_SURFACE_DATASET/3aII/surface/3aII_1912SE.jpg,/home/ikk/renal-calculi-classificaction/DATASET/SECTION_SURFACE_DATASET/3aII/surface/MASKS/3aII_1912SE_mask.png,1,3aII,surface,3aII_1912SE,1,1,0.010354661,0.7985156,0.168,0.009214699,0.013914969,1
/home/ikk/renal-calculi-classificaction/DATASET/SECTION_SURFACE_DATASET/3aII/surface/3aII_2107SE.jpg,/home/ikk/renal-calculi-classificaction/DATASET/SECTION_SURFACE_DATASET/3aII/surface/MASKS/3aII_2107SE_mask.png,1,3aII,surface,3aII_2107SE,0,1,0.3931331,0.19463964,0.3504061,0.025271973,0.036549214,1
/home/ikk/renal-calculi-classificaction/DATASET/SECTION_SURFACE_DATASET/3aII/surface/3aII_2354SE.png,/home/ikk/renal-calculi-classificaction/DATASET/SECTION_SURFACE_DATASET/3aII/surface/MASKS/3aII_2354SE_mask.png,1,3aII,surface,3aII_2354SE,0,1,0.38325205,0.2382678,0.15068614,0.012069266,0.21572475,1
/home/ikk/renal-calculi-classificaction/DATASET/SECTION_SURFACE_DATASET/3aII/surface/3aII_3114SE.png,/home/ikk/renal-calculi-classificaction/DATASET/SECTION_SURFACE_DATASET/3aII/surface/MASKS/3aII_3114SE_mask.png,1,3aII,surface,3aII_3114SE,2,1,0.064281814,0.21645823,0.5816096,0.09170518,0.045945127,1
/home/ikk/renal-calculi-classificaction/DATASET/SECTION_SURFACE_DATASET/3bII/surface/3bII_2102SE.jpg,/home/ikk/renal-calculi-classificaction/DATASET/SECTION_SURFACE_DATASET/3bII/surface/MASKS/3bII_2102SE_mask.png,2,3bII,surface,3bII_2102SE,0,2,0.37482888,0.025443025,0.34116966,0.2094354,0.04912304,1
/home/ikk/renal-calculi-classificaction/DATASET/SECTION_SURFACE_DATASET/3bII/surface/3bII_1819SE.jpg,/home/ikk/renal-calculi-classificaction/DATASET/SECTION_SURFACE_DATASET/3bII/surface/MASKS/3bII_1819SE_mask.png,2,3bII,surface,3bII_1819SE,1,2,0.038858198,0.6485758,0.15330987,0.018657643,0.14059845,1
/home/ikk/renal-calculi-classificaction/DATASET/SECTION_SURFACE_DATASET/3bII/surface/3bII_2584SE.png,/home/ikk/renal-calculi-classificaction/DATASET/SECTION_SURFACE_DATASET/3bII/surface/MASKS/3bII_2584SE_mask.png,2,3bII,surface,3bII_2584SE,2,2,0.04687345,0.1922748,0.68243784,0.05035574,0.028058149,1
/home/ikk/renal-calculi-classificaction/DATASET/SECTION_SURFACE_DATASET/3bII/surface/3bII_3047SE_surface.png,/home/ikk/renal-calculi-classificaction/DATASET/SECTION_SURFACE_DATASET/3bII/surface/MASKS/3bII_3047SE_surface_mask.png,2,3bII,surface,3bII_3047SE,1,2,0.14807862,0.3886814,0.12320589,0.008924819,0.33110926,1
/home/ikk/renal-calculi-classificaction/DATASET/SECTION_SURFACE_DATASET/3bII/section/3bII_1818SE_2.jpg,/home/ikk/renal-calculi-classificaction/DATASET/SECTION_SURFACE_DATASET/3bII/section/MASKS/3bII_1818SE_2_mask.png,2,3bII,section,3bII_1818SE,0,2,0.6675941,0.035353817,0.22385067,0.0032458252,0.069955684,1
/home/ikk/renal-calculi-classificaction/DATASET/SECTION_SURFACE_DATASET/3bII/section/3bII_3471SE.png,/home/ikk/renal-calculi-classificaction/DATASET/SECTION_SURFACE_DATASET/3bII/section/MASKS/3bII_3471SE_mask.png,2,3bII,section,3bII_3471SE,2,2,0.067460015,0.18423371,0.67027134,0.022942305,0.055092596,1
/home/ikk/renal-calculi-classificaction/DATASET/SECTION_SURFACE_DATASET/3bII/section/3bII_2850SE.jpg,/home/ikk/renal-calculi-classificaction/DATASET/SECTION_SURFACE_DATASET/3bII/section/MASKS/3bII_2850SE_mask.png,2,3bII,section,3bII_2850SE,1,2,0.121122055,0.5047996,0.2736423,0.019873837,0.08056222,1
/home/ikk/renal-calculi-classificaction/DATASET/SECTION_SURFACE_DATASET/3bII/section/3bII_3047SE_section.png,/home/ikk/renal-calculi-classificaction/DATASET/SECTION_SURFACE_DATASET/3bII/section/MASKS/3bII_3047SE_section_mask.png,2,3bII,section,3bII_3047SE,0,2,0.54875046,0.035914794,0.18133885,0.052693322,0.18130258,1
/home/ikk/renal-calculi-classificaction/DATASET/SECTION_SURFACE_DATASET/3bII/section/3bII_2492SE.png,/home/ikk/renal-calculi-classificaction/DATASET/SECTION_SURFACE_DATASET/3bII/section/MASKS/3bII_2492SE_mask.png,2,3bII,section,3bII_2492SE,2,2,0.23804569,0.12825352,0.52750003,0.06348767,0.042713076,1
/home/ikk/renal-calculi-classificaction/DATASET/SECTION_SURFACE_DATASET/3bII/section/3bII_1961SE.jpg,/home/ikk/renal-calculi-classificaction/DATASET/SECTION_SURFACE_DATASET/3bII/section/MASKS/3bII_1961SE_mask.png,2,3bII,section,3bII_1961SE,0,2,0.42414862,0.0889067,0.36872366,0.08653289,0.03168813,1
/home/ikk/renal-calculi-classificaction/DATASET/SECTION_SURFACE_DATASET/3bII/section/3bII_5.jpg,/home/ikk/renal-calculi-classificaction/DATASET/SECTION_SURFACE_DATASET/3bII/section/MASKS/3bII_5_mask.png,2,3bII,section,3bII_5,2,2,0.057127867,0.1774649,0.5497681,0.020092608,0.1955466,1
/home/ikk/renal-calculi-classificaction/DATASET/SECTION_SURFACE_DATASET/3bII/section/3bII_1959SE.jpg,/home/ikk/renal-calculi-classificaction/DATASET/SECTION_SURFACE_DATASET/3bII/section/MASKS/3bII_1959SE_mask.png,2,3bII,section,3bII_1959SE,1,2,0.26019883,0.3145707,0.27878413,0.08024875,0.06619752,1
/home/ikk/renal-calculi-classificaction/DATASET/SECTION_SURFACE_DATASET/3bII/section/3bII_2071SE.jpg,/home/ikk/renal-calculi-classificaction/DATASET/SECTION_SURFACE_DATASET/3bII/section/MASKS/3bII_2071SE_mask.png,2,3bII,section,3bII_2071SE,2,2,0.1823091,0.023478149,0.59129995,0.17088006,0.032032732,1
/home/ikk/renal-calculi-classificaction/DATASET/SECTION_SURFACE_DATASET/2a/surface/2a_2145SE.jpg,/home/ikk/renal-calculi-classificaction/DATASET/SECTION_SURFACE_DATASET/2a/surface/MASKS/2a_2145SE_mask.png,0,2a,surface,2a_2145SE,0,0,0.9169982,0.010249859,0.03355393,0.0145686455,0.024629403,1
/home/ikk/renal-calculi-classificaction/DATASET/SECTION_SURFACE_DATASET/2a/surface/2aCOD_sup_1783SE.jpg,/home/ikk/renal-calculi-classificaction/DATASET/SECTION_SURFACE_DATASET/2a/surface/MASKS/2aCOD_sup_1783SE_mask.png,0,2a,surface,2aCOD_sup_1783SE,4,0,0.30769002,0.14936121,0.06891613,0.028275728,0.44575697,1
/home/ikk/renal-calculi-classificaction/DATASET/SECTION_SURFACE_DATASET/2a/surface/2aCOD_sup_3187SE_1.jpg,/home/ikk/renal-calculi-classificaction/DATASET/SECTION_SURFACE_DATASET/2a/surface/MASKS/2aCOD_sup_3187SE_1_mask.png,0,2a,surface,2aCOD_sup_3187SE,0,0,0.7929121,0.01676908,0.05990488,0.020806199,0.10960778,1
/home/ikk/renal-calculi-classificaction/DATASET/SECTION_SURFACE_DATASET/2a/surface/2a_1964SE.jpg,/home/ikk/renal-calculi-classificaction/DATASET/SECTION_SURFACE_DATASET/2a/surface/MASKS/2a_1964SE_mask.png,0,2a,surface,2a_1964SE,0,0,0.96194714,0.002768696,0.022364387,0.0024785837,0.010441189,1
/home/ikk/renal-calculi-classificaction/DATASET/SECTION_SURFACE_DATASET/2a/surface/2aCOD_sup_3187SE_2.jpg,/home/ikk/renal-calculi-classificaction/DATASET/SECTION_SURFACE_DATASET/2a/surface/MASKS/2aCOD_sup_3187SE_2_mask.png,0,2a,surface,2aCOD_sup_3187SE,0,0,0.8448451,0.013134827,0.039194226,0.037863884,0.06496197,1
/home/ikk/renal-calculi-classificaction/DATASET/SECTION_SURFACE_DATASET/2a/surface/2aCOD_sup_2247SE.jpg,/home/ikk/renal-calculi-classificaction/DATASET/SECTION_SURFACE_DATASET/2a/surface/MASKS/2aCOD_sup_2247SE_mask.png,0,2a,surface,2aCOD_sup_2247SE,0,0,0.9429338,0.009443233,0.036094114,0.0020206373,0.0095081255,1
/home/ikk/renal-calculi-classificaction/DATASET/SECTION_SURFACE_DATASET/2a/surface/2a_3441SE.jpg,/home/ikk/renal-calculi-classificaction/DATASET/SECTION_SURFACE_DATASET/2a/surface/MASKS/2a_3441SE_mask.png,0,2a,surface,2a_3441SE,0,0,0.8941309,0.021968458,0.040186975,0.0072927433,0.03642101,1
/home/ikk/renal-calculi-classificaction/DATASET/SECTION_SURFACE_DATASET/2a/surface/2a_1942SE.jpg,/home/ikk/renal-calculi-classificaction/DATASET/SECTION_SURFACE_DATASET/2a/surface/MASKS/2a_1942SE_mask.png,0,2a,surface,2a_1942SE,0,0,0.49763948,0.10145487,0.32594308,0.037340812,0.037621804,1
/home/ikk/renal-calculi-classificaction/DATASET/SECTION_SURFACE_DATASET/2a/surface/2a_3169SE_1.jpg,/home/ikk/renal-calculi-classificaction/DATASET/SECTION_SURFACE_DATASET/2a/surface/MASKS/2a_3169SE_1_mask.png,0,2a,surface,2a_3169SE,0,0,0.38144183,0.027489988,0.2115092,0.27783003,0.10172898,1
/home/ikk/renal-calculi-classificaction/DATASET/SECTION_SURFACE_DATASET/2a/surface/2a_2348SE.png,/home/ikk/renal-calculi-classificaction/DATASET/SECTION_SURFACE_DATASET/2a/surface/MASKS/2a_2348SE_mask.png,0,2a,surface,2a_2348SE,0,0,0.9290828,0.007407954,0.03941257,0.0067459936,0.017350616,1
/home/ikk/renal-calculi-classificaction/DATASET/SECTION_SURFACE_DATASET/2a/surface/2a_1_surface.jpg,/home/ikk/renal-calculi-classificaction/DATASET/SECTION_SURFACE_DATASET/2a/surface/MASKS/2a_1_surface_mask.png,0,2a,surface,2a_1,0,0,0.49929407,0.032941047,0.3123594,0.063349664,0.09205586,1
/home/ikk/renal-calculi-classificaction/DATASET/SECTION_SURFACE_DATASET/2a/section/2a_3103SE_2.png,/home/ikk/renal-calculi-classificaction/DATASET/SECTION_SURFACE_DATASET/2a/section/MASKS/2a_3103SE_2_mask.png,0,2a,section,2a_3103SE,0,0,0.7047746,0.05108111,0.1252757,0.067843154,0.05102542,1
/home/ikk/renal-calculi-classificaction/DATASET/SECTION_SURFACE_DATASET/2a/section/2a_3169SE_2.jpg,/home/ikk/renal-calculi-classificaction/DATASET/SECTION_SURFACE_DATASET/2a/section/MASKS/2a_3169SE_2_mask.png,0,2a,section,2a_3169SE,0,0,0.6128216,0.025184602,0.15382743,0.16436331,0.043803066,1
/home/ikk/renal-calculi-classificaction/DATASET/SECTION_SURFACE_DATASET/2a/section/2a_2335SE.png,/home/ikk/renal-calculi-classificaction/DATASET/SECTION_SURFACE_DATASET/2a/section/MASKS/2a_2335SE_mask.png,0,2a,section,2a_2335SE,0,0,0.6592945,0.07042202,0.07327678,0.021336952,0.17566973,1
/home/ikk/renal-calculi-classificaction/DATASET/SECTION_SURFACE_DATASET/2a/section/2aCOD_sup_3187SE_4.jpg,/home/ikk/renal-calculi-classificaction/DATASET/SECTION_SURFACE_DATASET/2a/section/MASKS/2aCOD_sup_3187SE_4_mask.png,0,2a,section,2aCOD_sup_3187SE,0,0,0.70061284,0.035692118,0.059686158,0.029193878,0.17481498,1
/home/ikk/renal-calculi-classificaction/DATASET/SECTION_SURFACE_DATASET/2a/section/2a_2703SE.jpg,/home/ikk/renal-calculi-classificaction/DATASET/SECTION_SURFACE_DATASET/2a/section/MASKS/2a_2703SE_mask.png,0,2a,section,2a_2703SE,4,0,0.2329924,0.023312464,0.27317277,0.09009047,0.380432,1
/home/ikk/renal-calculi-classificaction/DATASET/SECTION_SURFACE_DATASET/2a/section/2a_1_section.jpg,/home/ikk/renal-calculi-classificaction/DATASET/SECTION_SURFACE_DATASET/2a/section/MASKS/2a_1_section_mask.png,0,2a,section,2a_1,0,0,0.49865478,0.032405794,0.10814882,0.046894655,0.31389597,1
/home/ikk/renal-calculi-classificaction/DATASET/SECTION_SURFACE_DATASET/2a/section/2a_2668SE.png,/home/ikk/renal-calculi-classificaction/DATASET/SECTION_SURFACE_DATASET/2a/section/MASKS/2a_2668SE_mask.png,0,2a,section,2a_2668SE,0,0,0.39926824,0.10073629,0.18153115,0.061088823,0.25737554,1
/home/ikk/renal-calculi-classificaction/DATASET/SECTION_SURFACE_DATASET/2a/section/2aCOD_sup_3187SE_3.jpg,/home/ikk/renal-calculi-classificaction/DATASET/SECTION_SURFACE_DATASET/2a/section/MASKS/2aCOD_sup_3187SE_3_mask.png,0,2a,section,2aCOD_sup_3187SE,0,0,0.8212369,0.016180113,0.09409378,0.03690628,0.031583007,1
/home/ikk/renal-calculi-classificaction/DATASET/SECTION_SURFACE_DATASET/2a/section/2a_1942SE_2.jpg,/home/ikk/renal-calculi-classificaction/DATASET/SECTION_SURFACE_DATASET/2a/section/MASKS/2a_1942SE_2_mask.png,0,2a,section,2a_1942SE,0,0,0.64943683,0.023018058,0.24769492,0.028151644,0.051698487,1
/home/ikk/renal-calculi-classificaction/DATASET/SECTION_SURFACE_DATASET/2a/section/2aCOD_sup_1783SE_2.jpg,/home/ikk/renal-calculi-classificaction/DATASET/SECTION_SURFACE_DATASET/2a/section/MASKS/2aCOD_sup_1783SE_2_mask.png,0,2a,section,2aCOD_sup_1783SE,4,0,0.25547126,0.033842474,0.106880136,0.09346264,0.5103435,1
/home/ikk/renal-calculi-classificaction/DATASET/SECTION_SURFACE_DATASET/2a/section/2aCOD_sup_2578SE.png,/home/ikk/renal-calculi-classificaction/DATASET/SECTION_SURFACE_DATASET/2a/section/MASKS/2aCOD_sup_2578SE_mask.png,0,2a,section,2aCOD_sup_2578SE,0,0,0.5005926,0.050546415,0.13488676,0.15385182,0.1601224,1
/home/ikk/renal-calculi-classificaction/DATASET/SECTION_SURFACE_DATASET/2a/section/2a_3103SE_1.png,/home/ikk/renal-calculi-classificaction/DATASET/SECTION_SURFACE_DATASET/2a/section/MASKS/2a_3103SE_1_mask.png,0,2a,section,2a_3103SE,2,0,0.37635326,0.057936244,0.4545284,0.0653359,0.0458462,1
/home/ikk/renal-calculi-classificaction/DATASET/SECTION_SURFACE_DATASET/2a/section/2aCOD_sup_3207SE.jpg,/home/ikk/renal-calculi-classificaction/DATASET/SECTION_SURFACE_DATASET/2a/section/MASKS/2aCOD_sup_3207SE_mask.png,0,2a,section,2aCOD_sup_3207SE,0,0,0.66308916,0.036648117,0.1010668,0.057211865,0.14198409,1
/home/ikk/renal-calculi-classificaction/DATASET/SECTION_SURFACE_DATASET/4II-4I/surface/4I_1879SE.jpg,/home/ikk/renal-calculi-classificaction/DATASET/SECTION_SURFACE_DATASET/4II-4I/surface/MASKS/4I_1879SE_mask.png,2,4II-4I,surface,4I_1879SE,0,2,0.4493012,0.13379756,0.19780606,0.15137076,0.06772446,1
/home/ikk/renal-calculi-classificaction/DATASET/SECTION_SURFACE_DATASET/4II-4I/surface/4II_2.jpg,/home/ikk/renal-calculi-classificaction/DATASET/SECTION_SURFACE_DATASET/4II-4I/surface/MASKS/4II_2_mask.png,2,4II-4I,surface,4II_2,2,2,0.027428642,0.25791556,0.60034233,0.02796591,0.086347595,1
/home/ikk/renal-calculi-classificaction/DATASET/SECTION_SURFACE_DATASET/4II-4I/section/4I_3373SE.jpg,/home/ikk/renal-calculi-classificaction/DATASET/SECTION_SURFACE_DATASET/4II-4I/section/MASKS/4I_3373SE_mask.png,2,4II-4I,section,4I_3373SE,2,2,0.22267039,0.045138914,0.2684184,0.25942132,0.204351,1
/home/ikk/renal-calculi-classificaction/DATASET/SECTION_SURFACE_DATASET/4II-4I/section/4II_6.jpg,/home/ikk/renal-calculi-classificaction/DATASET/SECTION_SURFACE_DATASET/4II-4I/section/MASKS/4II_6_mask.png,2,4II-4I,section,4II_6,2,2,0.068669505,0.12619534,0.6298593,0.04868733,0.1265885,1
/home/ikk/renal-calculi-classificaction/DATASET/SECTION_SURFACE_DATASET/4II-4I/section/4II_2705SE.jpg,/home/ikk/renal-calculi-classificaction/DATASET/SECTION_SURFACE_DATASET/4II-4I/section/MASKS/4II_2705SE_mask.png,2,4II-4I,section,4II_2705SE,2,2,0.06007839,0.042536795,0.5975272,0.23850247,0.061355125,1
/home/ikk/renal-calculi-classificaction/DATASET/SECTION_SURFACE_DATASET/4II-4I/section/4II_3.jpg,/home/ikk/renal-calculi-classificaction/DATASET/SECTION_SURFACE_DATASET/4II-4I/section/MASKS/4II_3_mask.png,2,4II-4I,section,4II_3,0,2,0.46882716,0.07364248,0.22415015,0.023452193,0.20992804,1
/home/ikk/renal-calculi-classificaction/DATASET/SECTION_SURFACE_DATASET/4II-4I/section/4II_3338SE.jpg,/home/ikk/renal-calculi-classificaction/DATASET/SECTION_SURFACE_DATASET/4II-4I/section/MASKS/4II_3338SE_mask.png,2,4II-4I,section,4II_3338SE,4,2,0.29744503,0.016002396,0.25563687,0.03018362,0.40073213,1
/home/ikk/renal-calculi-classificaction/DATASET/SECTION_SURFACE_DATASET/1aI/surface/1aI_COD_sup_2088SE.jpg,/home/ikk/renal-calculi-classificaction/DATASET/SECTION_SURFACE_DATASET/1aI/surface/MASKS/1aI_COD_sup_2088SE_mask.png,0,1aI,surface,1aI_COD_sup_2088SE,0,0,0.78913313,0.042810965,0.117572695,0.031298306,0.019184917,1
/home/ikk/renal-calculi-classificaction/DATASET/SECTION_SURFACE_DATASET/1aI/surface/1aI_1784SE_2.jpg,/home/ikk/renal-calculi-classificaction/DATASET/SECTION_SURFACE_DATASET/1aI/surface/MASKS/1aI_1784SE_2_mask.png,0,1aI,surface,1aI_1784SE,0,0,0.9244131,0.01681911,0.036647532,0.0059719183,0.01614834,1
/home/ikk/renal-calculi-classificaction/DATASET/SECTION_SURFACE_DATASET/1aI/surface/1aI_2781SE.jpg,/home/ikk/renal-calculi-classificaction/DATASET/SECTION_SURFACE_DATASET/1aI/surface/MASKS/1aI_2781SE_mask.png,0,1aI,surface,1aI_2781SE,0,0,0.694768,0.033262026,0.19574544,0.026870763,0.04935373,1
/home/ikk/renal-calculi-classificaction/DATASET/SECTION_SURFACE_DATASET/1aI/surface/1aI_2913SE.jpg,/home/ikk/renal-calculi-classificaction/DATASET/SECTION_SURFACE_DATASET/1aI/surface/MASKS/1aI_2913SE_mask.png,0,1aI,surface,1aI_2913SE,0,0,0.5993078,0.031515747,0.17754675,0.095852815,0.095776886,1
/home/ikk/renal-calculi-classificaction/DATASET/SECTION_SURFACE_DATASET/1aI/surface/1aI_COD_sup_2111SE_1.jpg,/home/ikk/renal-calculi-classificaction/DATASET/SECTION_SURFACE_DATASET/1aI/surface/MASKS/1aI_COD_sup_2111SE_1_mask.png,0,1aI,surface,1aI_COD_sup_2111SE,0,0,0.92484164,0.023215842,0.018152189,0.013585739,0.020204581,1
/home/ikk/renal-calculi-classificaction/DATASET/SECTION_SURFACE_DATASET/1aI/surface/1aI_3081SE_2_LB.png,/home/ikk/renal-calculi-classificaction/DATASET/SECTION_SURFACE_DATASET/1aI/surface/MASKS/1aI_3081SE_2_LB_mask.png,0,1aI,surface,1aI_3081SE,0,0,0.93646216,0.00992366,0.019865844,0.02112377,0.01262448,1
/home/ikk/renal-calculi-classificaction/DATASET/SECTION_SURFACE_DATASET/1aI/surface/1aI_3302SE.jpg,/home/ikk/renal-calculi-classificaction/DATASET/SECTION_SURFACE_DATASET/1aI/surface/MASKS/1aI_3302SE_mask.png,0,1aI,surface,1aI_3302SE,0,0,0.39330032,0.1274094,0.38705808,0.028739223,0.06349294,1
/home/ikk/renal-calculi-classificaction/DATASET/SECTION_SURFACE_DATASET/1aI/surface/1aI_1937SE.jpg,/home/ikk/renal-calculi-classificaction/DATASET/SECTION_SURFACE_DATASET/1aI/surface/MASKS/1aI_1937SE_mask.png,0,1aI,surface,1aI_1937SE,0,0,0.8180361,0.034557473,0.08355081,0.033328857,0.030526813,1
/home/ikk/renal-calculi-classificaction/DATASET/SECTION_SURFACE_DATASET/1aI/surface/1aI_2366SE_1.png,/home/ikk/renal-calculi-classificaction/DATASET/SECTION_SURFACE_DATASET/1aI/surface/MASKS/1aI_2366SE_1_mask.png,0,1aI,surface,1aI_2366SE,0,0,0.7368598,0.059912547,0.17261457,0.021691693,0.008921447,1
/home/ikk/renal-calculi-classificaction/DATASET/SECTION_SURFACE_DATASET/1aI/surface/1aI_1917SE.jpg,/home/ikk/renal-calculi-classificaction/DATASET/SECTION_SURFACE_DATASET/1aI/surface/MASKS/1aI_1917SE_mask.png,0,1aI,surface,1aI_1917SE,0,0,0.89844733,0.0461407,0.025047347,0.004726572,0.025637971,1
/home/ikk/renal-calculi-classificaction/DATASET/SECTION_SURFACE_DATASET/1aI/surface/1a_3366SE_1.jpg,/home/ikk/renal-calculi-classificaction/DATASET/SECTION_SURFACE_DATASET/1aI/surface/MASKS/1a_3366SE_1_mask.png,0,1aI,surface,1a_3366SE,0,0,0.49122953,0.021713635,0.2745051,0.17573582,0.036815874,1
/home/ikk/renal-calculi-classificaction/DATASET/SECTION_SURFACE_DATASET/1aI/surface/1aI_3081SE_3_LB.png,/home/ikk/renal-calculi-classificaction/DATASET/SECTION_SURFACE_DATASET/1aI/surface/MASKS/1aI_3081SE_3_LB_mask.png,0,1aI,surface,1aI_3081SE,0,0,0.9875706,0.001664982,0.006958406,0.0013379736,0.0024680481,1
/home/ikk/renal-calculi-classificaction/DATASET/SECTION_SURFACE_DATASET/1aI/surface/1aI_3081SE_4_LB.png,/home/ikk/renal-calculi-classificaction/DATASET/SECTION_SURFACE_DATASET/1aI/surface/MASKS/1aI_3081SE_4_LB_mask.png,0,1aI,surface,1aI_3081SE,0,0,0.9583626,0.00673398,0.012210006,0.0140259955,0.008667477,1
/home/ikk/renal-calculi-classificaction/DATASET/SECTION_SURFACE_DATASET/1aI/surface/1aI_3081SE_5_LB.png,/home/ikk/renal-calculi-classificaction/DATASET/SECTION_SURFACE_DATASET/1aI/surface/MASKS/1aI_3081SE_5_LB_mask.png,0,1aI,surface,1aI_3081SE,0,0,0.90681124,0.014892666,0.026492372,0.016801173,0.03500253,1
/home/ikk/renal-calculi-classificaction/DATASET/SECTION_SURFACE_DATASET/1aI/surface/1aI_1784SE_1.jpg,/home/ikk/renal-calculi-classificaction/DATASET/SECTION_SURFACE_DATASET/1aI/surface/MASKS/1aI_1784SE_1_mask.png,0,1aI,surface,1aI_1784SE,0,0,0.7115793,0.12036663,0.09113402,0.019028027,0.057892077,1
/home/ikk/renal-calculi-classificaction/DATASET/SECTION_SURFACE_DATASET/1aI/surface/1aI_3081SE_1_LB.png,/home/ikk/renal-calculi-classificaction/DATASET/SECTION_SURFACE_DATASET/1aI/surface/MASKS/1aI_3081SE_1_LB_mask.png,0,1aI,surface,1aI_3081SE,0,0,0.85234994,0.02007932,0.024551684,0.023169072,0.0798501,1
/home/ikk/renal-calculi-classificaction/DATASET/SECTION_SURFACE_DATASET/1aI/section/1aI_COD_sup_2111SE_2.jpg,/home/ikk/renal-calculi-classificaction/DATASET/SECTION_SURFACE_DATASET/1aI/section/MASKS/1aI_COD_sup_2111SE_2_mask.png,0,1aI,section,1aI_COD_sup_2111SE,0,0,0.6420187,0.047541898,0.22209954,0.02090814,0.06743169,1
/home/ikk/renal-calculi-classificaction/DATASET/SECTION_SURFACE_DATASET/1aI/section/1aI_3081SE_6_LB.png,/home/ikk/renal-calculi-classificaction/DATASET/SECTION_SURFACE_DATASET/1aI/section/MASKS/1aI_3081SE_6_LB_mask.png,0,1aI,section,1aI_3081SE,0,0,0.6328059,0.02918395,0.06271765,0.11566982,0.15962276,1
/home/ikk/renal-calculi-classificaction/DATASET/SECTION_SURFACE_DATASET/1aI/section/1aI_3081SE_8_LB.png,/home/ikk/renal-calculi-classificaction/DATASET/SECTION_SURFACE_DATASET/1aI/section/MASKS/1aI_3081SE_8_LB_mask.png,0,1aI,section,1aI_3081SE,0,0,0.7273607,0.04847238,0.06817669,0.037088916,0.11890128,1
/home/ikk/renal-calculi-classificaction/DATASET/SECTION_SURFACE_DATASET/1aI/section/1aI_2366SE_3.png,/home/ikk/renal-calculi-classificaction/DATASET/SECTION_SURFACE_DATASET/1aI/section/MASKS/1aI_2366SE_3_mask.png,0,1aI,section,1aI_2366SE,0,0,0.67443454,0.035351545,0.047065563,0.06644481,0.17670351,1
/home/ikk/renal-calculi-classificaction/DATASET/SECTION_SURFACE_DATASET/1aI/section/1a_3366SE_2.jpg,/home/ikk/renal-calculi-classificaction/DATASET/SECTION_SURFACE_DATASET/1aI/section/MASKS/1a_3366SE_2_mask.png,0,1aI,section,1a_3366SE,0,0,0.5186351,0.10572414,0.17915222,0.13416907,0.062319405,1
/home/ikk/renal-calculi-classificaction/DATASET/SECTION_SURFACE_DATASET/1aI/section/1aI_2366SE_2.png,/home/ikk/renal-calculi-classificaction/DATASET/SECTION_SURFACE_DATASET/1aI/section/MASKS/1aI_2366SE_2_mask.png,0,1aI,section,1aI_2366SE,0,0,0.80779845,0.031033067,0.11066429,0.03448435,0.016019741,1
/home/ikk/renal-calculi-classificaction/DATASET/SECTION_SURFACE_DATASET/1aI/section/1aI_3081SE_7_LB.png,/home/ikk/renal-calculi-classificaction/DATASET/SECTION_SURFACE_DATASET/1aI/section/MASKS/1aI_3081SE_7_LB_mask.png,0,1aI,section,1aI_3081SE,0,0,0.7656169,0.022923972,0.039493557,0.08581323,0.08615229,1
/home/ikk/renal-calculi-classificaction/DATASET/SECTION_SURFACE_DATASET/1aI/section/1aI_1784SE_3.jpg,/home/ikk/renal-calculi-classificaction/DATASET/SECTION_SURFACE_DATASET/1aI/section/MASKS/1aI_1784SE_3_mask.png,0,1aI,section,1aI_1784SE,0,0,0.9240212,0.008311461,0.028614338,0.0038992201,0.03515381,1
/home/ikk/renal-calculi-classificaction/DATASET/SECTION_SURFACE_DATASET/1aI/section/1aI_1784SE_4.jpg,/home/ikk/renal-calculi-classificaction/DATASET/SECTION_SURFACE_DATASET/1aI/section/MASKS/1aI_1784SE_4_mask.png,0,1aI,section,1aI_1784SE,0,0,0.7717757,0.036740966,0.10296487,0.009511086,0.07900737,1
/home/ikk/renal-calculi-classificaction/DATASET/SECTION_SURFACE_DATASET/6/surface/6_2031SE.jpg,/home/ikk/renal-calculi-classificaction/DATASET/SECTION_SURFACE_DATASET/6/surface/MASKS/6_2031SE_mask.png,3,6,surface,6_2031SE,3,3,0.031039156,0.004349424,0.05423312,0.90235937,0.008018891,2
/home/ikk/renal-calculi-classificaction/DATASET/SECTION_SURFACE_DATASET/6/section/6_2009SE.jpg,/home/ikk/renal-calculi-classificaction/DATASET/SECTION_SURFACE_DATASET/6/section/MASKS/6_2009SE_mask.png,3,6,section,6_2009SE,3,3,0.22076413,0.045688055,0.24613976,0.4259172,0.061490927,2
/home/ikk/renal-calculi-classificaction/DATASET/SECTION_SURFACE_DATASET/6/section/6_3229SE.jpg,/home/ikk/renal-calculi-classificaction/DATASET/SECTION_SURFACE_DATASET/6/section/MASKS/6_3229SE_mask.png,3,6,section,6_3229SE,2,3,0.06568194,0.21697207,0.49166256,0.16481788,0.060865544,2
/home/ikk/renal-calculi-classificaction/DATASET/SECTION_SURFACE_DATASET/6/section/6_3186SE_3.jpg,/home/ikk/renal-calculi-classificaction/DATASET/SECTION_SURFACE_DATASET/6/section/MASKS/6_3186SE_3_mask.png,3,6,section,6_3186SE,0,3,0.43979782,0.03411263,0.1279831,0.3449787,0.053127714,2
/home/ikk/renal-calculi-classificaction/DATASET/SECTION_SURFACE_DATASET/6/section/6_2278SE.png,/home/ikk/renal-calculi-classificaction/DATASET/SECTION_SURFACE_DATASET/6/section/MASKS/6_2278SE_mask.png,3,6,section,6_2278SE,0,3,0.8751164,0.09102053,0.021190789,0.008734584,0.003937588,2
/home/ikk/renal-calculi-classificaction/DATASET/SECTION_SURFACE_DATASET/6/section/6_3186SE_1.jpg,/home/ikk/renal-calculi-classificaction/DATASET/SECTION_SURFACE_DATASET/6/section/MASKS/6_3186SE_1_mask.png,3,6,section,6_3186SE,3,3,0.08778076,0.028564557,0.23362657,0.5935536,0.05647449,2
/home/ikk/renal-calculi-classificaction/DATASET/SECTION_SURFACE_DATASET/6/section/6_3088SE.png,/home/ikk/renal-calculi-classificaction/DATASET/SECTION_SURFACE_DATASET/6/section/MASKS/6_3088SE_mask.png,3,6,section,6_3088SE,3,3,0.09327676,0.035801522,0.3561655,0.46818128,0.046574898,2
/home/ikk/renal-calculi-classificaction/DATASET/SECTION_SURFACE_DATASET/6/section/6_3186SE_2.jpg,/home/ikk/renal-calculi-classificaction/DATASET/SECTION_SURFACE_DATASET/6/section/MASKS/6_3186SE_2_mask.png,3,6,section,6_3186SE,2,3,0.15634806,0.033532426,0.39836746,0.34913507,0.062617004,2
/home/ikk/renal-calculi-classificaction/DATASET/SECTION_SURFACE_DATASET/6/section/6_2616SE.png,/home/ikk/renal-calculi-classificaction/DATASET/SECTION_SURFACE_DATASET/6/section/MASKS/6_2616SE_mask.png,3,6,section,6_2616SE,3,3,0.02895109,0.016561877,0.039811745,0.8688448,0.045830477,2
/home/ikk/renal-calculi-classificaction/DATASET/SECTION_SURFACE_DATASET/8aI - 8aII/section/8aII_1951SE.jpg,/home/ikk/renal-calculi-classificaction/DATASET/SECTION_SURFACE_DATASET/8aI - 8aII/section/MASKS/8aII_1951SE_mask.png,4,8aI - 8aII,section,8aII_1951SE,4,4,0.14424185,0.0532512,0.26183027,0.12753743,0.41313928,2
/home/ikk/renal-calculi-classificaction/DATASET/SECTION_SURFACE_DATASET/8aI - 8aII/section/8aII_2279SE.png,/home/ikk/renal-calculi-classificaction/DATASET/SECTION_SURFACE_DATASET/8aI - 8aII/section/MASKS/8aII_2279SE_mask.png,4,8aI - 8aII,section,8aII_2279SE,2,4,0.29893532,0.14525402,0.31899709,0.06136088,0.1754527,2
/home/ikk/renal-calculi-classificaction/DATASET/SECTION_SURFACE_DATASET/8aI - 8aII/section/8aII_3332SE.jpg,/home/ikk/renal-calculi-classificaction/DATASET/SECTION_SURFACE_DATASET/8aI - 8aII/section/MASKS/8aII_3332SE_mask.png,4,8aI - 8aII,section,8aII_3332SE,4,4,0.11708397,0.02071156,0.14702816,0.12165423,0.5935221,2
/home/ikk/renal-calculi-classificaction/DATASET/SECTION_SURFACE_DATASET/3aII/surface/3aII_3117SE_2.png,/home/ikk/renal-calculi-classificaction/DATASET/SECTION_SURFACE_DATASET/3aII/surface/MASKS/3aII_3117SE_2_mask.png,1,3aII,surface,3aII_3117SE,1,1,0.15158418,0.40089816,0.25311473,0.112252474,0.08215053,2
/home/ikk/renal-calculi-classificaction/DATASET/SECTION_SURFACE_DATASET/3aII/surface/3aII_1976SE.jpg,/home/ikk/renal-calculi-classificaction/DATASET/SECTION_SURFACE_DATASET/3aII/surface/MASKS/3aII_1976SE_mask.png,1,3aII,surface,3aII_1976SE,2,1,0.07807965,0.40875915,0.47928035,0.021919962,0.011960861,2
/home/ikk/renal-calculi-classificaction/DATASET/SECTION_SURFACE_DATASET/3aII/surface/3aII_3044SE.png,/home/ikk/renal-calculi-classificaction/DATASET/SECTION_SURFACE_DATASET/3aII/surface/MASKS/3aII_3044SE_mask.png,1,3aII,surface,3aII_3044SE,2,1,0.03656603,0.07079728,0.7457508,0.027364796,0.11952111,2
/home/ikk/renal-calculi-classificaction/DATASET/SECTION_SURFACE_DATASET/3aII/surface/3aII_2530SE.png,/home/ikk/renal-calculi-classificaction/DATASET/SECTION_SURFACE_DATASET/3aII/surface/MASKS/3aII_2530SE_mask.png,1,3aII,surface,3aII_2530SE,2,1,0.3058404,0.29194275,0.36832452,0.01995493,0.013937406,2
/home/ikk/renal-calculi-classificaction/DATASET/SECTION_SURFACE_DATASET/3aII/surface/3aII_3117SE_1.png,/home/ikk/renal-calculi-classificaction/DATASET/SECTION_SURFACE_DATASET/3aII/surface/MASKS/3aII_3117SE_1_mask.png,1,3aII,surface,3aII_3117SE,1,1,0.029355824,0.41146445,0.34042895,0.0513345,0.16741626,2
/home/ikk/renal-calculi-classificaction/DATASET/SECTION_SURFACE_DATASET/3aII/section/3aII_2536SE.png,/home/ikk/renal-calculi-classificaction/DATASET/SECTION_SURFACE_DATASET/3aII/section/MASKS/3aII_2536SE_mask.png,1,3aII,section,3aII_2536SE,0,1,0.6236395,0.22677627,0.095305435,0.0382566,0.016022155,2
/home/ikk/renal-calculi-classificaction/DATASET/SECTION_SURFACE_DATASET/3bII/surface/3bII_1973SE.jpg,/home/ikk/renal-calculi-classificaction/DATASET/SECTION_SURFACE_DATASET/3bII/surface/MASKS/3bII_1973SE_mask.png,2,3bII,surface,3bII_1973SE,1,2,0.37479126,0.38714755,0.18125005,0.038640354,0.018170774,2
/home/ikk/renal-calculi-classificaction/DATASET/SECTION_SURFACE_DATASET/3bII/surface/3bII_2663SE.png,/home/ikk/renal-calculi-classificaction/DATASET/SECTION_SURFACE_DATASET/3bII/surface/MASKS/3bII_2663SE_mask.png,2,3bII,surface,3bII_2663SE,1,2,0.105433956,0.48411003,0.33805922,0.037035685,0.035361223,2
/home/ikk/renal-calculi-classificaction/DATASET/SECTION_SURFACE_DATASET/3bII/surface/3bII_2419SE.png,/home/ikk/renal-calculi-classificaction/DATASET/SECTION_SURFACE_DATASET/3bII/surface/MASKS/3bII_2419SE_mask.png,2,3bII,surface,3bII_2419SE,1,2,0.23181267,0.5273742,0.20960364,0.024074562,0.007134913,2
/home/ikk/renal-calculi-classificaction/DATASET/SECTION_SURFACE_DATASET/3bII/surface/3bII_2305SE.png,/home/ikk/renal-calculi-classificaction/DATASET/SECTION_SURFACE_DATASET/3bII/surface/MASKS/3bII_2305SE_mask.png,2,3bII,surface,3bII_2305SE,0,2,0.40209585,0.24582233,0.21913148,0.109627984,0.02332236,2
/home/ikk/renal-calculi-classificaction/DATASET/SECTION_SURFACE_DATASET/3bII/section/3bII_1862SE.jpg,/home/ikk/renal-calculi-classificaction/DATASET/SECTION_SURFACE_DATASET/3bII/section/MASKS/3bII_1862SE_mask.png,2,3bII,section,3bII_1862SE,0,2,0.43868053,0.13288878,0.3186588,0.032106016,0.077665865,2
/home/ikk/renal-calculi-classificaction/DATASET/SECTION_SURFACE_DATASET/3bII/section/3bII_2450SE.png,/home/ikk/renal-calculi-classificaction/DATASET/SECTION_SURFACE_DATASET/3bII/section/MASKS/3bII_2450SE_mask.png,2,3bII,section,3bII_2450SE,0,2,0.9559324,0.01123009,0.019203775,0.0071279635,0.00650571,2
/home/ikk/renal-calculi-classificaction/DATASET/SECTION_SURFACE_DATASET/3bII/section/3bII_3364SE.jpg,/home/ikk/renal-calculi-classificaction/DATASET/SECTION_SURFACE_DATASET/3bII/section/MASKS/3bII_3364SE_mask.png,2,3bII,section,3bII_3364SE,2,2,0.16651681,0.032204382,0.4957938,0.2797688,0.025716208,2
/home/ikk/renal-calculi-classificaction/DATASET/SECTION_SURFACE_DATASET/3bII/section/3bII_2187SE.jpg,/home/ikk/renal-calculi-classificaction/DATASET/SECTION_SURFACE_DATASET/3bII/section/MASKS/3bII_2187SE_mask.png,2,3bII,section,3bII_2187SE,0,2,0.69516665,0.14878583,0.056193285,0.026346223,0.07350796,2
/home/ikk/renal-calculi-classificaction/DATASET/SECTION_SURFACE_DATASET/3bII/section/3bII_2871SE.jpg,/home/ikk/renal-calculi-classificaction/DATASET/SECTION_SURFACE_DATASET/3bII/section/MASKS/3bII_2871SE_mask.png,2,3bII,section,3bII_2871SE,4,2,0.20483917,0.053640563,0.31397521,0.061178647,0.36636648,2
/home/ikk/renal-calculi-classificaction/DATASET/SECTION_SURFACE_DATASET/3bII/section/3bII_4.jpg,/home/ikk/renal-calculi-classificaction/DATASET/SECTION_SURFACE_DATASET/3bII/section/MASKS/3bII_4_mask.png,2,3bII,section,3bII_4,2,2,0.014411603,0.15505329,0.7854778,0.04374426,0.0013130183,2
/home/ikk/renal-calculi-classificaction/DATASET/SECTION_SURFACE_DATASET/2a/surface/2a_1800SE.jpg,/home/ikk/renal-calculi-classificaction/DATASET/SECTION_SURFACE_DATASET/2a/surface/MASKS/2a_1800SE_mask.png,0,2a,surface,2a_1800SE,0,0,0.5447519,0.0658279,0.17043966,0.15683334,0.062147196,2
/home/ikk/renal-calculi-classificaction/DATASET/SECTION_SURFACE_DATASET/2a/surface/2a_583CP.jpg,/home/ikk/renal-calculi-classificaction/DATASET/SECTION_SURFACE_DATASET/2a/surface/MASKS/2a_583CP_mask.png,0,2a,surface,2a_583CP,0,0,0.89939183,0.024011552,0.022109818,0.023291158,0.031195618,2
/home/ikk/renal-calculi-classificaction/DATASET/SECTION_SURFACE_DATASET/2a/surface/2a_1802SE.jpg,/home/ikk/renal-calculi-classificaction/DATASET/SECTION_SURFACE_DATASET/2a/surface/MASKS/2a_1802SE_mask.png,0,2a,surface,2a_1802SE,0,0,0.7009452,0.148083,0.12579763,0.016187245,0.008986969,2
/home/ikk/renal-calculi-classificaction/DATASET/SECTION_SURFACE_DATASET/2a/surface/2a_2169SE.jpg,/home/ikk/renal-calculi-classificaction/DATASET/SECTION_SURFACE_DATASET/2a/surface/MASKS/2a_2169SE_mask.png,0,2a,surface,2a_2169SE,0,0,0.8530181,0.052346356,0.047727153,0.021482084,0.025426349,2
/home/ikk/renal-calculi-classificaction/DATASET/SECTION_SURFACE_DATASET/2a/surface/2a_3367SE.jpg,/home/ikk/renal-calculi-classificaction/DATASET/SECTION_SURFACE_DATASET/2a/surface/MASKS/2a_3367SE_mask.png,0,2a,surface,2a_3367SE,0,0,0.8085569,0.06614571,0.07613183,0.018802138,0.03036345,2
/home/ikk/renal-calculi-classificaction/DATASET/SECTION_SURFACE_DATASET/2a/surface/2a_2412SE_1.png,/home/ikk/renal-calculi-classificaction/DATASET/SECTION_SURFACE_DATASET/2a/surface/MASKS/2a_2412SE_1_mask.png,0,2a,surface,2a_2412SE,0,0,0.94142723,0.033551577,0.011566519,0.006170757,0.0072838305,2
/home/ikk/renal-calculi-classificaction/DATASET/SECTION_SURFACE_DATASET/2a/surface/2a_1787SE.jpg,/home/ikk/renal-calculi-classificaction/DATASET/SECTION_SURFACE_DATASET/2a/surface/MASKS/2a_1787SE_mask.png,0,2a,surface,2a_1787SE,0,0,0.81721026,0.029427474,0.043241058,0.025981024,0.08414004,2
/home/ikk/renal-calculi-classificaction/DATASET/SECTION_SURFACE_DATASET/2a/surface/2a_1991SE_1.jpg,/home/ikk/renal-calculi-classificaction/DATASET/SECTION_SURFACE_DATASET/2a/surface/MASKS/2a_1991SE_1_mask.png,0,2a,surface,2a_1991SE,0,0,0.82527506,0.061893012,0.0854955,0.011484694,0.01585179,2
/home/ikk/renal-calculi-classificaction/DATASET/SECTION_SURFACE_DATASET/2a/surface/2a_1918SE.jpg,/home/ikk/renal-calculi-classificaction/DATASET/SECTION_SURFACE_DATASET/2a/surface/MASKS/2a_1918SE_mask.png,0,2a,surface,2a_1918SE,0,0,0.97351754,0.006289084,0.006598617,0.0067547187,0.006840017,2
/home/ikk/renal-calculi-classificaction/DATASET/SECTION_SURFACE_DATASET/2a/section/2a_1802SE_2.jpg,/home/ikk/renal-calculi-classificaction/DATASET/SECTION_SURFACE_DATASET/2a/section/MASKS/2a_1802SE_2_mask.png,0,2a,section,2a_1802SE,0,0,0.4719346,0.07300174,0.3668003,0.019980261,0.06828304,2
/home/ikk/renal-calculi-classificaction/DATASET/SECTION_SURFACE_DATASET/2a/section/2a_2867SE.jpg,/home/ikk/renal-calculi-classificaction/DATASET/SECTION_SURFACE_DATASET/2a/section/MASKS/2a_2867SE_mask.png,0,2a,section,2a_2867SE,0,0,0.39708084,0.080247656,0.11864302,0.103968784,0.30005968,2
/home/ikk/renal-calculi-classificaction/DATASET/SECTION_SURFACE_DATASET/2a/section/2a_3157SE.png,/home/ikk/renal-calculi-classificaction/DATASET/SECTION_SURFACE_DATASET/2a/section/MASKS/2a_3157SE_mask.png,0,2a,section,2a_3157SE,0,0,0.840341,0.035898663,0.08202449,0.011106484,0.030629382,2
/home/ikk/renal-calculi-classificaction/DATASET/SECTION_SURFACE_DATASET/2a/section/2a_2179SE.jpg,/home/ikk/renal-calculi-classificaction/DATASET/SECTION_SURFACE_DATASET/2a/section/MASKS/2a_2179SE_mask.png,0,2a,section,2a_2179SE,0,0,0.87903655,0.07033957,0.019426828,0.0055067777,0.02569038,2
/home/ikk/renal-calculi-classificaction/DATASET/SECTION_SURFACE_DATASET/2a/section/2a_2.png,/home/ikk/renal-calculi-classificaction/DATASET/SECTION_SURFACE_DATASET/2a/section/MASKS/2a_2_mask.png,0,2a,section,2a_2,0,0,0.40489113,0.07147173,0.35680085,0.03291887,0.13391739,2
/home/ikk/renal-calculi-classificaction/DATASET/SECTION_SURFACE_DATASET/2a/section/2a_HAP_sup_3296SE.jpg,/home/ikk/renal-calculi-classificaction/DATASET/SECTION_SURFACE_DATASET/2a/section/MASKS/2a_HAP_sup_3296SE_mask.png,0,2a,section,2a_HAP_sup_3296SE,0,0,0.47035167,0.11049914,0.19401802,0.07361294,0.15151824,2
/home/ikk/renal-calculi-classificaction/DATASET/SECTION_SURFACE_DATASET/2a/section/2a_2148SE.jpg,/home/ikk/renal-calculi-classificaction/DATASET/SECTION_SURFACE_DATASET/2a/section/MASKS/2a_2148SE_mask.png,0,2a,section,2a_2148SE,0,0,0.7791591,0.04798612,0.106932186,0.034254797,0.031667747,2
/home/ikk/renal-calculi-classificaction/DATASET/SECTION_SURFACE_DATASET/2a/section/2a_2412SE_2.png,/home/ikk/renal-calculi-classificaction/DATASET/SECTION_SURFACE_DATASET/2a/section/MASKS/2a_2412SE_2_mask.png,0,2a,section,2a_2412SE,0,0,0.89347863,0.04452437,0.016971162,0.012688946,0.03233691,2
/home/ikk/renal-calculi-classificaction/DATASET/SECTION_SURFACE_DATASET/2a/section/2a_2091SE.jpg,/home/ikk/renal-calculi-classificaction/DATASET/SECTION_SURFACE_DATASET/2a/section/MASKS/2a_2091SE_mask.png,0,2a,section,2a_2091SE,2,0,0.074133374,0.1629595,0.31969556,0.29152796,0.1516836,2
/home/ikk/renal-calculi-classificaction/DATASET/SECTION_SURFACE_DATASET/2a/section/2a_1991SE_2.jpg,/home/ikk/renal-calculi-classificaction/DATASET/SECTION_SURFACE_DATASET/2a/section/MASKS/2a_1991SE_2_mask.png,0,2a,section,2a_1991SE,0,0,0.8923389,0.028556114,0.042149596,0.007213108,0.029742256,2
/home/ikk/renal-calculi-classificaction/DATASET/SECTION_SURFACE_DATASET/2a/section/2a_2513SE.png,/home/ikk/renal-calculi-classificaction/DATASET/SECTION_SURFACE_DATASET/2a/section/MASKS/2a_2513SE_mask.png,0,2a,section,2a_2513SE,0,0,0.46664882,0.029170182,0.3127983,0.04454545,0.14683734,2
/home/ikk/renal-calculi-classificaction/DATASET/SECTION_SURFACE_DATASET/4II-4I/surface/4I_3179SE.jpg,/home/ikk/renal-calculi-classificaction/DATASET/SECTION_SURFACE_DATASET/4II-4I/surface/MASKS/4I_3179SE_mask.png,2,4II-4I,surface,4I_3179SE,2,2,0.18170606,0.2459442,0.4966428,0.04131699,0.03438989,2
/home/ikk/renal-calculi-classificaction/DATASET/SECTION_SURFACE_DATASET/4II-4I/surface/4I_111111_inventado.jpg,/home/ikk/renal-calculi-classificaction/DATASET/SECTION_SURFACE_DATASET/4II-4I/surface/MASKS/4I_111111_inventado_mask.png,2,4II-4I,surface,4I_111111,4,2,0.10540927,0.06625652,0.16413794,0.015929969,0.6482664,2
/home/ikk/renal-calculi-classificaction/DATASET/SECTION_SURFACE_DATASET/4II-4I/surface/4II_2026SE.jpg,/home/ikk/renal-calculi-classificaction/DATASET/SECTION_SURFACE_DATASET/4II-4I/surface/MASKS/4II_2026SE_mask.png,2,4II-4I,surface,4II_2026SE,2,2,0.26204935,0.16638519,0.39813775,0.060334418,0.1130933,2
/home/ikk/renal-calculi-classificaction/DATASET/SECTION_SURFACE_DATASET/4II-4I/surface/4II_1.jpg,/home/ikk/renal-calculi-classificaction/DATASET/SECTION_SURFACE_DATASET/4II-4I/surface/MASKS/4II_1_mask.png,2,4II-4I,surface,4II_1,2,2,0.047528524,0.104761474,0.64204276,0.14802961,0.05763764,2
/home/ikk/renal-calculi-classificaction/DATASET/SECTION_SURFACE_DATASET/4II-4I/section/4I_1872SE.jpg,/home/ikk/renal-calculi-classificaction/DATASET/SECTION_SURFACE_DATASET/4II-4I/section/MASKS/4I_1872SE_mask.png,2,4II-4I,section,4I_1872SE,2,2,0.38434345,0.051852323,0.39354613,0.07685891,0.09339921,2
/home/ikk/renal-calculi-classificaction/DATASET/SECTION_SURFACE_DATASET/4II-4I/section/4II_3046SE.png,/home/ikk/renal-calculi-classificaction/DATASET/SECTION_SURFACE_DATASET/4II-4I/section/MASKS/4II_3046SE_mask.png,2,4II-4I,section,4II_3046SE,2,2,0.09936272,0.036866114,0.48949564,0.30802116,0.066254444,2
/home/ikk/renal-calculi-classificaction/DATASET/SECTION_SURFACE_DATASET/4II-4I/section/4II_1993SE.jpg,/home/ikk/renal-calculi-classificaction/DATASET/SECTION_SURFACE_DATASET/4II-4I/section/MASKS/4II_1993SE_mask.png,2,4II-4I,section,4II_1993SE,0,2,0.36827275,0.051147014,0.3613746,0.15348391,0.06572176,2
/home/ikk/renal-calculi-classificaction/DATASET/SECTION_SURFACE_DATASET/4II-4I/section/4II_2168SE.jpg,/home/ikk/renal-calculi-classificaction/DATASET/SECTION_SURFACE_DATASET/4II-4I/section/MASKS/4II_2168SE_mask.png,2,4II-4I,section,4II_2168SE,2,2,0.2526337,0.32923365,0.3873812,0.016389366,0.0143621415,2
/home/ikk/renal-calculi-classificaction/DATASET/SECTION_SURFACE_DATASET/4II-4I/section/4II_7.jpg,/home/ikk/renal-calculi-classificaction/DATASET/SECTION_SURFACE_DATASET/4II-4I/section/MASKS/4II_7_mask.png,2,4II-4I,section,4II_7,2,2,0.12413165,0.23599358,0.3905655,0.16165487,0.08765439,2
/home/ikk/renal-calculi-classificaction/DATASET/SECTION_SURFACE_DATASET/4II-4I/section/4II_2439SE.png,/home/ikk/renal-calculi-classificaction/DATASET/SECTION_SURFACE_DATASET/4II-4I/section/MASKS/4II_2439SE_mask.png,2,4II-4I,section,4II_2439SE,2,2,0.33142182,0.06497431,0.39302123,0.102961846,0.1076208,2
/home/ikk/renal-calculi-classificaction/DATASET/SECTION_SURFACE_DATASET/4II-4I/section/4I_COM_1892SE_2.jpg,/home/ikk/renal-calculi-classificaction/DATASET/SECTION_SURFACE_DATASET/4II-4I/section/MASKS/4I_COM_1892SE_2_mask.png,2,4II-4I,section,4I_COM_1892SE,0,2,0.89586955,0.022056766,0.045158498,0.010928178,0.02598707,2
/home/ikk/renal-calculi-classificaction/DATASET/SECTION_SURFACE_DATASET/1aI/surface/1aI_2110SE_5_LB.png,/home/ikk/renal-calculi-classificaction/DATASET/SECTION_SURFACE_DATASET/1aI/surface/MASKS/1aI_2110SE_5_LB_mask.png,0,1aI,surface,1aI_2110SE,0,0,0.8766898,0.031902693,0.028344356,0.013526305,0.04953693,2
/home/ikk/renal-calculi-classificaction/DATASET/SECTION_SURFACE_DATASET/1aI/surface/1aI_2110SE_1_LB.png,/home/ikk/renal-calculi-classificaction/DATASET/SECTION_SURFACE_DATASET/1aI/surface/MASKS/1aI_2110SE_1_LB_mask.png,0,1aI,surface,1aI_2110SE,0,0,0.9303827,0.016881583,0.011354704,0.0068167285,0.03456431,2
/home/ikk/renal-calculi-classificaction/DATASET/SECTION_SURFACE_DATASET/1aI/surface/1aI_2110SE_4_LB.png,/home/ikk/renal-calculi-classificaction/DATASET/SECTION_SURFACE_DATASET/1aI/surface/MASKS/1aI_2110SE_4_LB_mask.png,0,1aI,surface,1aI_2110SE,0,0,0.8407733,0.052980885,0.04130214,0.03351506,0.031428635,2
/home/ikk/renal-calculi-classificaction/DATASET/SECTION_SURFACE_DATASET/1aI/surface/1aI_2109SE.jpg,/home/ikk/renal-calculi-classificaction/DATASET/SECTION_SURFACE_DATASET/1aI/surface/MASKS/1aI_2109SE_mask.png,0,1aI,surface,1aI_2109SE,0,0,0.8710456,0.04308336,0.021620212,0.01950629,0.044744536,2
/home/ikk/renal-calculi-classificaction/DATASET/SECTION_SURFACE_DATASET/1aI/surface/1aI_COD_sup_2147SE_2.jpg,/home/ikk/renal-calculi-classificaction/DATASET/SECTION_SURFACE_DATASET/1aI/surface/MASKS/1aI_COD_sup_2147SE_2_mask.png,0,1aI,surface,1aI_COD_sup_2147SE,0,0,0.8885363,0.08041275,0.012593954,0.007242011,0.01121502,2
/home/ikk/renal-calculi-classificaction/DATASET/SECTION_SURFACE_DATASET/1aI/surface/1aI_COD_sup_1928SE.jpg,/home/ikk/renal-calculi-classificaction/DATASET/SECTION_SURFACE_DATASET/1aI/surface/MASKS/1aI_COD_sup_1928SE_mask.png,0,1aI,surface,1aI_COD_sup_1928SE,0,0,0.8642288,0.029321797,0.08321178,0.017124144,0.006113575,2
/home/ikk/renal-calculi-classificaction/DATASET/SECTION_SURFACE_DATASET/1aI/surface/1aI_2110SE_3_LB.png,/home/ikk/renal-calculi-classificaction/DATASET/SECTION_SURFACE_DATASET/1aI/surface/MASKS/1aI_2110SE_3_LB_mask.png,0,1aI,surface,1aI_2110SE,0,0,0.8669198,0.025392592,0.021516016,0.026471058,0.059700575,2
/home/ikk/renal-calculi-classificaction/DATASET/SECTION_SURFACE_DATASET/1aI/surface/1aI_3196SE_1.jpg,/home/ikk/renal-calculi-classificaction/DATASET/SECTION_SURFACE_DATASET/1aI/surface/MASKS/1aI_3196SE_1_mask.png,0,1aI,surface,1aI_3196SE,0,0,0.6171926,0.043879904,0.10454659,0.2033662,0.031014616,2
/home/ikk/renal-calculi-classificaction/DATASET/SECTION_SURFACE_DATASET/1aI/surface/1aI_COD_sup_1928SE_2.jpg,/home/ikk/renal-calculi-classificaction/DATASET/SECTION_SURFACE_DATASET/1aI/surface/MASKS/1aI_COD_sup_1928SE_2_mask.png,0,1aI,surface,1aI_COD_sup_1928SE,0,0,0.72438526,0.024168499,0.21232302,0.025795525,0.013327734,2
/home/ikk/renal-calculi-classificaction/DATASET/SECTION_SURFACE_DATASET/1aI/surface/1aI_2110SE_2_LB.png,/home/ikk/renal-calculi-classificaction/DATASET/SECTION_SURFACE_DATASET/1aI/surface/MASKS/1aI_2110SE_2_LB_mask.png,0,1aI,surface,1aI_2110SE,0,0,0.91737556,0.013709705,0.021460801,0.012732175,0.034721725,2
/home/ikk/renal-calculi-classificaction/DATASET/SECTION_SURFACE_DATASET/1aI/surface/1aI_2225SE_1.jpg,/home/ikk/renal-calculi-classificaction/DATASET/SECTION_SURFACE_DATASET/1aI/surface/MASKS/1aI_2225SE_1_mask.png,0,1aI,surface,1aI_2225SE,0,0,0.95967835,0.01503314,0.0152614415,0.004498299,0.0055286856,2
/home/ikk/renal-calculi-classificaction/DATASET/SECTION_SURFACE_DATASET/1aI/surface/1aI_1797SE.jpg,/home/ikk/renal-calculi-classificaction/DATASET/SECTION_SURFACE_DATASET/1aI/surface/MASKS/1aI_1797SE_mask.png,0,1aI,surface,1aI_1797SE,0,0,0.6372187,0.074099384,0.108241975,0.05636019,0.12407974,2
/home/ikk/renal-calculi-classificaction/DATASET/SECTION_SURFACE_DATASET/1aI/surface/1aI_COD_sup_2147SE_1.jpg,/home/ikk/renal-calculi-classificaction/DATASET/SECTION_SURFACE_DATASET/1aI/surface/MASKS/1aI_COD_sup_2147SE_1_mask.png,0,1aI,surface,1aI_COD_sup_2147SE,0,0,0.48769173,0.2160719,0.13785703,0.08446187,0.07391749,2
/home/ikk/renal-calculi-classificaction/DATASET/SECTION_SURFACE_DATASET/1aI/surface/1aI_1934SE.jpg,/home/ikk/renal-calculi-classificaction/DATASET/SECTION_SURFACE_DATASET/1aI/surface/MASKS/1aI_1934SE_mask.png,0,1aI,surface,1aI_1934SE,0,0,0.5282141,0.06108191,0.34521666,0.034196932,0.031290427,2
/home/ikk/renal-calculi-classificaction/DATASET/SECTION_SURFACE_DATASET/1aI/surface/1aI_2676SE.png,/home/ikk/renal-calculi-classificaction/DATASET/SECTION_SURFACE_DATASET/1aI/surface/MASKS/1aI_2676SE_mask.png,0,1aI,surface,1aI_2676SE,0,0,0.8499802,0.038341653,0.0745967,0.010992712,0.026088838,2
/home/ikk/renal-calculi-classificaction/DATASET/SECTION_SURFACE_DATASET/1aI/section/1aI_3196SE_2.jpg,/home/ikk/renal-calculi-classificaction/DATASET/SECTION_SURFACE_DATASET/1aI/section/MASKS/1aI_3196SE_2_mask.png,0,1aI,section,1aI_3196SE,0,0,0.52382,0.11011603,0.18860523,0.04869904,0.1287597,2
/home/ikk/renal-calculi-classificaction/DATASET/SECTION_SURFACE_DATASET/1aI/section/1aI_2110SE_7_LB.png,/home/ikk/renal-calculi-classificaction/DATASET/SECTION_SURFACE_DATASET/1aI/section/MASKS/1aI_2110SE_7_LB_mask.png,0,1aI,section,1aI_2110SE,0,0,0.6316928,0.025578357,0.052297328,0.031760965,0.25867057,2
/home/ikk/renal-calculi-classificaction/DATASET/SECTION_SURFACE_DATASET/1aI/section/1aI_2110SE_6_LB.png,/home/ikk/renal-calculi-classificaction/DATASET/SECTION_SURFACE_DATASET/1aI/section/MASKS/1aI_2110SE_6_LB_mask.png,0,1aI,section,1aI_2110SE,0,0,0.8308617,0.032904405,0.057671826,0.029905517,0.048656568,2
/home/ikk/renal-calculi-classificaction/DATASET/SECTION_SURFACE_DATASET/1aI/section/1aI_1934SE_2.jpg,/home/ikk/renal-calculi-classificaction/DATASET/SECTION_SURFACE_DATASET/1aI/section/MASKS/1aI_1934SE_2_mask.png,0,1aI,section,1aI_1934SE,0,0,0.83947563,0.013925028,0.111179955,0.013345785,0.022073701,2
/home/ikk/renal-calculi-classificaction/DATASET/SECTION_SURFACE_DATASET/1aI/section/1aI_2225SE_2.jpg,/home/ikk/renal-calculi-classificaction/DATASET/SECTION_SURFACE_DATASET/1aI/section/MASKS/1aI_2225SE_2_mask.png,0,1aI,section,1aI_2225SE,0,0,0.78457195,0.059610475,0.1012011,0.018585876,0.03603055,2
/home/ikk/renal-calculi-classificaction/DATASET/SECTION_SURFACE_DATASET/6/section/6_3230SE.jpg,/home/ikk/renal-calculi-classificaction/DATASET/SECTION_SURFACE_DATASET/6/section/MASKS/6_3230SE_mask.png,3,6,section,6_3230SE,3,3,0.04963228,0.028786818,0.057005752,0.82778186,0.036793258,3
/home/ikk/renal-calculi-classificaction/DATASET/SECTION_SURFACE_DATASET/6/section/6_2770SE.jpg,/home/ikk/renal-calculi-classificaction/DATASET/SECTION_SURFACE_DATASET/6/section/MASKS/6_2770SE_mask.png,3,6,section,6_2770SE,3,3,0.06108484,0.024255008,0.13773242,0.45649257,0.32043517,3
/home/ikk/renal-calculi-classificaction/DATASET/SECTION_SURFACE_DATASET/6/section/6_2274SE.png,/home/ikk/renal-calculi-classificaction/DATASET/SECTION_SURFACE_DATASET/6/section/MASKS/6_2274SE_mask.png,3,6,section,6_2274SE,3,3,0.15008411,0.06070247,0.3245325,0.3858134,0.07886745,3
/home/ikk/renal-calculi-classificaction/DATASET/SECTION_SURFACE_DATASET/6/section/6_3059SE.png,/home/ikk/renal-calculi-classificaction/DATASET/SECTION_SURFACE_DATASET/6/section/MASKS/6_3059SE_mask.png,3,6,section,6_3059SE,3,3,0.012999738,0.004005624,0.034550566,0.93506265,0.013381392,3
/home/ikk/renal-calculi-classificaction/DATASET/SECTION_SURFACE_DATASET/8aI - 8aII/surface/8aII_2163SE.jpg,/home/ikk/renal-calculi-classificaction/DATASET/SECTION_SURFACE_DATASET/8aI - 8aII/surface/MASKS/8aII_2163SE_mask.png,4,8aI - 8aII,surface,8aII_2163SE,4,4,0.40004563,0.010961513,0.032045815,0.13795851,0.4189885,3
/home/ikk/renal-calculi-classificaction/DATASET/SECTION_SURFACE_DATASET/8aI - 8aII/surface/8aII_3026SE.jpg,/home/ikk/renal-calculi-classificaction/DATASET/SECTION_SURFACE_DATASET/8aI - 8aII/surface/MASKS/8aII_3026SE_mask.png,4,8aI - 8aII,surface,8aII_3026SE,4,4,0.23703837,0.08102869,0.14152718,0.0925582,0.44784757,3
/home/ikk/renal-calculi-classificaction/DATASET/SECTION_SURFACE_DATASET/8aI - 8aII/surface/8aII_1874SE.jpg,/home/ikk/renal-calculi-classificaction/DATASET/SECTION_SURFACE_DATASET/8aI - 8aII/surface/MASKS/8aII_1874SE_mask.png,4,8aI - 8aII,surface,8aII_1874SE,4,4,0.22498535,0.04262933,0.06673202,0.29057762,0.3750757,3
/home/ikk/renal-calculi-classificaction/DATASET/SECTION_SURFACE_DATASET/8aI - 8aII/section/8aI_2316SE.png,/home/ikk/renal-calculi-classificaction/DATASET/SECTION_SURFACE_DATASET/8aI - 8aII/section/MASKS/8aI_2316SE_mask.png,4,8aI - 8aII,section,8aI_2316SE,4,4,0.23721118,0.007599459,0.0076024123,0.01011542,0.7374715,3
/home/ikk/renal-calculi-classificaction/DATASET/SECTION_SURFACE_DATASET/8aI - 8aII/section/8aII_2146SE.jpg,/home/ikk/renal-calculi-classificaction/DATASET/SECTION_SURFACE_DATASET/8aI - 8aII/section/MASKS/8aII_2146SE_mask.png,4,8aI - 8aII,section,8aII_2146SE,4,4,0.10568238,0.0112938285,0.014214813,0.02259664,0.84621245,3
/home/ikk/renal-calculi-classificaction/DATASET/SECTION_SURFACE_DATASET/8aI - 8aII/section/8aII_1874SE_2.jpg,/home/ikk/renal-calculi-classificaction/DATASET/SECTION_SURFACE_DATASET/8aI - 8aII/section/MASKS/8aII_1874SE_2_mask.png,4,8aI - 8aII,section,8aII_1874SE,4,4,0.34763333,0.016934061,0.03055414,0.07763135,0.5272472,3
/home/ikk/renal-calculi-classificaction/DATASET/SECTION_SURFACE_DATASET/3aII/surface/3aII_1786SE.jpg,/home/ikk/renal-calculi-classificaction/DATASET/SECTION_SURFACE_DATASET/3aII/surface/MASKS/3aII_1786SE_mask.png,1,3aII,surface,3aII_1786SE,2,1,0.04316846,0.24559706,0.54490805,0.055777792,0.11054869,3
/home/ikk/renal-calculi-classificaction/DATASET/SECTION_SURFACE_DATASET/3aII/surface/3aII_3049SE.png,/home/ikk/renal-calculi-classificaction/DATASET/SECTION_SURFACE_DATASET/3aII/surface/MASKS/3aII_3049SE_mask.png,1,3aII,surface,3aII_3049SE,2,1,0.045000233,0.45003653,0.4584986,0.026315758,0.020148778,3
/home/ikk/renal-calculi-classificaction/DATASET/SECTION_SURFACE_DATASET/3aII/surface/3aII_1969SE_2.jpg,/home/ikk/renal-calculi-classificaction/DATASET/SECTION_SURFACE_DATASET/3aII/surface/MASKS/3aII_1969SE_2_mask.png,1,3aII,surface,3aII_1969SE,1,1,0.0066697286,0.7675442,0.20319454,0.0072388207,0.015352736,3
/home/ikk/renal-calculi-classificaction/DATASET/SECTION_SURFACE_DATASET/3aII/surface/3aII_1969SE_1.jpg,/home/ikk/renal-calculi-classificaction/DATASET/SECTION_SURFACE_DATASET/3aII/surface/MASKS/3aII_1969SE_1_mask.png,1,3aII,surface,3aII_1969SE,1,1,0.025245804,0.5857452,0.37618768,0.0060439003,0.0067774765,3
/home/ikk/renal-calculi-classificaction/DATASET/SECTION_SURFACE_DATASET/3aII/surface/3aII_1820SE.jpg,/home/ikk/renal-calculi-classificaction/DATASET/SECTION_SURFACE_DATASET/3aII/surface/MASKS/3aII_1820SE_mask.png,1,3aII,surface,3aII_1820SE,1,1,0.041456595,0.57436246,0.36529812,0.008310518,0.010572311,3
/home/ikk/renal-calculi-classificaction/DATASET/SECTION_SURFACE_DATASET/3aII/section/3aII_2654SE.png,/home/ikk/renal-calculi-classificaction/DATASET/SECTION_SURFACE_DATASET/3aII/section/MASKS/3aII_2654SE_mask.png,1,3aII,section,3aII_2654SE,4,1,0.12189105,0.25805014,0.17057139,0.009410629,0.44007677,3
/home/ikk/renal-calculi-classificaction/DATASET/SECTION_SURFACE_DATASET/3bII/surface/3bII_2243SE.jpg,/home/ikk/renal-calculi-classificaction/DATASET/SECTION_SURFACE_DATASET/3bII/surface/MASKS/3bII_2243SE_mask.png,2,3bII,surface,3bII_2243SE,1,2,0.0010683306,0.69401777,0.2982849,0.0061695464,0.00045955027,3
/home/ikk/renal-calculi-classificaction/DATASET/SECTION_SURFACE_DATASET/3bII/surface/3bII_3262SE.jpg,/home/ikk/renal-calculi-classificaction/DATASET/SECTION_SURFACE_DATASET/3bII/surface/MASKS/3bII_3262SE_mask.png,2,3bII,surface,3bII_3262SE,0,2,0.5794407,0.087123826,0.28117096,0.025048228,0.02721633,3
/home/ikk/renal-calculi-classificaction/DATASET/SECTION_SURFACE_DATASET/3bII/surface/3bII_2768SE.jpg,/home/ikk/renal-calculi-classificaction/DATASET/SECTION_SURFACE_DATASET/3bII/surface/MASKS/3bII_2768SE_mask.png,2,3bII,surface,3bII_2768SE,0,2,0.42922434,0.071613096,0.42610115,0.037582655,0.035478774,3
/home/ikk/renal-calculi-classificaction/DATASET/SECTION_SURFACE_DATASET/3bII/surface/3bII_1958SE.jpg,/home/ikk/renal-calculi-classificaction/DATASET/SECTION_SURFACE_DATASET/3bII/surface/MASKS/3bII_1958SE_mask.png,2,3bII,surface,3bII_1958SE,2,2,0.31371832,0.04636699,0.342492,0.26544988,0.031972878,3
/home/ikk/renal-calculi-classificaction/DATASET/SECTION_SURFACE_DATASET/3bII/surface/3bII_1888SE.jpg,/home/ikk/renal-calculi-classificaction/DATASET/SECTION_SURFACE_DATASET/3bII/surface/MASKS/3bII_1888SE_mask.png,2,3bII,surface,3bII_1888SE,2,2,0.04944027,0.12805171,0.7701142,0.04014831,0.012245575,3
/home/ikk/renal-calculi-classificaction/DATASET/SECTION_SURFACE_DATASET/3bII/surface/3bII_MO_1895SE.jpg,/home/ikk/renal-calculi-classificaction/DATASET/SECTION_SURFACE_DATASET/3bII/surface/MASKS/3bII_MO_1895SE_mask.png,2,3bII,surface,3bII_MO_1895SE,4,2,0.11155669,0.018784175,0.1743548,0.015216844,0.6800875,3
/home/ikk/renal-calculi-classificaction/DATASET/SECTION_SURFACE_DATASET/3bII/section/3bII_1.jpg,/home/ikk/renal-calculi-classificaction/DATASET/SECTION_SURFACE_DATASET/3bII/section/MASKS/3bII_1_mask.png,2,3bII,section,3bII_1,4,2,0.09592939,0.11830308,0.29832494,0.13155502,0.3558876,3
/home/ikk/renal-calculi-classificaction/DATASET/SECTION_SURFACE_DATASET/3bII/section/3bII_2065SE.jpg,/home/ikk/renal-calculi-classificaction/DATASET/SECTION_SURFACE_DATASET/3bII/section/MASKS/3bII_2065SE_mask.png,2,3bII,section,3bII_2065SE,2,2,0.05815383,0.007968763,0.88066185,0.023025738,0.030189829,3
/home/ikk/renal-calculi-classificaction/DATASET/SECTION_SURFACE_DATASET/3bII/section/3bII_2451SE.png,/home/ikk/renal-calculi-classificaction/DATASET/SECTION_SURFACE_DATASET/3bII/section/MASKS/3bII_2451SE_mask.png,2,3bII,section,3bII_2451SE,2,2,0.297692,0.18589191,0.4699274,0.025399672,0.021089062,3
/home/ikk/renal-calculi-classificaction/DATASET/SECTION_SURFACE_DATASET/3bII/section/3bII_6.jpg,/home/ikk/renal-calculi-classificaction/DATASET/SECTION_SURFACE_DATASET/3bII/section/MASKS/3bII_6_mask.png,2,3bII,section,3bII_6,2,2,0.012526887,0.18771878,0.5952896,0.18395035,0.020514408,3
/home/ikk/renal-calculi-classificaction/DATASET/SECTION_SURFACE_DATASET/3bII/section/3bII_3.jpg,/home/ikk/renal-calculi-classificaction/DATASET/SECTION_SURFACE_DATASET/3bII/section/MASKS/3bII_3_mask.png,2,3bII,section,3bII_3,2,2,0.015660893,0.30333954,0.59760785,0.049541276,0.03385046,3
/home/ikk/renal-calculi-classificaction/DATASET/SECTION_SURFACE_DATASET/2a/surface/2a_1940SE.jpg,/home/ikk/renal-calculi-classificaction/DATASET/SECTION_SURFACE_DATASET/2a/surface/MASKS/2a_1940SE_mask.png,0,2a,surface,2a_1940SE,0,0,0.6407979,0.03504363,0.17024006,0.04311468,0.11080373,3
/home/ikk/renal-calculi-classificaction/DATASET/SECTION_SURFACE_DATASET/2a/surface/2a_3346SE_surface.jpg,/home/ikk/renal-calculi-classificaction/DATASET/SECTION_SURFACE_DATASET/2a/surface/MASKS/2a_3346SE_surface_mask.png,0,2a,surface,2a_3346SE,0,0,0.48771372,0.12920903,0.24365808,0.04649877,0.092920326,3
/home/ikk/renal-calculi-classificaction/DATASET/SECTION_SURFACE_DATASET/2a/surface/2a_3351SE_1._Imagen_general.jpg,/home/ikk/renal-calculi-classificaction/DATASET/SECTION_SURFACE_DATASET/2a/surface/MASKS/2a_3351SE_1._Imagen_general_mask.png,0,2a,surface,2a_3351SE,2,0,0.124408886,0.18163584,0.62697566,0.048889197,0.018090414,3
/home/ikk/renal-calculi-classificaction/DATASET/SECTION_SURFACE_DATASET/2a/surface/2a_2073SE.jpg,/home/ikk/renal-calculi-classificaction/DATASET/SECTION_SURFACE_DATASET/2a/surface/MASKS/2a_2073SE_mask.png,0,2a,surface,2a_2073SE,2,0,0.2560225,0.26268977,0.4068151,0.038187485,0.036285114,3
/home/ikk/renal-calculi-classificaction/DATASET/SECTION_SURFACE_DATASET/2a/surface/2a_2015SE.jpg,/home/ikk/renal-calculi-classificaction/DATASET/SECTION_SURFACE_DATASET/2a/surface/MASKS/2a_2015SE_mask.png,0,2a,surface,2a_2015SE,0,0,0.84740794,0.032068964,0.033091146,0.05662372,0.03080823,3
/home/ikk/renal-calculi-classificaction/DATASET/SECTION_SURFACE_DATASET/2a/surface/2a_2087SE.jpg,/home/ikk/renal-calculi-classificaction/DATASET/SECTION_SURFACE_DATASET/2a/surface/MASKS/2a_2087SE_mask.png,0,2a,surface,2a_2087SE,0,0,0.92645746,0.0028354244,0.038876243,0.02490499,0.006925824,3
/home/ikk/renal-calculi-classificaction/DATASET/SECTION_SURFACE_DATASET/2a/section/2a_2749SE.jpg,/home/ikk/renal-calculi-classificaction/DATASET/SECTION_SURFACE_DATASET/2a/section/MASKS/2a_2749SE_mask.png,0,2a,section,2a_2749SE,0,0,0.5551846,0.028498726,0.16294424,0.04243087,0.21094152,3
/home/ikk/renal-calculi-classificaction/DATASET/SECTION_SURFACE_DATASET/2a/section/2a_2133SE.jpg,/home/ikk/renal-calculi-classificaction/DATASET/SECTION_SURFACE_DATASET/2a/section/MASKS/2a_2133SE_mask.png,0,2a,section,2a_2133SE,0,0,0.7130869,0.028600551,0.16330245,0.046584982,0.048425093,3
/home/ikk/renal-calculi-classificaction/DATASET/SECTION_SURFACE_DATASET/2a/section/2a_1940SE_2.jpg,/home/ikk/renal-calculi-classificaction/DATASET/SECTION_SURFACE_DATASET/2a/section/MASKS/2a_1940SE_2_mask.png,0,2a,section,2a_1940SE,0,0,0.6553476,0.02042493,0.03416976,0.064949304,0.2251084,3
/home/ikk/renal-calculi-classificaction/DATASET/SECTION_SURFACE_DATASET/2a/section/2a_3346SE_section.jpg,/home/ikk/renal-calculi-classificaction/DATASET/SECTION_SURFACE_DATASET/2a/section/MASKS/2a_3346SE_section_mask.png,0,2a,section,2a_3346SE,4,0,0.20816734,0.009876205,0.044313412,0.02888795,0.7087551,3
/home/ikk/renal-calculi-classificaction/DATASET/SECTION_SURFACE_DATASET/2a/section/2a_3351SE_3._Seccion_2.jpg,/home/ikk/renal-calculi-classificaction/DATASET/SECTION_SURFACE_DATASET/2a/section/MASKS/2a_3351SE_3._Seccion_2_mask.png,0,2a,section,2a_3351SE,0,0,0.49101573,0.03927116,0.13705666,0.16002594,0.17263043,3
/home/ikk/renal-calculi-classificaction/DATASET/SECTION_SURFACE_DATASET/2a/section/2a_3266SE.jpg,/home/ikk/renal-calculi-classificaction/DATASET/SECTION_SURFACE_DATASET/2a/section/MASKS/2a_3266SE_mask.png,0,2a,section,2a_3266SE,0,0,0.62441045,0.015412151,0.0265845,0.020267792,0.3133251,3
/home/ikk/renal-calculi-classificaction/DATASET/SECTION_SURFACE_DATASET/2a/section/2a_2580SE.png,/home/ikk/renal-calculi-classificaction/DATASET/SECTION_SURFACE_DATASET/2a/section/MASKS/2a_2580SE_mask.png,0,2a,section,2a_2580SE,0,0,0.76957715,0.020994117,0.17621332,0.0046769693,0.028538473,3
/home/ikk/renal-calculi-classificaction/DATASET/SECTION_SURFACE_DATASET/2a/section/2a_2327SE.png,/home/ikk/renal-calculi-classificaction/DATASET/SECTION_SURFACE_DATASET/2a/section/MASKS/2a_2327SE_mask.png,0,2a,section,2a_2327SE,0,0,0.64802724,0.0841257,0.07790507,0.03948269,0.15045924,3
/home/ikk/renal-calculi-classificaction/DATASET/SECTION_SURFACE_DATASET/2a/section/2a_3351SE_2._Seccion_1.jpg,/home/ikk/renal-calculi-classificaction/DATASET/SECTION_SURFACE_DATASET/2a/section/MASKS/2a_3351SE_2._Seccion_1_mask.png,0,2a,section,2a_3351SE,3,0,0.2926697,0.065509886,0.11138593,0.42705575,0.10337882,3
/home/ikk/renal-calculi-classificaction/DATASET/SECTION_SURFACE_DATASET/2a/section/2a_1830SE.jpg,/home/ikk/renal-calculi-classificaction/DATASET/SECTION_SURFACE_DATASET/2a/section/MASKS/2a_1830SE_mask.png,0,2a,section,2a_1830SE,2,0,0.4287864,0.0060496787,0.45133868,0.03555394,0.07827128,3
/home/ikk/renal-calculi-classificaction/DATASET/SECTION_SURFACE_DATASET/2a/section/2a_3025SE.jpg,/home/ikk/renal-calculi-classificaction/DATASET/SECTION_SURFACE_DATASET/2a/section/MASKS/2a_3025SE_mask.png,0,2a,section,2a_3025SE,2,0,0.060534634,0.1288998,0.38454515,0.107521206,0.31849915,3
/home/ikk/renal-calculi-classificaction/DATASET/SECTION_SURFACE_DATASET/2a/section/2a_2872SE.jpg,/home/ikk/renal-calculi-classificaction/DATASET/SECTION_SURFACE_DATASET/2a/section/MASKS/2a_2872SE_mask.png,0,2a,section,2a_2872SE,0,0,0.78195006,0.02261472,0.077560596,0.034203615,0.08367103,3
/home/ikk/renal-calculi-classificaction/DATASET/SECTION_SURFACE_DATASET/4II-4I/surface/4I_1853SE.jpg,/home/ikk/renal-calculi-classificaction/DATASET/SECTION_SURFACE_DATASET/4II-4I/surface/MASKS/4I_1853SE_mask.png,2,4II-4I,surface,4I_1853SE,2,2,0.1737635,0.044675656,0.7450109,0.020709781,0.015840217,3
/home/ikk/renal-calculi-classificaction/DATASET/SECTION_SURFACE_DATASET/4II-4I/surface/4II_5.jpg,/home/ikk/renal-calculi-classificaction/DATASET/SECTION_SURFACE_DATASET/4II-4I/surface/MASKS/4II_5_mask.png,2,4II-4I,surface,4II_5,2,2,0.025481265,0.11284366,0.84522694,0.008965128,0.0074829697,3
/home/ikk/renal-calculi-classificaction/DATASET/SECTION_SURFACE_DATASET/4II-4I/surface/4II_2201SE.jpg,/home/ikk/renal-calculi-classificaction/DATASET/SECTION_SURFACE_DATASET/4II-4I/surface/MASKS/4II_2201SE_mask.png,2,4II-4I,surface,4II_2201SE,3,2,0.16303603,0.040669627,0.3112382,0.4031985,0.081857614,3
/home/ikk/renal-calculi-classificaction/DATASET/SECTION_SURFACE_DATASET/4II-4I/section/4II_1920SE.jpg,/home/ikk/renal-calculi-classificaction/DATASET/SECTION_SURFACE_DATASET/4II-4I/section/MASKS/4II_1920SE_mask.png,2,4II-4I,section,4II_1920SE,2,2,0.15232286,0.052132685,0.7009174,0.07400754,0.020619476,3
/home/ikk/renal-calculi-classificaction/DATASET/SECTION_SURFACE_DATASET/4II-4I/section/4I_1853SE_2.jpg,/home/ikk/renal-calculi-classificaction/DATASET/SECTION_SURFACE_DATASET/4II-4I/section/MASKS/4I_1853SE_2_mask.png,2,4II-4I,section,4I_1853SE,2,2,0.2844803,0.0673771,0.40870857,0.12822337,0.11121061,3
/home/ikk/renal-calculi-classificaction/DATASET/SECTION_SURFACE_DATASET/4II-4I/section/4I_COM_2150SE.jpg,/home/ikk/renal-calculi-classificaction/DATASET/SECTION_SURFACE_DATASET/4II-4I/section/MASKS/4I_COM_2150SE_mask.png,2,4II-4I,section,4I_COM_2150SE,3,2,0.067834385,0.0640135,0.26043665,0.5036646,0.104050845,3
/home/ikk/renal-calculi-classificaction/DATASET/SECTION_SURFACE_DATASET/4II-4I/section/4II_2659SE.png,/home/ikk/renal-calculi-classificaction/DATASET/SECTION_SURFACE_DATASET/4II-4I/section/MASKS/4II_2659SE_mask.png,2,4II-4I,section,4II_2659SE,2,2,0.15465398,0.28164455,0.41929874,0.071380086,0.07302265,3
/home/ikk/renal-calculi-classificaction/DATASET/SECTION_SURFACE_DATASET/4II-4I/section/4I_1931SE.jpg,/home/ikk/renal-calculi-classificaction/DATASET/SECTION_SURFACE_DATASET/4II-4I/section/MASKS/4I_1931SE_mask.png,2,4II-4I,section,4I_1931SE,0,2,0.42690247,0.06883588,0.19505236,0.1314549,0.17775446,3
/home/ikk/renal-calculi-classificaction/DATASET/SECTION_SURFACE_DATASET/4II-4I/section/4I_2531SE.png,/home/ikk/renal-calculi-classificaction/DATASET/SECTION_SURFACE_DATASET/4II-4I/section/MASKS/4I_2531SE_mask.png,2,4II-4I,section,4I_2531SE,3,2,0.106435314,0.007191818,0.28466225,0.56816655,0.033544123,3
/home/ikk/renal-calculi-classificaction/DATASET/SECTION_SURFACE_DATASET/4II-4I/section/4I_1931SE_2.jpg,/home/ikk/renal-calculi-classificaction/DATASET/SECTION_SURFACE_DATASET/4II-4I/section/MASKS/4I_1931SE_2_mask.png,2,4II-4I,section,4I_1931SE,2,2,0.26822415,0.0050656768,0.66143215,0.032850973,0.032426957,3
/home/ikk/renal-calculi-classificaction/DATASET/SECTION_SURFACE_DATASET/4II-4I/section/4I_3271SE.jpg,/home/ikk/renal-calculi-classificaction/DATASET/SECTION_SURFACE_DATASET/4II-4I/section/MASKS/4I_3271SE_mask.png,2,4II-4I,section,4I_3271SE,2,2,0.20650898,0.032703787,0.3107573,0.2904927,0.15953723,3
/home/ikk/renal-calculi-classificaction/DATASET/SECTION_SURFACE_DATASET/4II-4I/section/4I_2761SE.jpg,/home/ikk/renal-calculi-classificaction/DATASET/SECTION_SURFACE_DATASET/4II-4I/section/MASKS/4I_2761SE_mask.png,2,4II-4I,section,4I_2761SE,2,2,0.029320477,0.13884939,0.6225466,0.17919461,0.030088888,3
/home/ikk/renal-calculi-classificaction/DATASET/SECTION_SURFACE_DATASET/4II-4I/section/4II_3040SE.png,/home/ikk/renal-calculi-classificaction/DATASET/SECTION_SURFACE_DATASET/4II-4I/section/MASKS/4II_3040SE_mask.png,2,4II-4I,section,4II_3040SE,3,2,0.09589178,0.030613597,0.15970442,0.37299472,0.34079552,3
/home/ikk/renal-calculi-classificaction/DATASET/SECTION_SURFACE_DATASET/1aI/surface/1aI_COD_sup_1996SE.jpg,/home/ikk/renal-calculi-classificaction/DATASET/SECTION_SURFACE_DATASET/1aI/surface/MASKS/1aI_COD_sup_1996SE_mask.png,0,1aI,surface,1aI_COD_sup_1996SE,0,0,0.9569603,0.005114127,0.024745861,0.0031884941,0.009991279,3
/home/ikk/renal-calculi-classificaction/DATASET/SECTION_SURFACE_DATASET/1aI/surface/1aI_1890SE.jpg,/home/ikk/renal-calculi-classificaction/DATASET/SECTION_SURFACE_DATASET/1aI/surface/MASKS/1aI_1890SE_mask.png,0,1aI,surface,1aI_1890SE,0,0,0.76051563,0.017639887,0.15205312,0.030289514,0.03950187,3
/home/ikk/renal-calculi-classificaction/DATASET/SECTION_SURFACE_DATASET/1aI/surface/1aI_1986SE.jpg,/home/ikk/renal-calculi-classificaction/DATASET/SECTION_SURFACE_DATASET/1aI/surface/MASKS/1aI_1986SE_mask.png,0,1aI,surface,1aI_1986SE,0,0,0.8053578,0.011579078,0.046443872,0.09851163,0.038107615,3
/home/ikk/renal-calculi-classificaction/DATASET/SECTION_SURFACE_DATASET/1aI/surface/1aI_2895SE.jpg,/home/ikk/renal-calculi-classificaction/DATASET/SECTION_SURFACE_DATASET/1aI/surface/MASKS/1aI_2895SE_mask.png,0,1aI,surface,1aI_2895SE,0,0,0.61166024,0.074664705,0.17565711,0.024824783,0.113193125,3
/home/ikk/renal-calculi-classificaction/DATASET/SECTION_SURFACE_DATASET/1aI/surface/1aI_3199SE.jpg,/home/ikk/renal-calculi-classificaction/DATASET/SECTION_SURFACE_DATASET/1aI/surface/MASKS/1aI_3199SE_mask.png,0,1aI,surface,1aI_3199SE,0,0,0.7212436,0.033729583,0.16507547,0.012646612,0.067304775,3
/home/ikk/renal-calculi-classificaction/DATASET/SECTION_SURFACE_DATASET/1aI/surface/1aI_1777SE.jpg,/home/ikk/renal-calculi-classificaction/DATASET/SECTION_SURFACE_DATASET/1aI/surface/MASKS/1aI_1777SE_mask.png,0,1aI,surface,1aI_1777SE,0,0,0.82509434,0.043876827,0.06300867,0.022466065,0.045554,3
/home/ikk/renal-calculi-classificaction/DATASET/SECTION_SURFACE_DATASET/1aI/surface/1aI_1781SE.jpg,/home/ikk/renal-calculi-classificaction/DATASET/SECTION_SURFACE_DATASET/1aI/surface/MASKS/1aI_1781SE_mask.png,0,1aI,surface,1aI_1781SE,0,0,0.9595284,0.0034803539,0.011350636,0.0114128925,0.014227692,3
/home/ikk/renal-calculi-classificaction/DATASET/SECTION_SURFACE_DATASET/1aI/surface/1aI_COD_sup_1829SE.jpg,/home/ikk/renal-calculi-classificaction/DATASET/SECTION_SURFACE_DATASET/1aI/surface/MASKS/1aI_COD_sup_1829SE_mask.png,0,1aI,surface,1aI_COD_sup_1829SE,0,0,0.49025282,0.08438948,0.39721447,0.00787526,0.020267975,3
/home/ikk/renal-calculi-classificaction/DATASET/SECTION_SURFACE_DATASET/1aI/surface/1aI_COD_sup_3317SE.jpg,/home/ikk/renal-calculi-classificaction/DATASET/SECTION_SURFACE_DATASET/1aI/surface/MASKS/1aI_COD_sup_3317SE_mask.png,0,1aI,surface,1aI_COD_sup_3317SE,0,0,0.9028107,0.011716141,0.07506349,0.0035699853,0.0068397745,3
/home/ikk/renal-calculi-classificaction/DATASET/SECTION_SURFACE_DATASET/1aI/surface/1aI_1947SE.jpg,/home/ikk/renal-calculi-classificaction/DATASET/SECTION_SURFACE_DATASET/1aI/surface/MASKS/1aI_1947SE_mask.png,0,1aI,surface,1aI_1947SE,0,0,0.59279424,0.12739918,0.17092627,0.02280297,0.08607731,3
/home/ikk/renal-calculi-classificaction/DATASET/SECTION_SURFACE_DATASET/1aI/surface/1aI_2016SE.jpg,/home/ikk/renal-calculi-classificaction/DATASET/SECTION_SURFACE_DATASET/1aI/surface/MASKS/1aI_2016SE_mask.png,0,1aI,surface,1aI_2016SE,0,0,0.9387506,0.012320582,0.021013038,0.008094786,0.019820947,3
/home/ikk/renal-calculi-classificaction/DATASET/SECTION_SURFACE_DATASET/1aI/surface/1aI_2798SE.jpg,/home/ikk/renal-calculi-classificaction/DATASET/SECTION_SURFACE_DATASET/1aI/surface/MASKS/1aI_2798SE_mask.png,0,1aI,surface,1aI_2798SE,0,0,0.3752515,0.3149351,0.17872399,0.05556787,0.07552157,3
/home/ikk/renal-calculi-classificaction/DATASET/SECTION_SURFACE_DATASET/1aI/section/1aI_2779SE.jpg,/home/ikk/renal-calculi-classificaction/DATASET/SECTION_SURFACE_DATASET/1aI/section/MASKS/1aI_2779SE_mask.png,0,1aI,section,1aI_2779SE,0,0,0.9499266,0.007506766,0.031831257,0.0039389287,0.006796408,3
/home/ikk/renal-calculi-classificaction/DATASET/SECTION_SURFACE_DATASET/1aI/section/1aI_1947SE_2.jpg,/home/ikk/renal-calculi-classificaction/DATASET/SECTION_SURFACE_DATASET/1aI/section/MASKS/1aI_1947SE_2_mask.png,0,1aI,section,1aI_1947SE,0,0,0.85747564,0.012484332,0.11067363,0.0077924198,0.011573973,3
/home/ikk/renal-calculi-classificaction/DATASET/SECTION_SURFACE_DATASET/6/surface/6_2784SE.jpg,/home/ikk/renal-calculi-classificaction/DATASET/SECTION_SURFACE_DATASET/6/surface/MASKS/6_2784SE_mask.png,3,6,surface,6_2784SE,3,3,0.12337786,0.028023167,0.26622632,0.53636605,0.046006575,4
/home/ikk/renal-calculi-classificaction/DATASET/SECTION_SURFACE_DATASET/6/surface/6_2351SE.png,/home/ikk/renal-calculi-classificaction/DATASET/SECTION_SURFACE_DATASET/6/surface/MASKS/6_2351SE_mask.png,3,6,surface,6_2351SE,2,3,0.06306864,0.162251,0.60476875,0.15904972,0.010861835,4
/home/ikk/renal-calculi-classificaction/DATASET/SECTION_SURFACE_DATASET/6/section/6_2061SE.jpg,/home/ikk/renal-calculi-classificaction/DATASET/SECTION_SURFACE_DATASET/6/section/MASKS/6_2061SE_mask.png,3,6,section,6_2061SE,3,3,0.013229649,0.009877834,0.030737959,0.90787196,0.038282603,4
/home/ikk/renal-calculi-classificaction/DATASET/SECTION_SURFACE_DATASET/6/section/6_3253SE.jpg,/home/ikk/renal-calculi-classificaction/DATASET/SECTION_SURFACE_DATASET/6/section/MASKS/6_3253SE_mask.png,3,6,section,6_3253SE,3,3,0.026775215,0.034230433,0.10311702,0.8217537,0.014123656,4
/home/ikk/renal-calculi-classificaction/DATASET/SECTION_SURFACE_DATASET/8aI - 8aII/surface/8aII_1930SE.jpg,/home/ikk/renal-calculi-classificaction/DATASET/SECTION_SURFACE_DATASET/8aI - 8aII/surface/MASKS/8aII_1930SE_mask.png,4,8aI - 8aII,surface,8aII_1930SE,0,4,0.39659283,0.06315793,0.12150019,0.09415444,0.3245946,4
/home/ikk/renal-calculi-classificaction/DATASET/SECTION_SURFACE_DATASET/8aI - 8aII/surface/8aII_COM_min_1808SE.jpg,/home/ikk/renal-calculi-classificaction/DATASET/SECTION_SURFACE_DATASET/8aI - 8aII/surface/MASKS/8aII_COM_min_1808SE_mask.png,4,8aI - 8aII,surface,8aII_COM_min_1808SE,4,4,0.16755544,0.18131588,0.3060708,0.03630006,0.3087578,4
/home/ikk/renal-calculi-classificaction/DATASET/SECTION_SURFACE_DATASET/8aI - 8aII/surface/8aII_1936SE_surface.jpg,/home/ikk/renal-calculi-classificaction/DATASET/SECTION_SURFACE_DATASET/8aI - 8aII/surface/MASKS/8aII_1936SE_surface_mask.png,4,8aI - 8aII,surface,8aII_1936SE,0,4,0.66960865,0.028044786,0.16830002,0.0551577,0.07888883,4
/home/ikk/renal-calculi-classificaction/DATASET/SECTION_SURFACE_DATASET/8aI - 8aII/section/8aII_1936SE_section.jpg,/home/ikk/renal-calculi-classificaction/DATASET/SECTION_SURFACE_DATASET/8aI - 8aII/section/MASKS/8aII_1936SE_section_mask.png,4,8aI - 8aII,section,8aII_1936SE,0,4,0.54578435,0.028241754,0.27445108,0.046353143,0.1051697,4
/home/ikk/renal-calculi-classificaction/DATASET/SECTION_SURFACE_DATASET/8aI - 8aII/section/8aII_1936SE_2_.jpg,/home/ikk/renal-calculi-classificaction/DATASET/SECTION_SURFACE_DATASET/8aI - 8aII/section/MASKS/8aII_1936SE_2__mask.png,4,8aI - 8aII,section,8aII_1936SE,0,4,0.5814228,0.033605848,0.11571922,0.1315847,0.13766739,4
/home/ikk/renal-calculi-classificaction/DATASET/SECTION_SURFACE_DATASET/8aI - 8aII/section/8aII_1.jpg,/home/ikk/renal-calculi-classificaction/DATASET/SECTION_SURFACE_DATASET/8aI - 8aII/section/MASKS/8aII_1_mask.png,4,8aI - 8aII,section,8aII_1,4,4,0.1667597,0.11017915,0.2612552,0.032717597,0.42908835,4
/home/ikk/renal-calculi-classificaction/DATASET/SECTION_SURFACE_DATASET/8aI - 8aII/section/8aII_2520SE.png,/home/ikk/renal-calculi-classificaction/DATASET/SECTION_SURFACE_DATASET/8aI - 8aII/section/MASKS/8aII_2520SE_mask.png,4,8aI - 8aII,section,8aII_2520SE,4,4,0.16248442,0.04653114,0.122827075,0.14777648,0.52038085,4
/home/ikk/renal-calculi-classificaction/DATASET/SECTION_SURFACE_DATASET/8aI - 8aII/section/8aII_3053SE.png,/home/ikk/renal-calculi-classificaction/DATASET/SECTION_SURFACE_DATASET/8aI - 8aII/section/MASKS/8aII_3053SE_mask.png,4,8aI - 8aII,section,8aII_3053SE,4,4,0.065508835,0.008867098,0.043264415,0.04463222,0.83772737,4
/home/ikk/renal-calculi-classificaction/DATASET/SECTION_SURFACE_DATASET/8aI - 8aII/section/8aII_3118SE.png,/home/ikk/renal-calculi-classificaction/DATASET/SECTION_SURFACE_DATASET/8aI - 8aII/section/MASKS/8aII_3118SE_mask.png,4,8aI - 8aII,section,8aII_3118SE,1,4,0.14312255,0.40205103,0.1380452,0.02322704,0.29355416,4
/home/ikk/renal-calculi-classificaction/DATASET/SECTION_SURFACE_DATASET/3aII/surface/3aII_3176SE.jpg,/home/ikk/renal-calculi-classificaction/DATASET/SECTION_SURFACE_DATASET/3aII/surface/MASKS/3aII_3176SE_mask.png,1,3aII,surface,3aII_3176SE,1,1,0.011496486,0.8870742,0.089143865,0.0042085256,0.008076932,4
/home/ikk/renal-calculi-classificaction/DATASET/SECTION_SURFACE_DATASET/3aII/surface/3aII_1994SE.jpg,/home/ikk/renal-calculi-classificaction/DATASET/SECTION_SURFACE_DATASET/3aII/surface/MASKS/3aII_1994SE_mask.png,1,3aII,surface,3aII_1994SE,1,1,0.0260599,0.7457267,0.21218738,0.0077666864,0.008259332,4
/home/ikk/renal-calculi-classificaction/DATASET/SECTION_SURFACE_DATASET/3aII/surface/3aII_2224SE.jpg,/home/ikk/renal-calculi-classificaction/DATASET/SECTION_SURFACE_DATASET/3aII/surface/MASKS/3aII_2224SE_mask.png,1,3aII,surface,3aII_2224SE,1,1,0.12397,0.40986544,0.27912176,0.067246474,0.11979636,4
/home/ikk/renal-calculi-classificaction/DATASET/SECTION_SURFACE_DATASET/3bII/surface/3bII_2318SE.png,/home/ikk/renal-calculi-classificaction/DATASET/SECTION_SURFACE_DATASET/3bII/surface/MASKS/3bII_2318SE_mask.png,2,3bII,surface,3bII_2318SE,1,2,0.021145176,0.74119264,0.22994149,0.0024138424,0.0053068437,4
/home/ikk/renal-calculi-classificaction/DATASET/SECTION_SURFACE_DATASET/3bII/surface/3bII_7.png,/home/ikk/renal-calculi-classificaction/DATASET/SECTION_SURFACE_DATASET/3bII/surface/MASKS/3bII_7_mask.png,2,3bII,surface,3bII_7,3,2,0.17124839,0.07492354,0.32790476,0.34779823,0.078125134,4
/home/ikk/renal-calculi-classificaction/DATASET/SECTION_SURFACE_DATASET/3bII/surface/3bII_1995SE.jpg,/home/ikk/renal-calculi-classificaction/DATASET/SECTION_SURFACE_DATASET/3bII/surface/MASKS/3bII_1995SE_mask.png,2,3bII,surface,3bII_1995SE,1,2,0.07659491,0.5379222,0.28268042,0.009164311,0.09363812,4
/home/ikk/renal-calculi-classificaction/DATASET/SECTION_SURFACE_DATASET/3bII/surface/3bII_1914SE_2.jpg,/home/ikk/renal-calculi-classificaction/DATASET/SECTION_SURFACE_DATASET/3bII/surface/MASKS/3bII_1914SE_2_mask.png,2,3bII,surface,3bII_1914SE,1,2,0.0910819,0.47245038,0.37842348,0.04767005,0.010374133,4
/home/ikk/renal-calculi-classificaction/DATASET/SECTION_SURFACE_DATASET/3bII/surface/3bII_1914SE.jpg,/home/ikk/renal-calculi-classificaction/DATASET/SECTION_SURFACE_DATASET/3bII/surface/MASKS/3bII_1914SE_mask.png,2,3bII,surface,3bII_1914SE,1,2,0.06911344,0.44377324,0.3864415,0.08016695,0.020504959,4
/home/ikk/renal-calculi-classificaction/DATASET/SECTION_SURFACE_DATASET/3bII/section/3bII_2.png,/home/ikk/renal-calculi-classificaction/DATASET/SECTION_SURFACE_DATASET/3bII/section/MASKS/3bII_2_mask.png,2,3bII,section,3bII_2,2,2,0.081282444,0.40135714,0.42967337,0.06971562,0.017971432,4
/home/ikk/renal-calculi-classificaction/DATASET/SECTION_SURFACE_DATASET/3bII/section/3bII_1816SE.jpg,/home/ikk/renal-calculi-classificaction/DATASET/SECTION_SURFACE_DATASET/3bII/section/MASKS/3bII_1816SE_mask.png,2,3bII,section,3bII_1816SE,1,2,0.09909134,0.5987968,0.29533622,0.0015850335,0.0051906365,4
/home/ikk/renal-calculi-classificaction/DATASET/SECTION_SURFACE_DATASET/3bII/section/3bII_2495SE.png,/home/ikk/renal-calculi-classificaction/DATASET/SECTION_SURFACE_DATASET/3bII/section/MASKS/3bII_2495SE_mask.png,2,3bII,section,3bII_2495SE,0,2,0.61378026,0.19426414,0.1789195,0.008718486,0.004317606,4
/home/ikk/renal-calculi-classificaction/DATASET/SECTION_SURFACE_DATASET/3bII/section/3bII_111111_inventado.jpg,/home/ikk/renal-calculi-classificaction/DATASET/SECTION_SURFACE_DATASET/3bII/section/MASKS/3bII_111111_inventado_mask.png,2,3bII,section,3bII_111111,0,2,0.560664,0.023590421,0.18815966,0.16925767,0.05832825,4
/home/ikk/renal-calculi-classificaction/DATASET/SECTION_SURFACE_DATASET/3bII/section/3bII_2847SE.jpg,/home/ikk/renal-calculi-classificaction/DATASET/SECTION_SURFACE_DATASET/3bII/section/MASKS/3bII_2847SE_mask.png,2,3bII,section,3bII_2847SE,2,2,0.07019689,0.14042914,0.5635574,0.20652603,0.019290606,4
/home/ikk/renal-calculi-classificaction/DATASET/SECTION_SURFACE_DATASET/3bII/section/3bII_3476SE.png,/home/ikk/renal-calculi-classificaction/DATASET/SECTION_SURFACE_DATASET/3bII/section/MASKS/3bII_3476SE_mask.png,2,3bII,section,3bII_3476SE,2,2,0.228144,0.060929343,0.43202338,0.16796292,0.110940404,4
/home/ikk/renal-calculi-classificaction/DATASET/SECTION_SURFACE_DATASET/3bII/section/3bII_2043SE_2.jpg,/home/ikk/renal-calculi-classificaction/DATASET/SECTION_SURFACE_DATASET/3bII/section/MASKS/3bII_2043SE_2_mask.png,2,3bII,section,3bII_2043SE,0,2,0.76149523,0.09646681,0.12622748,0.0038210477,0.011989443,4
/home/ikk/renal-calculi-classificaction/DATASET/SECTION_SURFACE_DATASET/2a/surface/2a_1878SE.jpg,/home/ikk/renal-calculi-classificaction/DATASET/SECTION_SURFACE_DATASET/2a/surface/MASKS/2a_1878SE_mask.png,0,2a,surface,2a_1878SE,2,0,0.33761925,0.06866781,0.35583484,0.14878811,0.08908999,4
/home/ikk/renal-calculi-classificaction/DATASET/SECTION_SURFACE_DATASET/2a/surface/2a_3500SE_1.png,/home/ikk/renal-calculi-classificaction/DATASET/SECTION_SURFACE_DATASET/2a/surface/MASKS/2a_3500SE_1_mask.png,0,2a,surface,2a_3500SE,0,0,0.91794395,0.013600511,0.027008463,0.025311489,0.01613561,4
/home/ikk/renal-calculi-classificaction/DATASET/SECTION_SURFACE_DATASET/2a/surface/2a_3333SE.jpg,/home/ikk/renal-calculi-classificaction/DATASET/SECTION_SURFACE_DATASET/2a/surface/MASKS/2a_3333SE_mask.png,0,2a,surface,2a_3333SE,0,0,0.7602397,0.040193364,0.07166397,0.034846388,0.09305652,4
/home/ikk/renal-calculi-classificaction/DATASET/SECTION_SURFACE_DATASET/2a/surface/2a_2485SE_1.png,/home/ikk/renal-calculi-classificaction/DATASET/SECTION_SURFACE_DATASET/2a/surface/MASKS/2a_2485SE_1_mask.png,0,2a,surface,2a_2485SE,0,0,0.37861198,0.034557976,0.24593954,0.13569231,0.20519821,4
/home/ikk/renal-calculi-classificaction/DATASET/SECTION_SURFACE_DATASET/2a/surface/2a_3469SE_1.png,/home/ikk/renal-calculi-classificaction/DATASET/SECTION_SURFACE_DATASET/2a/surface/MASKS/2a_3469SE_1_mask.png,0,2a,surface,2a_3469SE,0,0,0.8209447,0.027849423,0.0684614,0.048760988,0.03398343,4
/home/ikk/renal-calculi-classificaction/DATASET/SECTION_SURFACE_DATASET/2a/surface/2a_3337SE.jpg,/home/ikk/renal-calculi-classificaction/DATASET/SECTION_SURFACE_DATASET/2a/surface/MASKS/2a_3337SE_mask.png,0,2a,surface,2a_3337SE,0,0,0.84078306,0.0052716588,0.021383302,0.114111565,0.018450413,4
/home/ikk/renal-calculi-classificaction/DATASET/SECTION_SURFACE_DATASET/2a/surface/2a_3098SE.png,/home/ikk/renal-calculi-classificaction/DATASET/SECTION_SURFACE_DATASET/2a/surface/MASKS/2a_3098SE_mask.png,0,2a,surface,2a_3098SE,0,0,0.8977806,0.040431462,0.023836453,0.014575307,0.023376176,4
/home/ikk/renal-calculi-classificaction/DATASET/SECTION_SURFACE_DATASET/2a/surface/2a_2297SE_1.png,/home/ikk/renal-calculi-classificaction/DATASET/SECTION_SURFACE_DATASET/2a/surface/MASKS/2a_2297SE_1_mask.png,0,2a,surface,2a_2297SE,0,0,0.52012295,0.033096068,0.09220523,0.1957014,0.15887438,4
/home/ikk/renal-calculi-classificaction/DATASET/SECTION_SURFACE_DATASET/2a/section/2a_3500SE_2.png,/home/ikk/renal-calculi-classificaction/DATASET/SECTION_SURFACE_DATASET/2a/section/MASKS/2a_3500SE_2_mask.png,0,2a,section,2a_3500SE,0,0,0.8684607,0.009657992,0.08057627,0.021262683,0.020042276,4
/home/ikk/renal-calculi-classificaction/DATASET/SECTION_SURFACE_DATASET/2a/section/2a_COD_sup_2283SE.png,/home/ikk/renal-calculi-classificaction/DATASET/SECTION_SURFACE_DATASET/2a/section/MASKS/2a_COD_sup_2283SE_mask.png,0,2a,section,2a_COD_sup_2283SE,0,0,0.6950816,0.14533354,0.087072015,0.023240956,0.04927186,4
/home/ikk/renal-calculi-classificaction/DATASET/SECTION_SURFACE_DATASET/2a/section/2a_2077SE.jpg,/home/ikk/renal-calculi-classificaction/DATASET/SECTION_SURFACE_DATASET/2a/section/MASKS/2a_2077SE_mask.png,0,2a,section,2a_2077SE,0,0,0.5952871,0.057179235,0.25311828,0.038776904,0.0556385,4
/home/ikk/renal-calculi-classificaction/DATASET/SECTION_SURFACE_DATASET/2a/section/2aCOD_sup_1.jpg,/home/ikk/renal-calculi-classificaction/DATASET/SECTION_SURFACE_DATASET/2a/section/MASKS/2aCOD_sup_1_mask.png,0,2a,section,2aCOD_sup_1,0,0,0.6345511,0.09072046,0.08519633,0.055924922,0.1336072,4
/home/ikk/renal-calculi-classificaction/DATASET/SECTION_SURFACE_DATASET/2a/section/2a_2602SE.png,/home/ikk/renal-calculi-classificaction/DATASET/SECTION_SURFACE_DATASET/2a/section/MASKS/2a_2602SE_mask.png,0,2a,section,2a_2602SE,0,0,0.7995838,0.028980397,0.06118095,0.021410627,0.08884417,4
/home/ikk/renal-calculi-classificaction/DATASET/SECTION_SURFACE_DATASET/2a/section/2a_2869SE.jpg,/home/ikk/renal-calculi-classificaction/DATASET/SECTION_SURFACE_DATASET/2a/section/MASKS/2a_2869SE_mask.png,0,2a,section,2a_2869SE,0,0,0.90734476,0.017442062,0.026399432,0.014078018,0.03473581,4
/home/ikk/renal-calculi-classificaction/DATASET/SECTION_SURFACE_DATASET/2a/section/2a_2049SE.jpg,/home/ikk/renal-calculi-classificaction/DATASET/SECTION_SURFACE_DATASET/2a/section/MASKS/2a_2049SE_mask.png,0,2a,section,2a_2049SE,0,0,0.77368724,0.04086134,0.14955504,0.014507981,0.021388436,4
/home/ikk/renal-calculi-classificaction/DATASET/SECTION_SURFACE_DATASET/2a/section/2a_2297SE_2.png,/home/ikk/renal-calculi-classificaction/DATASET/SECTION_SURFACE_DATASET/2a/section/MASKS/2a_2297SE_2_mask.png,0,2a,section,2a_2297SE,0,0,0.7048222,0.043850087,0.10251181,0.084525175,0.06429069,4
/home/ikk/renal-calculi-classificaction/DATASET/SECTION_SURFACE_DATASET/2a/section/2a_2485SE_2.png,/home/ikk/renal-calculi-classificaction/DATASET/SECTION_SURFACE_DATASET/2a/section/MASKS/2a_2485SE_2_mask.png,0,2a,section,2a_2485SE,0,0,0.39495912,0.1974379,0.16154072,0.16152024,0.084542066,4
/home/ikk/renal-calculi-classificaction/DATASET/SECTION_SURFACE_DATASET/2a/section/2a_3469SE_2.png,/home/ikk/renal-calculi-classificaction/DATASET/SECTION_SURFACE_DATASET/2a/section/MASKS/2a_3469SE_2_mask.png,0,2a,section,2a_3469SE,0,0,0.5865641,0.027930353,0.18760422,0.089036405,0.1088649,4
/home/ikk/renal-calculi-classificaction/DATASET/SECTION_SURFACE_DATASET/2a/section/2a_2710SE.jpg,/home/ikk/renal-calculi-classificaction/DATASET/SECTION_SURFACE_DATASET/2a/section/MASKS/2a_2710SE_mask.png,0,2a,section,2a_2710SE,4,0,0.27904168,0.0812726,0.10048474,0.117783666,0.42141727,4
/home/ikk/renal-calculi-classificaction/DATASET/SECTION_SURFACE_DATASET/2a/section/2a_1878SE_2.jpg,/home/ikk/renal-calculi-classificaction/DATASET/SECTION_SURFACE_DATASET/2a/section/MASKS/2a_1878SE_2_mask.png,0,2a,section,2a_1878SE,2,0,0.26849037,0.15018912,0.39608705,0.046737,0.13849644,4
/home/ikk/renal-calculi-classificaction/DATASET/SECTION_SURFACE_DATASET/2a/section/2a_1938SE.jpg,/home/ikk/renal-calculi-classificaction/DATASET/SECTION_SURFACE_DATASET/2a/section/MASKS/2a_1938SE_mask.png,0,2a,section,2a_1938SE,0,0,0.5143364,0.19921666,0.12452983,0.049632907,0.112284176,4
/home/ikk/renal-calculi-classificaction/DATASET/SECTION_SURFACE_DATASET/4II-4I/surface/4II_1825SE.jpg,/home/ikk/renal-calculi-classificaction/DATASET/SECTION_SURFACE_DATASET/4II-4I/surface/MASKS/4II_1825SE_mask.png,2,4II-4I,surface,4II_1825SE,0,2,0.6734815,0.05588672,0.18261003,0.010859317,0.07716244,4
/home/ikk/renal-calculi-classificaction/DATASET/SECTION_SURFACE_DATASET/4II-4I/surface/4II_4.jpg,/home/ikk/renal-calculi-classificaction/DATASET/SECTION_SURFACE_DATASET/4II-4I/surface/MASKS/4II_4_mask.png,2,4II-4I,surface,4II_4,1,2,0.106353216,0.46335378,0.3570573,0.054042965,0.019192746,4
/home/ikk/renal-calculi-classificaction/DATASET/SECTION_SURFACE_DATASET/4II-4I/surface/4I_2157SE.jpg,/home/ikk/renal-calculi-classificaction/DATASET/SECTION_SURFACE_DATASET/4II-4I/surface/MASKS/4I_2157SE_mask.png,2,4II-4I,surface,4I_2157SE,0,2,0.3030401,0.06939803,0.21072438,0.29894674,0.11789075,4
/home/ikk/renal-calculi-classificaction/DATASET/SECTION_SURFACE_DATASET/4II-4I/section/4II_1825SE_2.jpg,/home/ikk/renal-calculi-classificaction/DATASET/SECTION_SURFACE_DATASET/4II-4I/section/MASKS/4II_1825SE_2_mask.png,2,4II-4I,section,4II_1825SE,3,2,0.09966945,0.023753883,0.4277317,0.42962173,0.019223278,4
/home/ikk/renal-calculi-classificaction/DATASET/SECTION_SURFACE_DATASET/4II-4I/section/4II_2995SE.jpg,/home/ikk/renal-calculi-classificaction/DATASET/SECTION_SURFACE_DATASET/4II-4I/section/MASKS/4II_2995SE_mask.png,2,4II-4I,section,4II_2995SE,2,2,0.08651999,0.21081807,0.4907785,0.13158156,0.08030187,4
/home/ikk/renal-calculi-classificaction/DATASET/SECTION_SURFACE_DATASET/4II-4I/section/4I_2427SE.png,/home/ikk/renal-calculi-classificaction/DATASET/SECTION_SURFACE_DATASET/4II-4I/section/MASKS/4I_2427SE_mask.png,2,4II-4I,section,4I_2427SE,2,2,0.31258142,0.060124937,0.51896286,0.07690258,0.031428173,4
/home/ikk/renal-calculi-classificaction/DATASET/SECTION_SURFACE_DATASET/4II-4I/section/4I_2021SE.jpg,/home/ikk/renal-calculi-classificaction/DATASET/SECTION_SURFACE_DATASET/4II-4I/section/MASKS/4I_2021SE_mask.png,2,4II-4I,section,4I_2021SE,0,2,0.5658923,0.20565535,0.1752439,0.016900381,0.036308065,4
/home/ikk/renal-calculi-classificaction/DATASET/SECTION_SURFACE_DATASET/4II-4I/section/4II_3012SE.jpg,/home/ikk/renal-calculi-classificaction/DATASET/SECTION_SURFACE_DATASET/4II-4I/section/MASKS/4II_3012SE_mask.png,2,4II-4I,section,4II_3012SE,2,2,0.051911287,0.07437508,0.545655,0.31447566,0.01358297,4
/home/ikk/renal-calculi-classificaction/DATASET/SECTION_SURFACE_DATASET/4II-4I/section/4I_3380SE.jpg,/home/ikk/renal-calculi-classificaction/DATASET/SECTION_SURFACE_DATASET/4II-4I/section/MASKS/4I_3380SE_mask.png,2,4II-4I,section,4I_3380SE,0,2,0.5612647,0.017378489,0.29487062,0.11837278,0.008113414,4
/home/ikk/renal-calculi-classificaction/DATASET/SECTION_SURFACE_DATASET/4II-4I/section/4II_2213SE.jpg,/home/ikk/renal-calculi-classificaction/DATASET/SECTION_SURFACE_DATASET/4II-4I/section/MASKS/4II_2213SE_mask.png,2,4II-4I,section,4II_2213SE,2,2,0.23293176,0.2590178,0.2972943,0.10368809,0.10706797,4
/home/ikk/renal-calculi-classificaction/DATASET/SECTION_SURFACE_DATASET/4II-4I/section/4I_COM_3445SE.jpg,/home/ikk/renal-calculi-classificaction/DATASET/SECTION_SURFACE_DATASET/4II-4I/section/MASKS/4I_COM_3445SE_mask.png,2,4II-4I,section,4I_COM_3445SE,0,2,0.3429763,0.04965644,0.2069267,0.28344467,0.11699583,4
/home/ikk/renal-calculi-classificaction/DATASET/SECTION_SURFACE_DATASET/4II-4I/section/4II_2620SE.png,/home/ikk/renal-calculi-classificaction/DATASET/SECTION_SURFACE_DATASET/4II-4I/section/MASKS/4II_2620SE_mask.png,2,4II-4I,section,4II_2620SE,0,2,0.3944597,0.11115161,0.36737117,0.049807865,0.07720971,4
/home/ikk/renal-calculi-classificaction/DATASET/SECTION_SURFACE_DATASET/4II-4I/section/4II_8.png,/home/ikk/renal-calculi-classificaction/DATASET/SECTION_SURFACE_DATASET/4II-4I/section/MASKS/4II_8_mask.png,2,4II-4I,section,4II_8,2,2,0.048158575,0.17264783,0.5803034,0.1856794,0.013210849,4
/home/ikk/renal-calculi-classificaction/DATASET/SECTION_SURFACE_DATASET/1aI/surface/1aI_2004SE_1.jpg,/home/ikk/renal-calculi-classificaction/DATASET/SECTION_SURFACE_DATASET/1aI/surface/MASKS/1aI_2004SE_1_mask.png,0,1aI,surface,1aI_2004SE,0,0,0.67808574,0.17439948,0.09033194,0.0074428837,0.04973991,4
/home/ikk/renal-calculi-classificaction/DATASET/SECTION_SURFACE_DATASET/1aI/surface/1aI_3206SE_1.jpg,/home/ikk/renal-calculi-classificaction/DATASET/SECTION_SURFACE_DATASET/1aI/surface/MASKS/1aI_3206SE_1_mask.png,0,1aI,surface,1aI_3206SE,0,0,0.68288124,0.15620995,0.06710234,0.024953695,0.06885285,4
/home/ikk/renal-calculi-classificaction/DATASET/SECTION_SURFACE_DATASET/1aI/surface/1aI_2857SE_1.jpg,/home/ikk/renal-calculi-classificaction/DATASET/SECTION_SURFACE_DATASET/1aI/surface/MASKS/1aI_2857SE_1_mask.png,0,1aI,surface,1aI_2857SE,0,0,0.68113667,0.08243829,0.133331,0.06773297,0.035360973,4
/home/ikk/renal-calculi-classificaction/DATASET/SECTION_SURFACE_DATASET/1aI/surface/1aI_3369SE.jpg,/home/ikk/renal-calculi-classificaction/DATASET/SECTION_SURFACE_DATASET/1aI/surface/MASKS/1aI_3369SE_mask.png,0,1aI,surface,1aI_3369SE,2,0,0.2274654,0.26256523,0.37794715,0.022950679,0.10907157,4
/home/ikk/renal-calculi-classificaction/DATASET/SECTION_SURFACE_DATASET/1aI/surface/1aI_3292SE_2.jpg,/home/ikk/renal-calculi-classificaction/DATASET/SECTION_SURFACE_DATASET/1aI/surface/MASKS/1aI_3292SE_2_mask.png,0,1aI,surface,1aI_3292SE,0,0,0.4009573,0.14181896,0.17224807,0.083501704,0.20147397,4
/home/ikk/renal-calculi-classificaction/DATASET/SECTION_SURFACE_DATASET/1aI/surface/1aI_3292SE_1.jpg,/home/ikk/renal-calculi-classificaction/DATASET/SECTION_SURFACE_DATASET/1aI/surface/MASKS/1aI_3292SE_1_mask.png,0,1aI,surface,1aI_3292SE,4,0,0.22750248,0.031093976,0.21753067,0.10631068,0.41756222,4
/home/ikk/renal-calculi-classificaction/DATASET/SECTION_SURFACE_DATASET/1aI/surface/1aI_2046SE_1.jpg,/home/ikk/renal-calculi-classificaction/DATASET/SECTION_SURFACE_DATASET/1aI/surface/MASKS/1aI_2046SE_1_mask.png,0,1aI,surface,1aI_2046SE,0,0,0.85997313,0.01614621,0.0626366,0.025564378,0.035679635,4
/home/ikk/renal-calculi-classificaction/DATASET/SECTION_SURFACE_DATASET/1aI/surface/1aI_2138SE_1.jpg,/home/ikk/renal-calculi-classificaction/DATASET/SECTION_SURFACE_DATASET/1aI/surface/MASKS/1aI_2138SE_1_mask.png,0,1aI,surface,1aI_2138SE,0,0,0.59731203,0.01862623,0.1119925,0.049568925,0.22250034,4
/home/ikk/renal-calculi-classificaction/DATASET/SECTION_SURFACE_DATASET/1aI/surface/1aI_2004SE_2.jpg,/home/ikk/renal-calculi-classificaction/DATASET/SECTION_SURFACE_DATASET/1aI/surface/MASKS/1aI_2004SE_2_mask.png,0,1aI,surface,1aI_2004SE,0,0,0.7713531,0.049840003,0.09313522,0.035582434,0.05008921,4
/home/ikk/renal-calculi-classificaction/DATASET/SECTION_SURFACE_DATASET/1aI/surface/1aI_3292SE_3.jpg,/home/ikk/renal-calculi-classificaction/DATASET/SECTION_SURFACE_DATASET/1aI/surface/MASKS/1aI_3292SE_3_mask.png,0,1aI,surface,1aI_3292SE,0,0,0.45484656,0.10929902,0.1189489,0.03296341,0.28394204,4
/home/ikk/renal-calculi-classificaction/DATASET/SECTION_SURFACE_DATASET/1aI/section/1aI_3292SE_5.jpg,/home/ikk/renal-calculi-classificaction/DATASET/SECTION_SURFACE_DATASET/1aI/section/MASKS/1aI_3292SE_5_mask.png,0,1aI,section,1aI_3292SE,0,0,0.31786814,0.05203373,0.22364934,0.2585066,0.14794223,4
/home/ikk/renal-calculi-classificaction/DATASET/SECTION_SURFACE_DATASET/1aI/section/1aI_2046SE_3.jpg,/home/ikk/renal-calculi-classificaction/DATASET/SECTION_SURFACE_DATASET/1aI/section/MASKS/1aI_2046SE_3_mask.png,0,1aI,section,1aI_2046SE,0,0,0.84670144,0.022175338,0.057349242,0.014058639,0.059715357,4
/home/ikk/renal-calculi-classificaction/DATASET/SECTION_SURFACE_DATASET/1aI/section/1aI_COD_sup_2058SE.jpg,/home/ikk/renal-calculi-classificaction/DATASET/SECTION_SURFACE_DATASET/1aI/section/MASKS/1aI_COD_sup_2058SE_mask.png,0,1aI,section,1aI_COD_sup_2058SE,2,0,0.34113827,0.085112445,0.49570188,0.064723924,0.013323554,4
/home/ikk/renal-calculi-classificaction/DATASET/SECTION_SURFACE_DATASET/1aI/section/1aI_COD_sup_3291SE_2.jpg,/home/ikk/renal-calculi-classificaction/DATASET/SECTION_SURFACE_DATASET/1aI/section/MASKS/1aI_COD_sup_3291SE_2_mask.png,0,1aI,section,1aI_COD_sup_3291SE,0,0,0.58406824,0.08084992,0.08814719,0.13435161,0.112583034,4
/home/ikk/renal-calculi-classificaction/DATASET/SECTION_SURFACE_DATASET/1aI/section/1aI_2046SE_2.jpg,/home/ikk/renal-calculi-classificaction/DATASET/SECTION_SURFACE_DATASET/1aI/section/MASKS/1aI_2046SE_2_mask.png,0,1aI,section,1aI_2046SE,0,0,0.8172165,0.04161178,0.037111837,0.011241979,0.09281785,4
/home/ikk/renal-calculi-classificaction/DATASET/SECTION_SURFACE_DATASET/1aI/section/1aI_2138SE_2.jpg,/home/ikk/renal-calculi-classificaction/DATASET/SECTION_SURFACE_DATASET/1aI/section/MASKS/1aI_2138SE_2_mask.png,0,1aI,section,1aI_2138SE,0,0,0.83881366,0.008732744,0.053091086,0.0075568105,0.09180562,4
/home/ikk/renal-calculi-classificaction/DATASET/SECTION_SURFACE_DATASET/1aI/section/1aI_3292SE_4.jpg,/home/ikk/renal-calculi-classificaction/DATASET/SECTION_SURFACE_DATASET/1aI/section/MASKS/1aI_3292SE_4_mask.png,0,1aI,section,1aI_3292SE,0,0,0.36299682,0.10555658,0.16598172,0.093550876,0.271914,4
