image_path,mask_path,label,folder,view,stone_id,match_key,pred,true,prob_COM,prob_COD,prob_Mixto,prob_Infeccioso,prob_Urico,fold
/home/ikk/renal-calculi-classificaction/DATASET/SECTION_SURFACE_DATASET/6/surface/6_2662SE_surface.png,/home/ikk/renal-calculi-classificaction/DATASET/SECTION_SURFACE_DATASET/6/surface/MASKS/6_2662SE_surface_mask.png,3,6,surface,6_2662SE,6/surface/6_2662SE_surface.png,4,3,0.025042275,0.0060981307,0.10484826,0.13884102,0.7251703,0
/home/ikk/renal-calculi-classificaction/DATASET/SECTION_SURFACE_DATASET/6/surface/6_3260SE.jpg,/home/ikk/renal-calculi-classificaction/DATASET/SECTION_SURFACE_DATASET/6/surface/MASKS/6_3260SE_mask.png,3,6,surface,6_3260SE,6/surface/6_3260SE.jpg,3,3,0.11554546,0.027822172,0.27132344,0.5468004,0.038508605,0
/home/ikk/renal-calculi-classificaction/DATASET/SECTION_SURFACE_DATASET/6/surface/6_2365SE_1.png,/home/ikk/renal-calculi-classificaction/DATASET/SECTION_SURFACE_DATASET/6/surface/MASKS/6_2365SE_1_mask.png,3,6,surface,6_2365SE,6/surface/6_2365SE_1.png,3,3,0.103100754,0.014188307,0.057023797,0.76392466,0.06176249,0
/home/ikk/renal-calculi-classificaction/DATASET/SECTION_SURFACE_DATASET/6/section/6_2535SE_1.png,/home/ikk/renal-calculi-classificaction/DATASET/SECTION_SURFACE_DATASET/6/section/MASKS/6_2535SE_1_mask.png,3,6,section,6_2535SE,6/section/6_2535SE_1.png,2,3,0.075376004,0.032533657,0.62399375,0.19982953,0.06826703,0
/home/ikk/renal-calculi-classificaction/DATASET/SECTION_SURFACE_DATASET/6/section/6_2662SE_section.png,/home/ikk/renal-calculi-classificaction/DATASET/SECTION_SURFACE_DATASET/6/section/MASKS/6_2662SE_section_mask.png,3,6,section,6_2662SE,6/section/6_2662SE_section.png,2,3,0.074131995,0.10207941,0.67595834,0.085046954,0.062783234,0
/home/ikk/renal-calculi-classificaction/DATASET/SECTION_SURFACE_DATASET/6/section/6_2535SE_2.png,/home/ikk/renal-calculi-classificaction/DATASET/SECTION_SURFACE_DATASET/6/section/MASKS/6_2535SE_2_mask.png,3,6,section,6_2535SE,6/section/6_2535SE_2.png,3,3,0.01258165,0.022905743,0.30293813,0.63107866,0.030495804,0
/home/ikk/renal-calculi-classificaction/DATASET/SECTION_SURFACE_DATASET/6/section/6_3198SE.jpg,/home/ikk/renal-calculi-classificaction/DATASET/SECTION_SURFACE_DATASET/6/section/MASKS/6_3198SE_mask.png,3,6,section,6_3198SE,6/section/6_3198SE.jpg,2,3,0.20461494,0.15815717,0.35023934,0.041356135,0.24563245,0
/home/ikk/renal-calculi-classificaction/DATASET/SECTION_SURFACE_DATASET/6/section/6_2365SE_2.png,/home/ikk/renal-calculi-classificaction/DATASET/SECTION_SURFACE_DATASET/6/section/MASKS/6_2365SE_2_mask.png,3,6,section,6_2365SE,6/section/6_2365SE_2.png,3,3,0.03906271,0.0041108266,0.29530478,0.6539953,0.0075264703,0
/home/ikk/renal-calculi-classificaction/DATASET/SECTION_SURFACE_DATASET/6/section/6_2212SE.jpg,/home/ikk/renal-calculi-classificaction/DATASET/SECTION_SURFACE_DATASET/6/section/MASKS/6_2212SE_mask.png,3,6,section,6_2212SE,6/section/6_2212SE.jpg,3,3,0.004732062,0.0037711621,0.14902249,0.8345166,0.007957683,0
/home/ikk/renal-calculi-classificaction/DATASET/SECTION_SURFACE_DATASET/8aI - 8aII/surface/8aII_2951SE.jpg,/home/ikk/renal-calculi-classificaction/DATASET/SECTION_SURFACE_DATASET/8aI - 8aII/surface/MASKS/8aII_2951SE_mask.png,4,8aI - 8aII,surface,8aII_2951SE,8aI - 8aII/surface/8aII_2951SE.jpg,4,4,0.026204083,0.0071187518,0.12628171,0.030550914,0.80984455,0
/home/ikk/renal-calculi-classificaction/DATASET/SECTION_SURFACE_DATASET/8aI - 8aII/surface/8aI_2044SE_1.jpg,/home/ikk/renal-calculi-classificaction/DATASET/SECTION_SURFACE_DATASET/8aI - 8aII/surface/MASKS/8aI_2044SE_1_mask.png,4,8aI - 8aII,surface,8aI_2044SE,8aI - 8aII/surface/8aI_2044SE_1.jpg,4,4,0.27958697,0.07702862,0.118847564,0.18099226,0.34354463,0
/home/ikk/renal-calculi-classificaction/DATASET/SECTION_SURFACE_DATASET/8aI - 8aII/surface/8aII_2826SE.jpg,/home/ikk/renal-calculi-classificaction/DATASET/SECTION_SURFACE_DATASET/8aI - 8aII/surface/MASKS/8aII_2826SE_mask.png,4,8aI - 8aII,surface,8aII_2826SE,8aI - 8aII/surface/8aII_2826SE.jpg,4,4,0.0597499,0.11908771,0.06478913,0.011936315,0.744437,0
/home/ikk/renal-calculi-classificaction/DATASET/SECTION_SURFACE_DATASET/8aI - 8aII/section/8aII_2106SE.jpg,/home/ikk/renal-calculi-classificaction/DATASET/SECTION_SURFACE_DATASET/8aI - 8aII/section/MASKS/8aII_2106SE_mask.png,4,8aI - 8aII,section,8aII_2106SE,8aI - 8aII/section/8aII_2106SE.jpg,4,4,0.04511445,0.05157145,0.20033343,0.064631306,0.6383494,0
/home/ikk/renal-calculi-classificaction/DATASET/SECTION_SURFACE_DATASET/8aI - 8aII/section/8aI_2044SE_2.jpg,/home/ikk/renal-calculi-classificaction/DATASET/SECTION_SURFACE_DATASET/8aI - 8aII/section/MASKS/8aI_2044SE_2_mask.png,4,8aI - 8aII,section,8aI_2044SE,8aI - 8aII/section/8aI_2044SE_2.jpg,4,4,0.33233818,0.019594634,0.012528793,0.017158855,0.61837953,0
/home/ikk/renal-calculi-classificaction/DATASET/SECTION_SURFACE_DATASET/8aI - 8aII/section/8aII_2515SE.png,/home/ikk/renal-calculi-classificaction/DATASET/SECTION_SURFACE_DATASET/8aI - 8aII/section/MASKS/8aII_2515SE_mask.png,4,8aI - 8aII,section,8aII_2515SE,8aI - 8aII/section/8aII_2515SE.png,4,4,0.14952566,0.011609477,0.009201961,0.020062504,0.8096004,0
/home/ikk/renal-calculi-classificaction/DATASET/SECTION_SURFACE_DATASET/8aI - 8aII/section/8aII_3102SE.png,/home/ikk/renal-calculi-classificaction/DATASET/SECTION_SURFACE_DATASET/8aI - 8aII/section/MASKS/8aII_3102SE_mask.png,4,8aI - 8aII,section,8aII_3102SE,8aI - 8aII/section/8aII_3102SE.png,4,4,0.033843666,0.0031860298,0.009834153,0.0039599785,0.94917613,0
/home/ikk/renal-calculi-classificaction/DATASET/SECTION_SURFACE_DATASET/3aII/surface/3aII_2047SE.jpg,/home/ikk/renal-calculi-classificaction/DATASET/SECTION_SURFACE_DATASET/3aII/surface/MASKS/3aII_2047SE_mask.png,1,3aII,surface,3aII_2047SE,3aII/surface/3aII_2047SE.jpg,2,1,0.123701796,0.25900748,0.52806944,0.033067632,0.056153677,0
/home/ikk/renal-calculi-classificaction/DATASET/SECTION_SURFACE_DATASET/3aII/surface/3aII_3381SE.jpg,/home/ikk/renal-calculi-classificaction/DATASET/SECTION_SURFACE_DATASET/3aII/surface/MASKS/3aII_3381SE_mask.png,1,3aII,surface,3aII_3381SE,3aII/surface/3aII_3381SE.jpg,1,1,0.027193794,0.65891504,0.24169429,0.013631038,0.05856577,0
/home/ikk/renal-calculi-classificaction/DATASET/SECTION_SURFACE_DATASET/3aII/surface/3aII_2682SE.png,/home/ikk/renal-calculi-classificaction/DATASET/SECTION_SURFACE_DATASET/3aII/surface/MASKS/3aII_2682SE_mask.png,1,3aII,surface,3aII_2682SE,3aII/surface/3aII_2682SE.png,1,1,0.09183734,0.5295056,0.13824406,0.009843704,0.23056927,0
/home/ikk/renal-calculi-classificaction/DATASET/SECTION_SURFACE_DATASET/3bII/surface/3bII_2024SE.jpg,/home/ikk/renal-calculi-classificaction/DATASET/SECTION_SURFACE_DATASET/3bII/surface/MASKS/3bII_2024SE_mask.png,2,3bII,surface,3bII_2024SE,3bII/surface/3bII_2024SE.jpg,1,2,0.025624137,0.5593426,0.33339337,0.041694175,0.03994576,0
/home/ikk/renal-calculi-classificaction/DATASET/SECTION_SURFACE_DATASET/3bII/surface/3bII_1863SE.jpg,/home/ikk/renal-calculi-classificaction/DATASET/SECTION_SURFACE_DATASET/3bII/surface/MASKS/3bII_1863SE_mask.png,2,3bII,surface,3bII_1863SE,3bII/surface/3bII_1863SE.jpg,0,2,0.38266787,0.29538503,0.29325154,0.0073567806,0.021338819,0
/home/ikk/renal-calculi-classificaction/DATASET/SECTION_SURFACE_DATASET/3bII/surface/3bII_2434SE.png,/home/ikk/renal-calculi-classificaction/DATASET/SECTION_SURFACE_DATASET/3bII/surface/MASKS/3bII_2434SE_mask.png,2,3bII,surface,3bII_2434SE,3bII/surface/3bII_2434SE.png,1,2,0.3519974,0.38525817,0.20516661,0.024149979,0.0334278,0
/home/ikk/renal-calculi-classificaction/DATASET/SECTION_SURFACE_DATASET/3bII/surface/3bII_3007SE.jpg,/home/ikk/renal-calculi-classificaction/DATASET/SECTION_SURFACE_DATASET/3bII/surface/MASKS/3bII_3007SE_mask.png,2,3bII,surface,3bII_3007SE,3bII/surface/3bII_3007SE.jpg,2,2,0.04176336,0.21617237,0.646182,0.067509755,0.02837254,0
/home/ikk/renal-calculi-classificaction/DATASET/SECTION_SURFACE_DATASET/3bII/surface/3bII_2258SE.png,/home/ikk/renal-calculi-classificaction/DATASET/SECTION_SURFACE_DATASET/3bII/surface/MASKS/3bII_2258SE_mask.png,2,3bII,surface,3bII_2258SE,3bII/surface/3bII_2258SE.png,2,2,0.07245308,0.10016749,0.62506,0.17384209,0.028477304,0
/home/ikk/renal-calculi-classificaction/DATASET/SECTION_SURFACE_DATASET/3bII/surface/3bII_2699SE.jpg,/home/ikk/renal-calculi-classificaction/DATASET/SECTION_SURFACE_DATASET/3bII/surface/MASKS/3bII_2699SE_mask.png,2,3bII,surface,3bII_2699SE,3bII/surface/3bII_2699SE.jpg,1,2,0.266371,0.465392,0.17685445,0.03992565,0.051456884,0
/home/ikk/renal-calculi-classificaction/DATASET/SECTION_SURFACE_DATASET/3bII/surface/3bII_2251SE.png,/home/ikk/renal-calculi-classificaction/DATASET/SECTION_SURFACE_DATASET/3bII/surface/MASKS/3bII_2251SE_mask.png,2,3bII,surface,3bII_2251SE,3bII/surface/3bII_2251SE.png,2,2,0.03745007,0.06027926,0.8821266,0.01503881,0.005105216,0
/home/ikk/renal-calculi-classificaction/DATASET/SECTION_SURFACE_DATASET/3bII/surface/3bII_1985SE_1.jpg,/home/ikk/renal-calculi-classificaction/DATASET/SECTION_SURFACE_DATASET/3bII/surface/MASKS/3bII_1985SE_1_mask.png,2,3bII,surface,3bII_1985SE,3bII/surface/3bII_1985SE_1.jpg,2,2,0.18125647,0.19350992,0.56275994,0.026353078,0.03612056,0
/home/ikk/renal-calculi-classificaction/DATASET/SECTION_SURFACE_DATASET/3bII/section/3bII_3069SE.png,/home/ikk/renal-calculi-classificaction/DATASET/SECTION_SURFACE_DATASET/3bII/section/MASKS/3bII_3069SE_mask.png,2,3bII,section,3bII_3069SE,3bII/section/3bII_3069SE.png,2,2,0.15639718,0.14367531,0.46094584,0.016228342,0.22275333,0
/home/ikk/renal-calculi-classificaction/DATASET/SECTION_SURFACE_DATASET/3bII/section/3bII_1985SE_2.jpg,/home/ikk/renal-calculi-classificaction/DATASET/SECTION_SURFACE_DATASET/3bII/section/MASKS/3bII_1985SE_2_mask.png,2,3bII,section,3bII_1985SE,3bII/section/3bII_1985SE_2.jpg,2,2,0.13936451,0.11179292,0.55675465,0.1530619,0.03902602,0
/home/ikk/renal-calculi-classificaction/DATASET/SECTION_SURFACE_DATASET/3bII/section/3bII_MO_1868SE.jpg,/home/ikk/renal-calculi-classificaction/DATASET/SECTION_SURFACE_DATASET/3bII/section/MASKS/3bII_MO_1868SE_mask.png,2,3bII,section,3bII_MO_1868SE,3bII/section/3bII_MO_1868SE.jpg,1,2,0.022737322,0.47903237,0.35330817,0.015689055,0.12923302,0
/home/ikk/renal-calculi-classificaction/DATASET/SECTION_SURFACE_DATASET/3bII/section/3bII_1804SE.jpg,/home/ikk/renal-calculi-classificaction/DATASET/SECTION_SURFACE_DATASET/3bII/section/MASKS/3bII_1804SE_mask.png,2,3bII,section,3bII_1804SE,3bII/section/3bII_1804SE.jpg,2,2,0.25681713,0.07919358,0.4216614,0.055729635,0.18659829,0
/home/ikk/renal-calculi-classificaction/DATASET/SECTION_SURFACE_DATASET/3bII/section/3bII_1941SE.jpg,/home/ikk/renal-calculi-classificaction/DATASET/SECTION_SURFACE_DATASET/3bII/section/MASKS/3bII_1941SE_mask.png,2,3bII,section,3bII_1941SE,3bII/section/3bII_1941SE.jpg,2,2,0.018280465,0.011012344,0.8974284,0.052717812,0.020561038,0
/home/ikk/renal-calculi-classificaction/DATASET/SECTION_SURFACE_DATASET/3bII/section/3bII_2759SE.jpg,/home/ikk/renal-calculi-classificaction/DATASET/SECTION_SURFACE_DATASET/3bII/section/MASKS/3bII_2759SE_mask.png,2,3bII,section,3bII_2759SE,3bII/section/3bII_2759SE.jpg,2,2,0.025270125,0.07331643,0.78025395,0.08447611,0.03668343,0
/home/ikk/renal-calculi-classificaction/DATASET/SECTION_SURFACE_DATASET/2a/surface/2a_1796SE_2.jpg,/home/ikk/renal-calculi-classificaction/DATASET/SECTION_SURFACE_DATASET/2a/surface/MASKS/2a_1796SE_2_mask.png,0,2a,surface,2a_1796SE,2a/surface/2a_1796SE_2.jpg,0,0,0.60758835,0.039270587,0.27989084,0.020224756,0.053025495,0
/home/ikk/renal-calculi-classificaction/DATASET/SECTION_SURFACE_DATASET/2a/surface/2a_2156SE.jpg,/home/ikk/renal-calculi-classificaction/DATASET/SECTION_SURFACE_DATASET/2a/surface/MASKS/2a_2156SE_mask.png,0,2a,surface,2a_2156SE,2a/surface/2a_2156SE.jpg,0,0,0.6906379,0.01797054,0.10555875,0.06945236,0.11638045,0
/home/ikk/renal-calculi-classificaction/DATASET/SECTION_SURFACE_DATASET/2a/surface/2a_1782SE_surface.jpg,/home/ikk/renal-calculi-classificaction/DATASET/SECTION_SURFACE_DATASET/2a/surface/MASKS/2a_1782SE_surface_mask.png,0,2a,surface,2a_1782SE,2a/surface/2a_1782SE_surface.jpg,2,0,0.20072412,0.20885865,0.47119355,0.027802708,0.09142097,0
/home/ikk/renal-calculi-classificaction/DATASET/SECTION_SURFACE_DATASET/2a/surface/2a_1939SE.jpg,/home/ikk/renal-calculi-classificaction/DATASET/SECTION_SURFACE_DATASET/2a/surface/MASKS/2a_1939SE_mask.png,0,2a,surface,2a_1939SE,2a/surface/2a_1939SE.jpg,0,0,0.80119044,0.0053268373,0.07465007,0.10904296,0.00978967,0
/home/ikk/renal-calculi-classificaction/DATASET/SECTION_SURFACE_DATASET/2a/surface/2a_3387SE.jpg,/home/ikk/renal-calculi-classificaction/DATASET/SECTION_SURFACE_DATASET/2a/surface/MASKS/2a_3387SE_mask.png,0,2a,surface,2a_3387SE,2a/surface/2a_3387SE.jpg,0,0,0.45237264,0.066744745,0.22654553,0.16335747,0.09097963,0
/home/ikk/renal-calculi-classificaction/DATASET/SECTION_SURFACE_DATASET/2a/surface/2a_1796SE.jpg,/home/ikk/renal-calculi-classificaction/DATASET/SECTION_SURFACE_DATASET/2a/surface/MASKS/2a_1796SE_mask.png,0,2a,surface,2a_1796SE,2a/surface/2a_1796SE.jpg,0,0,0.5823028,0.12911594,0.047386456,0.019121097,0.22207367,0
/home/ikk/renal-calculi-classificaction/DATASET/SECTION_SURFACE_DATASET/2a/section/2a_2883SE.jpg,/home/ikk/renal-calculi-classificaction/DATASET/SECTION_SURFACE_DATASET/2a/section/MASKS/2a_2883SE_mask.png,0,2a,section,2a_2883SE,2a/section/2a_2883SE.jpg,2,0,0.3190142,0.040850077,0.3309506,0.023152987,0.28603217,0
/home/ikk/renal-calculi-classificaction/DATASET/SECTION_SURFACE_DATASET/2a/section/2a_1782SE_section.jpg,/home/ikk/renal-calculi-classificaction/DATASET/SECTION_SURFACE_DATASET/2a/section/MASKS/2a_1782SE_section_mask.png,0,2a,section,2a_1782SE,2a/section/2a_1782SE_section.jpg,0,0,0.44184372,0.09330124,0.38978517,0.011593319,0.06347655,0
/home/ikk/renal-calculi-classificaction/DATASET/SECTION_SURFACE_DATASET/2a/section/2a_2149SE_1.jpg,/home/ikk/renal-calculi-classificaction/DATASET/SECTION_SURFACE_DATASET/2a/section/MASKS/2a_2149SE_1_mask.png,0,2a,section,2a_2149SE,2a/section/2a_2149SE_1.jpg,0,0,0.9267459,0.016250957,0.026161209,0.013469331,0.017372565,0
/home/ikk/renal-calculi-classificaction/DATASET/SECTION_SURFACE_DATASET/2a/section/2a_1939SE_3.jpg,/home/ikk/renal-calculi-classificaction/DATASET/SECTION_SURFACE_DATASET/2a/section/MASKS/2a_1939SE_3_mask.png,0,2a,section,2a_1939SE,2a/section/2a_1939SE_3.jpg,0,0,0.35305583,0.04914746,0.33548343,0.10867472,0.15363854,0
/home/ikk/renal-calculi-classificaction/DATASET/SECTION_SURFACE_DATASET/2a/section/2a_1910SE.jpg,/home/ikk/renal-calculi-classificaction/DATASET/SECTION_SURFACE_DATASET/2a/section/MASKS/2a_1910SE_mask.png,0,2a,section,2a_1910SE,2a/section/2a_1910SE.jpg,2,0,0.2258908,0.01669448,0.40016598,0.33179268,0.025456054,0
/home/ikk/renal-calculi-classificaction/DATASET/SECTION_SURFACE_DATASET/2a/section/2a_1960SE.jpg,/home/ikk/renal-calculi-classificaction/DATASET/SECTION_SURFACE_DATASET/2a/section/MASKS/2a_1960SE_mask.png,0,2a,section,2a_1960SE,2a/section/2a_1960SE.jpg,0,0,0.46765342,0.02267475,0.40535167,0.06281662,0.041503523,0
/home/ikk/renal-calculi-classificaction/DATASET/SECTION_SURFACE_DATASET/2a/section/2a_2218SE.jpg,/home/ikk/renal-calculi-classificaction/DATASET/SECTION_SURFACE_DATASET/2a/section/MASKS/2a_2218SE_mask.png,0,2a,section,2a_2218SE,2a/section/2a_2218SE.jpg,2,0,0.4287842,0.08551027,0.44275305,0.019783624,0.023168951,0
/home/ikk/renal-calculi-classificaction/DATASET/SECTION_SURFACE_DATASET/2a/section/2a_3345SE.jpg,/home/ikk/renal-calculi-classificaction/DATASET/SECTION_SURFACE_DATASET/2a/section/MASKS/2a_3345SE_mask.png,0,2a,section,2a_3345SE,2a/section/2a_3345SE.jpg,2,0,0.18268204,0.045130484,0.396565,0.056673113,0.3189494,0
/home/ikk/renal-calculi-classificaction/DATASET/SECTION_SURFACE_DATASET/2a/section/2a_2149SE_2.jpg,/home/ikk/renal-calculi-classificaction/DATASET/SECTION_SURFACE_DATASET/2a/section/MASKS/2a_2149SE_2_mask.png,0,2a,section,2a_2149SE,2a/section/2a_2149SE_2.jpg,0,0,0.8824722,0.02761218,0.031058067,0.02057629,0.03828122,0
/home/ikk/renal-calculi-classificaction/DATASET/SECTION_SURFACE_DATASET/2a/section/2a_2708SE.jpg,/home/ikk/renal-calculi-classificaction/DATASET/SECTION_SURFACE_DATASET/2a/section/MASKS/2a_2708SE_mask.png,0,2a,section,2a_2708SE,2a/section/2a_2708SE.jpg,2,0,0.02498612,0.074503705,0.844864,0.021472715,0.034173474,0
/home/ikk/renal-calculi-classificaction/DATASET/SECTION_SURFACE_DATASET/2a/section/2a_2060SE.jpg,/home/ikk/renal-calculi-classificaction/DATASET/SECTION_SURFACE_DATASET/2a/section/MASKS/2a_2060SE_mask.png,0,2a,section,2a_2060SE,2a/section/2a_2060SE.jpg,2,0,0.11715518,0.024360273,0.834426,0.006245876,0.017812658,0
/home/ikk/renal-calculi-classificaction/DATASET/SECTION_SURFACE_DATASET/2a/section/2a_2790SE.jpg,/home/ikk/renal-calculi-classificaction/DATASET/SECTION_SURFACE_DATASET/2a/section/MASKS/2a_2790SE_mask.png,0,2a,section,2a_2790SE,2a/section/2a_2790SE.jpg,2,0,0.13666353,0.035745047,0.7627341,0.0340726,0.030784618,0
/home/ikk/renal-calculi-classificaction/DATASET/SECTION_SURFACE_DATASET/2a/section/2a_1980SE.jpg,/home/ikk/renal-calculi-classificaction/DATASET/SECTION_SURFACE_DATASET/2a/section/MASKS/2a_1980SE_mask.png,0,2a,section,2a_1980SE,2a/section/2a_1980SE.jpg,0,0,0.34732792,0.038418323,0.16562016,0.115392044,0.33324155,0
/home/ikk/renal-calculi-classificaction/DATASET/SECTION_SURFACE_DATASET/2a/section/2a_3382SE.jpg,/home/ikk/renal-calculi-classificaction/DATASET/SECTION_SURFACE_DATASET/2a/section/MASKS/2a_3382SE_mask.png,0,2a,section,2a_3382SE,2a/section/2a_3382SE.jpg,2,0,0.1723849,0.1806819,0.37626022,0.079157874,0.19151504,0
/home/ikk/renal-calculi-classificaction/DATASET/SECTION_SURFACE_DATASET/2a/section/2a_1939SE_2.jpg,/home/ikk/renal-calculi-classificaction/DATASET/SECTION_SURFACE_DATASET/2a/section/MASKS/2a_1939SE_2_mask.png,0,2a,section,2a_1939SE,2a/section/2a_1939SE_2.jpg,0,0,0.889625,0.021002661,0.04853575,0.013238856,0.027597696,0
/home/ikk/renal-calculi-classificaction/DATASET/SECTION_SURFACE_DATASET/4II-4I/surface/4II_2731SE.jpg,/home/ikk/renal-calculi-classificaction/DATASET/SECTION_SURFACE_DATASET/4II-4I/surface/MASKS/4II_2731SE_mask.png,2,4II-4I,surface,4II_2731SE,4II-4I/surface/4II_2731SE.jpg,1,2,0.07821486,0.44531426,0.33660296,0.043468717,0.09639918,0
/home/ikk/renal-calculi-classificaction/DATASET/SECTION_SURFACE_DATASET/4II-4I/surface/4II_1906SE.jpg,/home/ikk/renal-calculi-classificaction/DATASET/SECTION_SURFACE_DATASET/4II-4I/surface/MASKS/4II_1906SE_mask.png,2,4II-4I,surface,4II_1906SE,4II-4I/surface/4II_1906SE.jpg,1,2,0.18588527,0.38210195,0.30804425,0.03965394,0.08431464,0
/home/ikk/renal-calculi-classificaction/DATASET/SECTION_SURFACE_DATASET/4II-4I/surface/4II_1906SE_2.jpg,/home/ikk/renal-calculi-classificaction/DATASET/SECTION_SURFACE_DATASET/4II-4I/surface/MASKS/4II_1906SE_2_mask.png,2,4II-4I,surface,4II_1906SE,4II-4I/surface/4II_1906SE_2.jpg,2,2,0.15987739,0.33330026,0.47064885,0.011691084,0.024482373,0
/home/ikk/renal-calculi-classificaction/DATASET/SECTION_SURFACE_DATASET/4II-4I/surface/4I_3506SE.png,/home/ikk/renal-calculi-classificaction/DATASET/SECTION_SURFACE_DATASET/4II-4I/surface/MASKS/4I_3506SE_mask.png,2,4II-4I,surface,4I_3506SE,4II-4I/surface/4I_3506SE.png,2,2,0.16554144,0.08466338,0.51717997,0.055972155,0.17664315,0
/home/ikk/renal-calculi-classificaction/DATASET/SECTION_SURFACE_DATASET/4II-4I/section/4II_1933SE.jpg,/home/ikk/renal-calculi-classificaction/DATASET/SECTION_SURFACE_DATASET/4II-4I/section/MASKS/4II_1933SE_mask.png,2,4II-4I,section,4II_1933SE,4II-4I/section/4II_1933SE.jpg,2,2,0.013176425,0.035947554,0.8531747,0.07085127,0.026850123,0
/home/ikk/renal-calculi-classificaction/DATASET/SECTION_SURFACE_DATASET/4II-4I/section/4II_9.png,/home/ikk/renal-calculi-classificaction/DATASET/SECTION_SURFACE_DATASET/4II-4I/section/MASKS/4II_9_mask.png,2,4II-4I,section,4II_9,4II-4I/section/4II_9.png,2,2,0.031238519,0.054693613,0.7302154,0.17398284,0.0098696705,0
/home/ikk/renal-calculi-classificaction/DATASET/SECTION_SURFACE_DATASET/4II-4I/section/4I_2753SE.jpg,/home/ikk/renal-calculi-classificaction/DATASET/SECTION_SURFACE_DATASET/4II-4I/section/MASKS/4I_2753SE_mask.png,2,4II-4I,section,4I_2753SE,4II-4I/section/4I_2753SE.jpg,3,2,0.04772057,0.020082792,0.3007709,0.43328485,0.19814081,0
/home/ikk/renal-calculi-classificaction/DATASET/SECTION_SURFACE_DATASET/4II-4I/section/4II_3132SE.png,/home/ikk/renal-calculi-classificaction/DATASET/SECTION_SURFACE_DATASET/4II-4I/section/MASKS/4II_3132SE_mask.png,2,4II-4I,section,4II_3132SE,4II-4I/section/4II_3132SE.png,2,2,0.02226869,0.035392992,0.84006387,0.06035839,0.041916057,0
/home/ikk/renal-calculi-classificaction/DATASET/SECTION_SURFACE_DATASET/4II-4I/section/4I_COM_1898SE.jpg,/home/ikk/renal-calculi-classificaction/DATASET/SECTION_SURFACE_DATASET/4II-4I/section/MASKS/4I_COM_1898SE_mask.png,2,4II-4I,section,4I_COM_1898SE,4II-4I/section/4I_COM_1898SE.jpg,2,2,0.23410338,0.12970057,0.41857633,0.059791837,0.15782791,0
/home/ikk/renal-calculi-classificaction/DATASET/SECTION_SURFACE_DATASET/4II-4I/section/4II_1933SE_2.jpg,/home/ikk/renal-calculi-classificaction/DATASET/SECTION_SURFACE_DATASET/4II-4I/section/MASKS/4II_1933SE_2_mask.png,2,4II-4I,section,4II_1933SE,4II-4I/section/4II_1933SE_2.jpg,2,2,0.10151201,0.06677635,0.68560493,0.08792685,0.058179874,0
/home/ikk/renal-calculi-classificaction/DATASET/SECTION_SURFACE_DATASET/4II-4I/section/4II_3166SE.jpg,/home/ikk/renal-calculi-classificaction/DATASET/SECTION_SURFACE_DATASET/4II-4I/section/MASKS/4II_3166SE_mask.png,2,4II-4I,section,4II_3166SE,4II-4I/section/4II_3166SE.jpg,2,2,0.121898524,0.042724747,0.54684854,0.22856316,0.059965055,0
/home/ikk/renal-calculi-classificaction/DATASET/SECTION_SURFACE_DATASET/1aI/surface/1aI_COD_sup_1828SE.jpg,/home/ikk/renal-calculi-classificaction/DATASET/SECTION_SURFACE_DATASET/1aI/surface/MASKS/1aI_COD_sup_1828SE_mask.png,0,1aI,surface,1aI_COD_sup_1828SE,1aI/surface/1aI_COD_sup_1828SE.jpg,0,0,0.8416101,0.017475626,0.06322079,0.052042667,0.02565084,0
/home/ikk/renal-calculi-classificaction/DATASET/SECTION_SURFACE_DATASET/1aI/surface/1aI_3111SE.png,/home/ikk/renal-calculi-classificaction/DATASET/SECTION_SURFACE_DATASET/1aI/surface/MASKS/1aI_3111SE_mask.png,0,1aI,surface,1aI_3111SE,1aI/surface/1aI_3111SE.png,0,0,0.9229972,0.007319223,0.02583861,0.018103654,0.025741337,0
/home/ikk/renal-calculi-classificaction/DATASET/SECTION_SURFACE_DATASET/1aI/surface/1aI_COD_sup_2524SE.png,/home/ikk/renal-calculi-classificaction/DATASET/SECTION_SURFACE_DATASET/1aI/surface/MASKS/1aI_COD_sup_2524SE_mask.png,0,1aI,surface,1aI_COD_sup_2524SE,1aI/surface/1aI_COD_sup_2524SE.png,0,0,0.7523951,0.019357068,0.1703403,0.021321062,0.036586497,0
/home/ikk/renal-calculi-classificaction/DATASET/SECTION_SURFACE_DATASET/1aI/surface/1aI_COD_sup_1929SE.jpg,/home/ikk/renal-calculi-classificaction/DATASET/SECTION_SURFACE_DATASET/1aI/surface/MASKS/1aI_COD_sup_1929SE_mask.png,0,1aI,surface,1aI_COD_sup_1929SE,1aI/surface/1aI_COD_sup_1929SE.jpg,0,0,0.8927321,0.0098624695,0.06880983,0.02079762,0.007797917,0
/home/ikk/renal-calculi-classificaction/DATASET/SECTION_SURFACE_DATASET/1aI/surface/1aI_1992SE_2.jpg,/home/ikk/renal-calculi-classificaction/DATASET/SECTION_SURFACE_DATASET/1aI/surface/MASKS/1aI_1992SE_2_mask.png,0,1aI,surface,1aI_1992SE,1aI/surface/1aI_1992SE_2.jpg,0,0,0.9092027,0.0066350666,0.03500472,0.028146392,0.021011151,0
/home/ikk/renal-calculi-classificaction/DATASET/SECTION_SURFACE_DATASET/1aI/surface/1aI_1794SE.jpg,/home/ikk/renal-calculi-classificaction/DATASET/SECTION_SURFACE_DATASET/1aI/surface/MASKS/1aI_1794SE_mask.png,0,1aI,surface,1aI_1794SE,1aI/surface/1aI_1794SE.jpg,0,0,0.3450035,0.03664022,0.146488,0.16872196,0.30314627,0
/home/ikk/renal-calculi-classificaction/DATASET/SECTION_SURFACE_DATASET/1aI/surface/1aI_2411SE_1.png,/home/ikk/renal-calculi-classificaction/DATASET/SECTION_SURFACE_DATASET/1aI/surface/MASKS/1aI_2411SE_1_mask.png,0,1aI,surface,1aI_2411SE,1aI/surface/1aI_2411SE_1.png,0,0,0.42643788,0.27923465,0.14148504,0.07231342,0.08052904,0
/home/ikk/renal-calculi-classificaction/DATASET/SECTION_SURFACE_DATASET/1aI/surface/1aI_1992SE_1.jpg,/home/ikk/renal-calculi-classificaction/DATASET/SECTION_SURFACE_DATASET/1aI/surface/MASKS/1aI_1992SE_1_mask.png,0,1aI,surface,1aI_1992SE,1aI/surface/1aI_1992SE_1.jpg,0,0,0.6041801,0.18621495,0.12546928,0.023798823,0.060336836,0
/home/ikk/renal-calculi-classificaction/DATASET/SECTION_SURFACE_DATASET/1aI/section/1aI_2014SE.jpg,/home/ikk/renal-calculi-classificaction/DATASET/SECTION_SURFACE_DATASET/1aI/section/MASKS/1aI_2014SE_mask.png,0,1aI,section,1aI_2014SE,1aI/section/1aI_2014SE.jpg,0,0,0.5393259,0.12313898,0.22430551,0.019574068,0.093655586,0
/home/ikk/renal-calculi-classificaction/DATASET/SECTION_SURFACE_DATASET/1aI/section/1aI_2408SE_1.png,/home/ikk/renal-calculi-classificaction/DATASET/SECTION_SURFACE_DATASET/1aI/section/MASKS/1aI_2408SE_1_mask.png,0,1aI,section,1aI_2408SE,1aI/section/1aI_2408SE_1.png,4,0,0.3608901,0.06839402,0.124309815,0.034300324,0.41210577,0
/home/ikk/renal-calculi-classificaction/DATASET/SECTION_SURFACE_DATASET/1aI/section/1aI_2411SE_2.png,/home/ikk/renal-calculi-classificaction/DATASET/SECTION_SURFACE_DATASET/1aI/section/MASKS/1aI_2411SE_2_mask.png,0,1aI,section,1aI_2411SE,1aI/section/1aI_2411SE_2.png,2,0,0.30855918,0.09514091,0.3827411,0.07593597,0.13762285,0
/home/ikk/renal-calculi-classificaction/DATASET/SECTION_SURFACE_DATASET/1aI/section/1aI_2408SE_2.png,/home/ikk/renal-calculi-classificaction/DATASET/SECTION_SURFACE_DATASET/1aI/section/MASKS/1aI_2408SE_2_mask.png,0,1aI,section,1aI_2408SE,1aI/section/1aI_2408SE_2.png,0,0,0.8091562,0.051820785,0.07703231,0.022699676,0.039291047,0
/home/ikk/renal-calculi-classificaction/DATASET/SECTION_SURFACE_DATASET/6/surface/6_3002SE.jpg,/home/ikk/renal-calculi-classificaction/DATASET/SECTION_SURFACE_DATASET/6/surface/MASKS/6_3002SE_mask.png,3,6,surface,6_3002SE,6/surface/6_3002SE.jpg,3,3,0.0300979,0.0071926294,0.11803107,0.83169353,0.012984879,1
/home/ikk/renal-calculi-classificaction/DATASET/SECTION_SURFACE_DATASET/6/surface/6_2023SE_3.jpg,/home/ikk/renal-calculi-classificaction/DATASET/SECTION_SURFACE_DATASET/6/surface/MASKS/6_2023SE_3_mask.png,3,6,surface,6_2023SE,6/surface/6_2023SE_3.jpg,3,3,0.014077339,0.005040215,0.06514576,0.9125832,0.0031535577,1
/home/ikk/renal-calculi-classificaction/DATASET/SECTION_SURFACE_DATASET/6/surface/6_2430SE.png,/home/ikk/renal-calculi-classificaction/DATASET/SECTION_SURFACE_DATASET/6/surface/MASKS/6_2430SE_mask.png,3,6,surface,6_2430SE,6/surface/6_2430SE.png,3,3,0.06675557,0.04742187,0.38569567,0.44588274,0.05424422,1
/home/ikk/renal-calculi-classificaction/DATASET/SECTION_SURFACE_DATASET/6/section/6_3001SE.jpg,/home/ikk/renal-calculi-classificaction/DATASET/SECTION_SURFACE_DATASET/6/section/MASKS/6_3001SE_mask.png,3,6,section,6_3001SE,6/section/6_3001SE.jpg,2,3,0.20289269,0.15991834,0.45910266,0.11542598,0.0626603,1
/home/ikk/renal-calculi-classificaction/DATASET/SECTION_SURFACE_DATASET/6/section/6_3265SE.jpg,/home/ikk/renal-calculi-classificaction/DATASET/SECTION_SURFACE_DATASET/6/section/MASKS/6_3265SE_mask.png,3,6,section,6_3265SE,6/section/6_3265SE.jpg,3,3,0.03212212,0.014863552,0.26337683,0.63810515,0.051532365,1
/home/ikk/renal-calculi-classificaction/DATASET/SECTION_SURFACE_DATASET/6/section/6_2023SE_1.jpg,/home/ikk/renal-calculi-classificaction/DATASET/SECTION_SURFACE_DATASET/6/section/MASKS/6_2023SE_1_mask.png,3,6,section,6_2023SE,6/section/6_2023SE_1.jpg,4,3,0.13973464,0.0142299635,0.045237556,0.3818117,0.41898614,1
/home/ikk/renal-calculi-classificaction/DATASET/SECTION_SURFACE_DATASET/6/section/6_2023SE_2.jpg,/home/ikk/renal-calculi-classificaction/DATASET/SECTION_SURFACE_DATASET/6/section/MASKS/6_2023SE_2_mask.png,3,6,section,6_2023SE,6/section/6_2023SE_2.jpg,3,3,0.29654634,0.017038846,0.17298749,0.45167595,0.061751354,1
/home/ikk/renal-calculi-classificaction/DATASET/SECTION_SURFACE_DATASET/6/section/6_2548SE.png,/home/ikk/renal-calculi-classificaction/DATASET/SECTION_SURFACE_DATASET/6/section/MASKS/6_2548SE_mask.png,3,6,section,6_2548SE,6/section/6_2548SE.png,3,3,0.012160653,0.0059000365,0.05168719,0.920682,0.009570082,1
/home/ikk/renal-calculi-classificaction/DATASET/SECTION_SURFACE_DATASET/6/section/6_1860SE.jpg,/home/ikk/renal-calculi-classificaction/DATASET/SECTION_SURFACE_DATASET/6/section/MASKS/6_1860SE_mask.png,3,6,section,6_1860SE,6/section/6_1860SE.jpg,4,3,0.11171863,0.045908168,0.17720905,0.2677123,0.3974518,1
/home/ikk/renal-calculi-classificaction/DATASET/SECTION_SURFACE_DATASET/8aI - 8aII/surface/8aII_2041SE.jpg,/home/ikk/renal-calculi-classificaction/DATASET/SECTION_SURFACE_DATASET/8aI - 8aII/surface/MASKS/8aII_2041SE_mask.png,4,8aI - 8aII,surface,8aII_2041SE,8aI - 8aII/surface/8aII_2041SE.jpg,1,4,0.22490476,0.6015288,0.08203251,0.009340017,0.082193874,1
/home/ikk/renal-calculi-classificaction/DATASET/SECTION_SURFACE_DATASET/8aI - 8aII/surface/8aII_1866SE.jpg,/home/ikk/renal-calculi-classificaction/DATASET/SECTION_SURFACE_DATASET/8aI - 8aII/surface/MASKS/8aII_1866SE_mask.png,4,8aI - 8aII,surface,8aII_1866SE,8aI - 8aII/surface/8aII_1866SE.jpg,1,4,0.15170966,0.31313264,0.18065327,0.048088707,0.3064157,1
/home/ikk/renal-calculi-classificaction/DATASET/SECTION_SURFACE_DATASET/8aI - 8aII/section/8aII_and_COM_minim_1977SE_2.jpg,/home/ikk/renal-calculi-classificaction/DATASET/SECTION_SURFACE_DATASET/8aI - 8aII/section/MASKS/8aII_and_COM_minim_1977SE_2_mask.png,4,8aI - 8aII,section,8aII_and_COM_minim_1977SE,8aI - 8aII/section/8aII_and_COM_minim_1977SE_2.jpg,4,4,0.2379115,0.10459757,0.10481739,0.055955634,0.49671787,1
/home/ikk/renal-calculi-classificaction/DATASET/SECTION_SURFACE_DATASET/8aI - 8aII/section/8aI_1871SE_2.jpg,/home/ikk/renal-calculi-classificaction/DATASET/SECTION_SURFACE_DATASET/8aI - 8aII/section/MASKS/8aI_1871SE_2_mask.png,4,8aI - 8aII,section,8aI_1871SE,8aI - 8aII/section/8aI_1871SE_2.jpg,4,4,0.39749938,0.020078503,0.014393577,0.011957089,0.55607146,1
/home/ikk/renal-calculi-classificaction/DATASET/SECTION_SURFACE_DATASET/8aI - 8aII/section/8aII_2796SE.jpg,/home/ikk/renal-calculi-classificaction/DATASET/SECTION_SURFACE_DATASET/8aI - 8aII/section/MASKS/8aII_2796SE_mask.png,4,8aI - 8aII,section,8aII_2796SE,8aI - 8aII/section/8aII_2796SE.jpg,4,4,0.046093553,0.00574648,0.027425341,0.023773827,0.89696074,1
/home/ikk/renal-calculi-classificaction/DATASET/SECTION_SURFACE_DATASET/8aI - 8aII/section/8aII_and_COM_minim_1977SE_1.jpg,/home/ikk/renal-calculi-classificaction/DATASET/SECTION_SURFACE_DATASET/8aI - 8aII/section/MASKS/8aII_and_COM_minim_1977SE_1_mask.png,4,8aI - 8aII,section,8aII_and_COM_minim_1977SE,8aI - 8aII/section/8aII_and_COM_minim_1977SE_1.jpg,4,4,0.4248133,0.01716067,0.025863308,0.00870252,0.52346027,1
/home/ikk/renal-calculi-classificaction/DATASET/SECTION_SURFACE_DATASET/3aII/surface/3aII_1912SE_2.jpg,/home/ikk/renal-calculi-classificaction/DATASET/SECTION_SURFACE_DATASET/3aII/surface/MASKS/3aII_1912SE_2_mask.png,1,3aII,surface,3aII_1912SE,3aII/surface/3aII_1912SE_2.jpg,1,1,0.010053902,0.73887485,0.24403185,0.0015679878,0.005471411,1
/home/ikk/renal-calculi-classificaction/DATASET/SECTION_SURFACE_DATASET/3aII/surface/3aII_1913SE.jpg,/home/ikk/renal-calculi-classificaction/DATASET/SECTION_SURFACE_DATASET/3aII/surface/MASKS/3aII_1913SE_mask.png,1,3aII,surface,3aII_1913SE,3aII/surface/3aII_1913SE.jpg,2,1,0.117623396,0.24263602,0.5564399,0.05851876,0.024781918,1
/home/ikk/renal-calculi-classificaction/DATASET/SECTION_SURFACE_DATASET/3aII/surface/3aII_1912SE.jpg,/home/ikk/renal-calculi-classificaction/DATASET/SECTION_SURFACE_DATASET/3aII/surface/MASKS/3aII_1912SE_mask.png,1,3aII,surface,3aII_1912SE,3aII/surface/3aII_1912SE.jpg,1,1,0.024012877,0.7308086,0.23072287,0.0068192626,0.0076363375,1
/home/ikk/renal-calculi-classificaction/DATASET/SECTION_SURFACE_DATASET/3aII/surface/3aII_2107SE.jpg,/home/ikk/renal-calculi-classificaction/DATASET/SECTION_SURFACE_DATASET/3aII/surface/MASKS/3aII_2107SE_mask.png,1,3aII,surface,3aII_2107SE,3aII/surface/3aII_2107SE.jpg,2,1,0.2651988,0.21435557,0.4640323,0.03355588,0.022857413,1
/home/ikk/renal-calculi-classificaction/DATASET/SECTION_SURFACE_DATASET/3aII/surface/3aII_2354SE.png,/home/ikk/renal-calculi-classificaction/DATASET/SECTION_SURFACE_DATASET/3aII/surface/MASKS/3aII_2354SE_mask.png,1,3aII,surface,3aII_2354SE,3aII/surface/3aII_2354SE.png,0,1,0.3728087,0.24248448,0.17250307,0.013333503,0.1988702,1
/home/ikk/renal-calculi-classificaction/DATASET/SECTION_SURFACE_DATASET/3aII/surface/3aII_3114SE.png,/home/ikk/renal-calculi-classificaction/DATASET/SECTION_SURFACE_DATASET/3aII/surface/MASKS/3aII_3114SE_mask.png,1,3aII,surface,3aII_3114SE,3aII/surface/3aII_3114SE.png,2,1,0.074509464,0.19780172,0.48444462,0.18234436,0.060899846,1
/home/ikk/renal-calculi-classificaction/DATASET/SECTION_SURFACE_DATASET/3bII/surface/3bII_2102SE.jpg,/home/ikk/renal-calculi-classificaction/DATASET/SECTION_SURFACE_DATASET/3bII/surface/MASKS/3bII_2102SE_mask.png,2,3bII,surface,3bII_2102SE,3bII/surface/3bII_2102SE.jpg,2,2,0.35148665,0.028011419,0.46750668,0.13591368,0.017081523,1
/home/ikk/renal-calculi-classificaction/DATASET/SECTION_SURFACE_DATASET/3bII/surface/3bII_1819SE.jpg,/home/ikk/renal-calculi-classificaction/DATASET/SECTION_SURFACE_DATASET/3bII/surface/MASKS/3bII_1819SE_mask.png,2,3bII,surface,3bII_1819SE,3bII/surface/3bII_1819SE.jpg,1,2,0.11839302,0.63943154,0.11763998,0.022372758,0.102162704,1
/home/ikk/renal-calculi-classificaction/DATASET/SECTION_SURFACE_DATASET/3bII/surface/3bII_2584SE.png,/home/ikk/renal-calculi-classificaction/DATASET/SECTION_SURFACE_DATASET/3bII/surface/MASKS/3bII_2584SE_mask.png,2,3bII,surface,3bII_2584SE,3bII/surface/3bII_2584SE.png,2,2,0.051829875,0.20940867,0.6716354,0.05295409,0.014171938,1
/home/ikk/renal-calculi-classificaction/DATASET/SECTION_SURFACE_DATASET/3bII/surface/3bII_3047SE_surface.png,/home/ikk/renal-calculi-classificaction/DATASET/SECTION_SURFACE_DATASET/3bII/surface/MASKS/3bII_3047SE_surface_mask.png,2,3bII,surface,3bII_3047SE,3bII/surface/3bII_3047SE_surface.png,1,2,0.29031572,0.481476,0.115628086,0.029292531,0.083287746,1
/home/ikk/renal-calculi-classificaction/DATASET/SECTION_SURFACE_DATASET/3bII/section/3bII_1818SE_2.jpg,/home/ikk/renal-calculi-classificaction/DATASET/SECTION_SURFACE_DATASET/3bII/section/MASKS/3bII_1818SE_2_mask.png,2,3bII,section,3bII_1818SE,3bII/section/3bII_1818SE_2.jpg,0,2,0.7882418,0.05873119,0.08183142,0.008076064,0.0631195,1
/home/ikk/renal-calculi-classificaction/DATASET/SECTION_SURFACE_DATASET/3bII/section/3bII_3471SE.png,/home/ikk/renal-calculi-classificaction/DATASET/SECTION_SURFACE_DATASET/3bII/section/MASKS/3bII_3471SE_mask.png,2,3bII,section,3bII_3471SE,3bII/section/3bII_3471SE.png,2,2,0.05780107,0.16803965,0.72653884,0.031504687,0.016115813,1
/home/ikk/renal-calculi-classificaction/DATASET/SECTION_SURFACE_DATASET/3bII/section/3bII_2850SE.jpg,/home/ikk/renal-calculi-classificaction/DATASET/SECTION_SURFACE_DATASET/3bII/section/MASKS/3bII_2850SE_mask.png,2,3bII,section,3bII_2850SE,3bII/section/3bII_2850SE.jpg,1,2,0.108870424,0.67628986,0.16760933,0.021757709,0.02547267,1
/home/ikk/renal-calculi-classificaction/DATASET/SECTION_SURFACE_DATASET/3bII/section/3bII_3047SE_section.png,/home/ikk/renal-calculi-classificaction/DATASET/SECTION_SURFACE_DATASET/3bII/section/MASKS/3bII_3047SE_section_mask.png,2,3bII,section,3bII_3047SE,3bII/section/3bII_3047SE_section.png,0,2,0.64881337,0.01739554,0.16618897,0.04367755,0.12392462,1
/home/ikk/renal-calculi-classificaction/DATASET/SECTION_SURFACE_DATASET/3bII/section/3bII_2492SE.png,/home/ikk/renal-calculi-classificaction/DATASET/SECTION_SURFACE_DATASET/3bII/section/MASKS/3bII_2492SE_mask.png,2,3bII,section,3bII_2492SE,3bII/section/3bII_2492SE.png,2,2,0.28181925,0.24757138,0.34573835,0.08984962,0.035021435,1
/home/ikk/renal-calculi-classificaction/DATASET/SECTION_SURFACE_DATASET/3bII/section/3bII_1961SE.jpg,/home/ikk/renal-calculi-classificaction/DATASET/SECTION_SURFACE_DATASET/3bII/section/MASKS/3bII_1961SE_mask.png,2,3bII,section,3bII_1961SE,3bII/section/3bII_1961SE.jpg,2,2,0.36305186,0.13085768,0.38168237,0.10190492,0.022503164,1
/home/ikk/renal-calculi-classificaction/DATASET/SECTION_SURFACE_DATASET/3bII/section/3bII_5.jpg,/home/ikk/renal-calculi-classificaction/DATASET/SECTION_SURFACE_DATASET/3bII/section/MASKS/3bII_5_mask.png,2,3bII,section,3bII_5,3bII/section/3bII_5.jpg,2,2,0.044916276,0.18242429,0.6960605,0.017234704,0.05936429,1
/home/ikk/renal-calculi-classificaction/DATASET/SECTION_SURFACE_DATASET/3bII/section/3bII_1959SE.jpg,/home/ikk/renal-calculi-classificaction/DATASET/SECTION_SURFACE_DATASET/3bII/section/MASKS/3bII_1959SE_mask.png,2,3bII,section,3bII_1959SE,3bII/section/3bII_1959SE.jpg,1,2,0.23737298,0.45701817,0.17687596,0.1060983,0.022634514,1
/home/ikk/renal-calculi-classificaction/DATASET/SECTION_SURFACE_DATASET/3bII/section/3bII_2071SE.jpg,/home/ikk/renal-calculi-classificaction/DATASET/SECTION_SURFACE_DATASET/3bII/section/MASKS/3bII_2071SE_mask.png,2,3bII,section,3bII_2071SE,3bII/section/3bII_2071SE.jpg,2,2,0.16712163,0.019404579,0.730402,0.07091884,0.012152888,1
/home/ikk/renal-calculi-classificaction/DATASET/SECTION_SURFACE_DATASET/2a/surface/2a_2145SE.jpg,/home/ikk/renal-calculi-classificaction/DATASET/SECTION_SURFACE_DATASET/2a/surface/MASKS/2a_2145SE_mask.png,0,2a,surface,2a_2145SE,2a/surface/2a_2145SE.jpg,0,0,0.9489051,0.015392705,0.011310506,0.011720096,0.012671623,1
/home/ikk/renal-calculi-classificaction/DATASET/SECTION_SURFACE_DATASET/2a/surface/2aCOD_sup_1783SE.jpg,/home/ikk/renal-calculi-classificaction/DATASET/SECTION_SURFACE_DATASET/2a/surface/MASKS/2aCOD_sup_1783SE_mask.png,0,2a,surface,2aCOD_sup_1783SE,2a/surface/2aCOD_sup_1783SE.jpg,4,0,0.32558566,0.14388432,0.10534691,0.035162084,0.39002094,1
/home/ikk/renal-calculi-classificaction/DATASET/SECTION_SURFACE_DATASET/2a/surface/2aCOD_sup_3187SE_1.jpg,/home/ikk/renal-calculi-classificaction/DATASET/SECTION_SURFACE_DATASET/2a/surface/MASKS/2aCOD_sup_3187SE_1_mask.png,0,2a,surface,2aCOD_sup_3187SE,2a/surface/2aCOD_sup_3187SE_1.jpg,0,0,0.87919825,0.017404756,0.023353375,0.03123371,0.04881,1
/home/ikk/renal-calculi-classificaction/DATASET/SECTION_SURFACE_DATASET/2a/surface/2a_1964SE.jpg,/home/ikk/renal-calculi-classificaction/DATASET/SECTION_SURFACE_DATASET/2a/surface/MASKS/2a_1964SE_mask.png,0,2a,surface,2a_1964SE,2a/surface/2a_1964SE.jpg,0,0,0.96738374,0.004121639,0.014200023,0.0060537783,0.008240698,1
/home/ikk/renal-calculi-classificaction/DATASET/SECTION_SURFACE_DATASET/2a/surface/2aCOD_sup_3187SE_2.jpg,/home/ikk/renal-calculi-classificaction/DATASET/SECTION_SURFACE_DATASET/2a/surface/MASKS/2aCOD_sup_3187SE_2_mask.png,0,2a,surface,2aCOD_sup_3187SE,2a/surface/2aCOD_sup_3187SE_2.jpg,0,0,0.9059373,0.016463058,0.020274246,0.029640254,0.027685178,1
/home/ikk/renal-calculi-classificaction/DATASET/SECTION_SURFACE_DATASET/2a/surface/2aCOD_sup_2247SE.jpg,/home/ikk/renal-calculi-classificaction/DATASET/SECTION_SURFACE_DATASET/2a/surface/MASKS/2aCOD_sup_2247SE_mask.png,0,2a,surface,2aCOD_sup_2247SE,2a/surface/2aCOD_sup_2247SE.jpg,0,0,0.97518355,0.010629902,0.007272364,0.0022064142,0.004707854,1
/home/ikk/renal-calculi-classificaction/DATASET/SECTION_SURFACE_DATASET/2a/surface/2a_3441SE.jpg,/home/ikk/renal-calculi-classificaction/DATASET/SECTION_SURFACE_DATASET/2a/surface/MASKS/2a_3441SE_mask.png,0,2a,surface,2a_3441SE,2a/surface/2a_3441SE.jpg,0,0,0.97357893,0.009500237,0.0036524911,0.002539771,0.01072853,1
/home/ikk/renal-calculi-classificaction/DATASET/SECTION_SURFACE_DATASET/2a/surface/2a_1942SE.jpg,/home/ikk/renal-calculi-classificaction/DATASET/SECTION_SURFACE_DATASET/2a/surface/MASKS/2a_1942SE_mask.png,0,2a,surface,2a_1942SE,2a/surface/2a_1942SE.jpg,0,0,0.7885328,0.06979393,0.072149105,0.040993385,0.028530834,1
/home/ikk/renal-calculi-classificaction/DATASET/SECTION_SURFACE_DATASET/2a/surface/2a_3169SE_1.jpg,/home/ikk/renal-calculi-classificaction/DATASET/SECTION_SURFACE_DATASET/2a/surface/MASKS/2a_3169SE_1_mask.png,0,2a,surface,2a_3169SE,2a/surface/2a_3169SE_1.jpg,0,0,0.3372283,0.07943578,0.25187528,0.20397133,0.12748934,1
/home/ikk/renal-calculi-classificaction/DATASET/SECTION_SURFACE_DATASET/2a/surface/2a_2348SE.png,/home/ikk/renal-calculi-classificaction/DATASET/SECTION_SURFACE_DATASET/2a/surface/MASKS/2a_2348SE_mask.png,0,2a,surface,2a_2348SE,2a/surface/2a_2348SE.png,0,0,0.9023128,0.015510557,0.029899258,0.032694925,0.019582449,1
/home/ikk/renal-calculi-classificaction/DATASET/SECTION_SURFACE_DATASET/2a/surface/2a_1_surface.jpg,/home/ikk/renal-calculi-classificaction/DATASET/SECTION_SURFACE_DATASET/2a/surface/MASKS/2a_1_surface_mask.png,0,2a,surface,2a_1,2a/surface/2a_1_surface.jpg,0,0,0.56263244,0.027350795,0.26824912,0.08818434,0.053583346,1
/home/ikk/renal-calculi-classificaction/DATASET/SECTION_SURFACE_DATASET/2a/section/2a_3103SE_2.png,/home/ikk/renal-calculi-classificaction/DATASET/SECTION_SURFACE_DATASET/2a/section/MASKS/2a_3103SE_2_mask.png,0,2a,section,2a_3103SE,2a/section/2a_3103SE_2.png,0,0,0.81329805,0.045563,0.056247335,0.06440817,0.020483527,1
/home/ikk/renal-calculi-classificaction/DATASET/SECTION_SURFACE_DATASET/2a/section/2a_3169SE_2.jpg,/home/ikk/renal-calculi-classificaction/DATASET/SECTION_SURFACE_DATASET/2a/section/MASKS/2a_3169SE_2_mask.png,0,2a,section,2a_3169SE,2a/section/2a_3169SE_2.jpg,0,0,0.65356725,0.032983065,0.19351976,0.07591863,0.044011366,1
/home/ikk/renal-calculi-classificaction/DATASET/SECTION_SURFACE_DATASET/2a/section/2a_2335SE.png,/home/ikk/renal-calculi-classificaction/DATASET/SECTION_SURFACE_DATASET/2a/section/MASKS/2a_2335SE_mask.png,0,2a,section,2a_2335SE,2a/section/2a_2335SE.png,0,0,0.83258,0.04275421,0.027677944,0.032223564,0.06476429,1
/home/ikk/renal-calculi-classificaction/DATASET/SECTION_SURFACE_DATASET/2a/section/2aCOD_sup_3187SE_4.jpg,/home/ikk/renal-calculi-classificaction/DATASET/SECTION_SURFACE_DATASET/2a/section/MASKS/2aCOD_sup_3187SE_4_mask.png,0,2a,section,2aCOD_sup_3187SE,2a/section/2aCOD_sup_3187SE_4.jpg,0,0,0.8029967,0.037998274,0.042820625,0.032965045,0.08321935,1
/home/ikk/renal-calculi-classificaction/DATASET/SECTION_SURFACE_DATASET/2a/section/2a_2703SE.jpg,/home/ikk/renal-calculi-classificaction/DATASET/SECTION_SURFACE_DATASET/2a/section/MASKS/2a_2703SE_mask.png,0,2a,section,2a_2703SE,2a/section/2a_2703SE.jpg,2,0,0.32272226,0.04961666,0.4269857,0.043787405,0.15688807,1
/home/ikk/renal-calculi-classificaction/DATASET/SECTION_SURFACE_DATASET/2a/section/2a_1_section.jpg,/home/ikk/renal-calculi-classificaction/DATASET/SECTION_SURFACE_DATASET/2a/section/MASKS/2a_1_section_mask.png,0,2a,section,2a_1,2a/section/2a_1_section.jpg,0,0,0.7059656,0.06593343,0.07862701,0.05639705,0.09307697,1
/home/ikk/renal-calculi-classificaction/DATASET/SECTION_SURFACE_DATASET/2a/section/2a_2668SE.png,/home/ikk/renal-calculi-classificaction/DATASET/SECTION_SURFACE_DATASET/2a/section/MASKS/2a_2668SE_mask.png,0,2a,section,2a_2668SE,2a/section/2a_2668SE.png,0,0,0.38364366,0.13872863,0.184601,0.07779043,0.21523628,1
/home/ikk/renal-calculi-classificaction/DATASET/SECTION_SURFACE_DATASET/2a/section/2aCOD_sup_3187SE_3.jpg,/home/ikk/renal-calculi-classificaction/DATASET/SECTION_SURFACE_DATASET/2a/section/MASKS/2aCOD_sup_3187SE_3_mask.png,0,2a,section,2aCOD_sup_3187SE,2a/section/2aCOD_sup_3187SE_3.jpg,0,0,0.84677964,0.013823147,0.07560462,0.051048137,0.01274449,1
/home/ikk/renal-calculi-classificaction/DATASET/SECTION_SURFACE_DATASET/2a/section/2a_1942SE_2.jpg,/home/ikk/renal-calculi-classificaction/DATASET/SECTION_SURFACE_DATASET/2a/section/MASKS/2a_1942SE_2_mask.png,0,2a,section,2a_1942SE,2a/section/2a_1942SE_2.jpg,0,0,0.71832585,0.054557938,0.16030063,0.04004351,0.026772149,1
/home/ikk/renal-calculi-classificaction/DATASET/SECTION_SURFACE_DATASET/2a/section/2aCOD_sup_1783SE_2.jpg,/home/ikk/renal-calculi-classificaction/DATASET/SECTION_SURFACE_DATASET/2a/section/MASKS/2aCOD_sup_1783SE_2_mask.png,0,2a,section,2aCOD_sup_1783SE,2a/section/2aCOD_sup_1783SE_2.jpg,4,0,0.3740598,0.039769407,0.120935105,0.08262619,0.38260952,1
/home/ikk/renal-calculi-classificaction/DATASET/SECTION_SURFACE_DATASET/2a/section/2aCOD_sup_2578SE.png,/home/ikk/renal-calculi-classificaction/DATASET/SECTION_SURFACE_DATASET/2a/section/MASKS/2aCOD_sup_2578SE_mask.png,0,2a,section,2aCOD_sup_2578SE,2a/section/2aCOD_sup_2578SE.png,0,0,0.409697,0.041220393,0.17354777,0.30568412,0.069850676,1
/home/ikk/renal-calculi-classificaction/DATASET/SECTION_SURFACE_DATASET/2a/section/2a_3103SE_1.png,/home/ikk/renal-calculi-classificaction/DATASET/SECTION_SURFACE_DATASET/2a/section/MASKS/2a_3103SE_1_mask.png,0,2a,section,2a_3103SE,2a/section/2a_3103SE_1.png,0,0,0.48983914,0.091586724,0.3080763,0.09450463,0.01599312,1
/home/ikk/renal-calculi-classificaction/DATASET/SECTION_SURFACE_DATASET/2a/section/2aCOD_sup_3207SE.jpg,/home/ikk/renal-calculi-classificaction/DATASET/SECTION_SURFACE_DATASET/2a/section/MASKS/2aCOD_sup_3207SE_mask.png,0,2a,section,2aCOD_sup_3207SE,2a/section/2aCOD_sup_3207SE.jpg,0,0,0.68000555,0.039992157,0.1108342,0.039983746,0.12918434,1
/home/ikk/renal-calculi-classificaction/DATASET/SECTION_SURFACE_DATASET/4II-4I/surface/4I_1879SE.jpg,/home/ikk/renal-calculi-classificaction/DATASET/SECTION_SURFACE_DATASET/4II-4I/surface/MASKS/4I_1879SE_mask.png,2,4II-4I,surface,4I_1879SE,4II-4I/surface/4I_1879SE.jpg,0,2,0.3717767,0.17960837,0.310144,0.09519664,0.04327426,1
/home/ikk/renal-calculi-classificaction/DATASET/SECTION_SURFACE_DATASET/4II-4I/surface/4II_2.jpg,/home/ikk/renal-calculi-classificaction/DATASET/SECTION_SURFACE_DATASET/4II-4I/surface/MASKS/4II_2_mask.png,2,4II-4I,surface,4II_2,4II-4I/surface/4II_2.jpg,1,2,0.053134285,0.48291254,0.3452933,0.052163433,0.066496395,1
/home/ikk/renal-calculi-classificaction/DATASET/SECTION_SURFACE_DATASET/4II-4I/section/4I_3373SE.jpg,/home/ikk/renal-calculi-classificaction/DATASET/SECTION_SURFACE_DATASET/4II-4I/section/MASKS/4I_3373SE_mask.png,2,4II-4I,section,4I_3373SE,4II-4I/section/4I_3373SE.jpg,2,2,0.22701082,0.040484007,0.37454292,0.21229191,0.14567035,1
/home/ikk/renal-calculi-classificaction/DATASET/SECTION_SURFACE_DATASET/4II-4I/section/4II_6.jpg,/home/ikk/renal-calculi-classificaction/DATASET/SECTION_SURFACE_DATASET/4II-4I/section/MASKS/4II_6_mask.png,2,4II-4I,section,4II_6,4II-4I/section/4II_6.jpg,2,2,0.07643752,0.0877286,0.6963452,0.057608116,0.08188055,1
/home/ikk/renal-calculi-classificaction/DATASET/SECTION_SURFACE_DATASET/4II-4I/section/4II_2705SE.jpg,/home/ikk/renal-calculi-classificaction/DATASET/SECTION_SURFACE_DATASET/4II-4I/section/MASKS/4II_2705SE_mask.png,2,4II-4I,section,4II_2705SE,4II-4I/section/4II_2705SE.jpg,2,2,0.045990307,0.04669759,0.6305343,0.23911096,0.037666857,1
/home/ikk/renal-calculi-classificaction/DATASET/SECTION_SURFACE_DATASET/4II-4I/section/4II_3.jpg,/home/ikk/renal-calculi-classificaction/DATASET/SECTION_SURFACE_DATASET/4II-4I/section/MASKS/4II_3_mask.png,2,4II-4I,section,4II_3,4II-4I/section/4II_3.jpg,0,2,0.6336844,0.077640764,0.21552834,0.0194007,0.053745802,1
/home/ikk/renal-calculi-classificaction/DATASET/SECTION_SURFACE_DATASET/4II-4I/section/4II_3338SE.jpg,/home/ikk/renal-calculi-classificaction/DATASET/SECTION_SURFACE_DATASET/4II-4I/section/MASKS/4II_3338SE_mask.png,2,4II-4I,section,4II_3338SE,4II-4I/section/4II_3338SE.jpg,2,2,0.3204415,0.021506172,0.3531592,0.049792174,0.25510094,1
/home/ikk/renal-calculi-classificaction/DATASET/SECTION_SURFACE_DATASET/1aI/surface/1aI_COD_sup_2088SE.jpg,/home/ikk/renal-calculi-classificaction/DATASET/SECTION_SURFACE_DATASET/1aI/surface/MASKS/1aI_COD_sup_2088SE_mask.png,0,1aI,surface,1aI_COD_sup_2088SE,1aI/surface/1aI_COD_sup_2088SE.jpg,0,0,0.83834285,0.048079398,0.06733879,0.033386026,0.01285288,1
/home/ikk/renal-calculi-classificaction/DATASET/SECTION_SURFACE_DATASET/1aI/surface/1aI_1784SE_2.jpg,/home/ikk/renal-calculi-classificaction/DATASET/SECTION_SURFACE_DATASET/1aI/surface/MASKS/1aI_1784SE_2_mask.png,0,1aI,surface,1aI_1784SE,1aI/surface/1aI_1784SE_2.jpg,0,0,0.9129464,0.017152365,0.04265294,0.013440748,0.013807518,1
/home/ikk/renal-calculi-classificaction/DATASET/SECTION_SURFACE_DATASET/1aI/surface/1aI_2781SE.jpg,/home/ikk/renal-calculi-classificaction/DATASET/SECTION_SURFACE_DATASET/1aI/surface/MASKS/1aI_2781SE_mask.png,0,1aI,surface,1aI_2781SE,1aI/surface/1aI_2781SE.jpg,0,0,0.8460063,0.02578635,0.095207885,0.019187445,0.013812088,1
/home/ikk/renal-calculi-classificaction/DATASET/SECTION_SURFACE_DATASET/1aI/surface/1aI_2913SE.jpg,/home/ikk/renal-calculi-classificaction/DATASET/SECTION_SURFACE_DATASET/1aI/surface/MASKS/1aI_2913SE_mask.png,0,1aI,surface,1aI_2913SE,1aI/surface/1aI_2913SE.jpg,0,0,0.5692749,0.045926873,0.17551224,0.15869221,0.050593704,1
/home/ikk/renal-calculi-classificaction/DATASET/SECTION_SURFACE_DATASET/1aI/surface/1aI_COD_sup_2111SE_1.jpg,/home/ikk/renal-calculi-classificaction/DATASET/SECTION_SURFACE_DATASET/1aI/surface/MASKS/1aI_COD_sup_2111SE_1_mask.png,0,1aI,surface,1aI_COD_sup_2111SE,1aI/surface/1aI_COD_sup_2111SE_1.jpg,0,0,0.9349263,0.025422921,0.012084719,0.015295226,0.012270829,1
/home/ikk/renal-calculi-classificaction/DATASET/SECTION_SURFACE_DATASET/1aI/surface/1aI_3081SE_2_LB.png,/home/ikk/renal-calculi-classificaction/DATASET/SECTION_SURFACE_DATASET/1aI/surface/MASKS/1aI_3081SE_2_LB_mask.png,0,1aI,surface,1aI_3081SE,1aI/surface/1aI_3081SE_2_LB.png,0,0,0.93104434,0.016627807,0.025557028,0.020036405,0.0067343363,1
/home/ikk/renal-calculi-classificaction/DATASET/SECTION_SURFACE_DATASET/1aI/surface/1aI_3302SE.jpg,/home/ikk/renal-calculi-classificaction/DATASET/SECTION_SURFACE_DATASET/1aI/surface/MASKS/1aI_3302SE_mask.png,0,1aI,surface,1aI_3302SE,1aI/surface/1aI_3302SE.jpg,0,0,0.36989692,0.21322773,0.35913178,0.020840839,0.03690271,1
/home/ikk/renal-calculi-classificaction/DATASET/SECTION_SURFACE_DATASET/1aI/surface/1aI_1937SE.jpg,/home/ikk/renal-calculi-classificaction/DATASET/SECTION_SURFACE_DATASET/1aI/surface/MASKS/1aI_1937SE_mask.png,0,1aI,surface,1aI_1937SE,1aI/surface/1aI_1937SE.jpg,0,0,0.8113741,0.062634155,0.056975298,0.04804665,0.020969842,1
/home/ikk/renal-calculi-classificaction/DATASET/SECTION_SURFACE_DATASET/1aI/surface/1aI_2366SE_1.png,/home/ikk/renal-calculi-classificaction/DATASET/SECTION_SURFACE_DATASET/1aI/surface/MASKS/1aI_2366SE_1_mask.png,0,1aI,surface,1aI_2366SE,1aI/surface/1aI_2366SE_1.png,0,0,0.9208528,0.023950852,0.034537222,0.013278882,0.0073802313,1
/home/ikk/renal-calculi-classificaction/DATASET/SECTION_SURFACE_DATASET/1aI/surface/1aI_1917SE.jpg,/home/ikk/renal-calculi-classificaction/DATASET/SECTION_SURFACE_DATASET/1aI/surface/MASKS/1aI_1917SE_mask.png,0,1aI,surface,1aI_1917SE,1aI/surface/1aI_1917SE.jpg,0,0,0.90482616,0.047229394,0.018286176,0.012787966,0.016870355,1
/home/ikk/renal-calculi-classificaction/DATASET/SECTION_SURFACE_DATASET/1aI/surface/1a_3366SE_1.jpg,/home/ikk/renal-calculi-classificaction/DATASET/SECTION_SURFACE_DATASET/1aI/surface/MASKS/1a_3366SE_1_mask.png,0,1aI,surface,1a_3366SE,1aI/surface/1a_3366SE_1.jpg,0,0,0.59176135,0.03992134,0.19935551,0.11820834,0.050753415,1
/home/ikk/renal-calculi-classificaction/DATASET/SECTION_SURFACE_DATASET/1aI/surface/1aI_3081SE_3_LB.png,/home/ikk/renal-calculi-classificaction/DATASET/SECTION_SURFACE_DATASET/1aI/surface/MASKS/1aI_3081SE_3_LB_mask.png,0,1aI,surface,1aI_3081SE,1aI/surface/1aI_3081SE_3_LB.png,0,0,0.97726953,0.007963108,0.004153902,0.0045989812,0.0060144695,1
/home/ikk/renal-calculi-classificaction/DATASET/SECTION_SURFACE_DATASET/1aI/surface/1aI_3081SE_4_LB.png,/home/ikk/renal-calculi-classificaction/DATASET/SECTION_SURFACE_DATASET/1aI/surface/MASKS/1aI_3081SE_4_LB_mask.png,0,1aI,surface,1aI_3081SE,1aI/surface/1aI_3081SE_4_LB.png,0,0,0.9556936,0.008100736,0.008921293,0.019062791,0.008221554,1
/home/ikk/renal-calculi-classificaction/DATASET/SECTION_SURFACE_DATASET/1aI/surface/1aI_3081SE_5_LB.png,/home/ikk/renal-calculi-classificaction/DATASET/SECTION_SURFACE_DATASET/1aI/surface/MASKS/1aI_3081SE_5_LB_mask.png,0,1aI,surface,1aI_3081SE,1aI/surface/1aI_3081SE_5_LB.png,0,0,0.9582033,0.013803181,0.008960683,0.010510499,0.00852229,1
/home/ikk/renal-calculi-classificaction/DATASET/SECTION_SURFACE_DATASET/1aI/surface/1aI_1784SE_1.jpg,/home/ikk/renal-calculi-classificaction/DATASET/SECTION_SURFACE_DATASET/1aI/surface/MASKS/1aI_1784SE_1_mask.png,0,1aI,surface,1aI_1784SE,1aI/surface/1aI_1784SE_1.jpg,0,0,0.92922103,0.029726757,0.01989149,0.007600173,0.013560517,1
/home/ikk/renal-calculi-classificaction/DATASET/SECTION_SURFACE_DATASET/1aI/surface/1aI_3081SE_1_LB.png,/home/ikk/renal-calculi-classificaction/DATASET/SECTION_SURFACE_DATASET/1aI/surface/MASKS/1aI_3081SE_1_LB_mask.png,0,1aI,surface,1aI_3081SE,1aI/surface/1aI_3081SE_1_LB.png,0,0,0.9713723,0.0072058076,0.0056832004,0.008655241,0.0070835664,1
/home/ikk/renal-calculi-classificaction/DATASET/SECTION_SURFACE_DATASET/1aI/section/1aI_COD_sup_2111SE_2.jpg,/home/ikk/renal-calculi-classificaction/DATASET/SECTION_SURFACE_DATASET/1aI/section/MASKS/1aI_COD_sup_2111SE_2_mask.png,0,1aI,section,1aI_COD_sup_2111SE,1aI/section/1aI_COD_sup_2111SE_2.jpg,0,0,0.7181402,0.04367156,0.11519325,0.044739936,0.07825512,1
/home/ikk/renal-calculi-classificaction/DATASET/SECTION_SURFACE_DATASET/1aI/section/1aI_3081SE_6_LB.png,/home/ikk/renal-calculi-classificaction/DATASET/SECTION_SURFACE_DATASET/1aI/section/MASKS/1aI_3081SE_6_LB_mask.png,0,1aI,section,1aI_3081SE,1aI/section/1aI_3081SE_6_LB.png,0,0,0.6108263,0.03670579,0.047068506,0.1455989,0.1598005,1
/home/ikk/renal-calculi-classificaction/DATASET/SECTION_SURFACE_DATASET/1aI/section/1aI_3081SE_8_LB.png,/home/ikk/renal-calculi-classificaction/DATASET/SECTION_SURFACE_DATASET/1aI/section/MASKS/1aI_3081SE_8_LB_mask.png,0,1aI,section,1aI_3081SE,1aI/section/1aI_3081SE_8_LB.png,0,0,0.8422893,0.05173022,0.021060336,0.033106517,0.05181356,1
/home/ikk/renal-calculi-classificaction/DATASET/SECTION_SURFACE_DATASET/1aI/section/1aI_2366SE_3.png,/home/ikk/renal-calculi-classificaction/DATASET/SECTION_SURFACE_DATASET/1aI/section/MASKS/1aI_2366SE_3_mask.png,0,1aI,section,1aI_2366SE,1aI/section/1aI_2366SE_3.png,0,0,0.8457919,0.028154165,0.015413073,0.0726815,0.03795941,1
/home/ikk/renal-calculi-classificaction/DATASET/SECTION_SURFACE_DATASET/1aI/section/1a_3366SE_2.jpg,/home/ikk/renal-calculi-classificaction/DATASET/SECTION_SURFACE_DATASET/1aI/section/MASKS/1a_3366SE_2_mask.png,0,1aI,section,1a_3366SE,1aI/section/1a_3366SE_2.jpg,0,0,0.5710854,0.08600282,0.121458426,0.18287054,0.038582854,1
/home/ikk/renal-calculi-classificaction/DATASET/SECTION_SURFACE_DATASET/1aI/section/1aI_2366SE_2.png,/home/ikk/renal-calculi-classificaction/DATASET/SECTION_SURFACE_DATASET/1aI/section/MASKS/1aI_2366SE_2_mask.png,0,1aI,section,1aI_2366SE,1aI/section/1aI_2366SE_2.png,0,0,0.869616,0.021000698,0.060292847,0.041969478,0.0071209655,1
/home/ikk/renal-calculi-classificaction/DATASET/SECTION_SURFACE_DATASET/1aI/section/1aI_3081SE_7_LB.png,/home/ikk/renal-calculi-classificaction/DATASET/SECTION_SURFACE_DATASET/1aI/section/MASKS/1aI_3081SE_7_LB_mask.png,0,1aI,section,1aI_3081SE,1aI/section/1aI_3081SE_7_LB.png,0,0,0.8411218,0.020241542,0.02925869,0.061011687,0.048366275,1
/home/ikk/renal-calculi-classificaction/DATASET/SECTION_SURFACE_DATASET/1aI/section/1aI_1784SE_3.jpg,/home/ikk/renal-calculi-classificaction/DATASET/SECTION_SURFACE_DATASET/1aI/section/MASKS/1aI_1784SE_3_mask.png,0,1aI,section,1aI_1784SE,1aI/section/1aI_1784SE_3.jpg,0,0,0.8801289,0.019911475,0.041987028,0.0063304068,0.05164223,1
/home/ikk/renal-calculi-classificaction/DATASET/SECTION_SURFACE_DATASET/1aI/section/1aI_1784SE_4.jpg,/home/ikk/renal-calculi-classificaction/DATASET/SECTION_SURFACE_DATASET/1aI/section/MASKS/1aI_1784SE_4_mask.png,0,1aI,section,1aI_1784SE,1aI/section/1aI_1784SE_4.jpg,0,0,0.76484555,0.04748284,0.061341885,0.007039757,0.11929,1
/home/ikk/renal-calculi-classificaction/DATASET/SECTION_SURFACE_DATASET/6/surface/6_2031SE.jpg,/home/ikk/renal-calculi-classificaction/DATASET/SECTION_SURFACE_DATASET/6/surface/MASKS/6_2031SE_mask.png,3,6,surface,6_2031SE,6/surface/6_2031SE.jpg,3,3,0.019699208,0.0015652295,0.011201313,0.9659847,0.0015495794,2
/home/ikk/renal-calculi-classificaction/DATASET/SECTION_SURFACE_DATASET/6/section/6_2009SE.jpg,/home/ikk/renal-calculi-classificaction/DATASET/SECTION_SURFACE_DATASET/6/section/MASKS/6_2009SE_mask.png,3,6,section,6_2009SE,6/section/6_2009SE.jpg,3,3,0.16829103,0.023469916,0.3492908,0.4256505,0.033297706,2
/home/ikk/renal-calculi-classificaction/DATASET/SECTION_SURFACE_DATASET/6/section/6_3229SE.jpg,/home/ikk/renal-calculi-classificaction/DATASET/SECTION_SURFACE_DATASET/6/section/MASKS/6_3229SE_mask.png,3,6,section,6_3229SE,6/section/6_3229SE.jpg,2,3,0.035317123,0.23101762,0.5473497,0.09424734,0.092068225,2
/home/ikk/renal-calculi-classificaction/DATASET/SECTION_SURFACE_DATASET/6/section/6_3186SE_3.jpg,/home/ikk/renal-calculi-classificaction/DATASET/SECTION_SURFACE_DATASET/6/section/MASKS/6_3186SE_3_mask.png,3,6,section,6_3186SE,6/section/6_3186SE_3.jpg,3,3,0.24836108,0.020900976,0.10492695,0.5631167,0.06269425,2
/home/ikk/renal-calculi-classificaction/DATASET/SECTION_SURFACE_DATASET/6/section/6_2278SE.png,/home/ikk/renal-calculi-classificaction/DATASET/SECTION_SURFACE_DATASET/6/section/MASKS/6_2278SE_mask.png,3,6,section,6_2278SE,6/section/6_2278SE.png,0,3,0.7890903,0.12510225,0.072130956,0.0064195604,0.0072569717,2
/home/ikk/renal-calculi-classificaction/DATASET/SECTION_SURFACE_DATASET/6/section/6_3186SE_1.jpg,/home/ikk/renal-calculi-classificaction/DATASET/SECTION_SURFACE_DATASET/6/section/MASKS/6_3186SE_1_mask.png,3,6,section,6_3186SE,6/section/6_3186SE_1.jpg,3,3,0.0546539,0.015802633,0.3257845,0.5674788,0.03628022,2
/home/ikk/renal-calculi-classificaction/DATASET/SECTION_SURFACE_DATASET/6/section/6_3088SE.png,/home/ikk/renal-calculi-classificaction/DATASET/SECTION_SURFACE_DATASET/6/section/MASKS/6_3088SE_mask.png,3,6,section,6_3088SE,6/section/6_3088SE.png,3,3,0.10284715,0.014000624,0.28836483,0.5670042,0.027783219,2
/home/ikk/renal-calculi-classificaction/DATASET/SECTION_SURFACE_DATASET/6/section/6_3186SE_2.jpg,/home/ikk/renal-calculi-classificaction/DATASET/SECTION_SURFACE_DATASET/6/section/MASKS/6_3186SE_2_mask.png,3,6,section,6_3186SE,6/section/6_3186SE_2.jpg,2,3,0.15812482,0.028100131,0.40518364,0.3685341,0.040057346,2
/home/ikk/renal-calculi-classificaction/DATASET/SECTION_SURFACE_DATASET/6/section/6_2616SE.png,/home/ikk/renal-calculi-classificaction/DATASET/SECTION_SURFACE_DATASET/6/section/MASKS/6_2616SE_mask.png,3,6,section,6_2616SE,6/section/6_2616SE.png,3,3,0.0022973875,0.004768033,0.010476232,0.9756865,0.006771841,2
/home/ikk/renal-calculi-classificaction/DATASET/SECTION_SURFACE_DATASET/8aI - 8aII/section/8aII_1951SE.jpg,/home/ikk/renal-calculi-classificaction/DATASET/SECTION_SURFACE_DATASET/8aI - 8aII/section/MASKS/8aII_1951SE_mask.png,4,8aI - 8aII,section,8aII_1951SE,8aI - 8aII/section/8aII_1951SE.jpg,4,4,0.11918515,0.029400822,0.13064574,0.15873297,0.56203526,2
/home/ikk/renal-calculi-classificaction/DATASET/SECTION_SURFACE_DATASET/8aI - 8aII/section/8aII_2279SE.png,/home/ikk/renal-calculi-classificaction/DATASET/SECTION_SURFACE_DATASET/8aI - 8aII/section/MASKS/8aII_2279SE_mask.png,4,8aI - 8aII,section,8aII_2279SE,8aI - 8aII/section/8aII_2279SE.png,2,4,0.11524893,0.096042976,0.44888583,0.06155199,0.2782702,2
/home/ikk/renal-calculi-classificaction/DATASET/SECTION_SURFACE_DATASET/8aI - 8aII/section/8aII_3332SE.jpg,/home/ikk/renal-calculi-classificaction/DATASET/SECTION_SURFACE_DATASET/8aI - 8aII/section/MASKS/8aII_3332SE_mask.png,4,8aI - 8aII,section,8aII_3332SE,8aI - 8aII/section/8aII_3332SE.jpg,4,4,0.013844248,0.002720872,0.030736543,0.011827206,0.9408712,2
/home/ikk/renal-calculi-classificaction/DATASET/SECTION_SURFACE_DATASET/3aII/surface/3aII_3117SE_2.png,/home/ikk/renal-calculi-classificaction/DATASET/SECTION_SURFACE_DATASET/3aII/surface/MASKS/3aII_3117SE_2_mask.png,1,3aII,surface,3aII_3117SE,3aII/surface/3aII_3117SE_2.png,1,1,0.09882892,0.35476667,0.34793591,0.09300707,0.10546145,2
/home/ikk/renal-calculi-classificaction/DATASET/SECTION_SURFACE_DATASET/3aII/surface/3aII_1976SE.jpg,/home/ikk/renal-calculi-classificaction/DATASET/SECTION_SURFACE_DATASET/3aII/surface/MASKS/3aII_1976SE_mask.png,1,3aII,surface,3aII_1976SE,3aII/surface/3aII_1976SE.jpg,1,1,0.12634832,0.53369874,0.32517052,0.0100093605,0.0047730794,2
/home/ikk/renal-calculi-classificaction/DATASET/SECTION_SURFACE_DATASET/3aII/surface/3aII_3044SE.png,/home/ikk/renal-calculi-classificaction/DATASET/SECTION_SURFACE_DATASET/3aII/surface/MASKS/3aII_3044SE_mask.png,1,3aII,surface,3aII_3044SE,3aII/surface/3aII_3044SE.png,2,1,0.05851636,0.054083932,0.6920859,0.048105948,0.14720789,2
/home/ikk/renal-calculi-classificaction/DATASET/SECTION_SURFACE_DATASET/3aII/surface/3aII_2530SE.png,/home/ikk/renal-calculi-classificaction/DATASET/SECTION_SURFACE_DATASET/3aII/surface/MASKS/3aII_2530SE_mask.png,1,3aII,surface,3aII_2530SE,3aII/surface/3aII_2530SE.png,2,1,0.15849939,0.15942656,0.66495216,0.008293844,0.008828027,2
/home/ikk/renal-calculi-classificaction/DATASET/SECTION_SURFACE_DATASET/3aII/surface/3aII_3117SE_1.png,/home/ikk/renal-calculi-classificaction/DATASET/SECTION_SURFACE_DATASET/3aII/surface/MASKS/3aII_3117SE_1_mask.png,1,3aII,surface,3aII_3117SE,3aII/surface/3aII_3117SE_1.png,1,1,0.02232021,0.47251692,0.21047032,0.068153866,0.22653873,2
/home/ikk/renal-calculi-classificaction/DATASET/SECTION_SURFACE_DATASET/3aII/section/3aII_2536SE.png,/home/ikk/renal-calculi-classificaction/DATASET/SECTION_SURFACE_DATASET/3aII/section/MASKS/3aII_2536SE_mask.png,1,3aII,section,3aII_2536SE,3aII/section/3aII_2536SE.png,0,1,0.58059,0.1942007,0.19942956,0.012255811,0.013523965,2
/home/ikk/renal-calculi-classificaction/DATASET/SECTION_SURFACE_DATASET/3bII/surface/3bII_1973SE.jpg,/home/ikk/renal-calculi-classificaction/DATASET/SECTION_SURFACE_DATASET/3bII/surface/MASKS/3bII_1973SE_mask.png,2,3bII,surface,3bII_1973SE,3bII/surface/3bII_1973SE.jpg,2,2,0.28080106,0.31744805,0.36643484,0.026014717,0.0093013495,2
/home/ikk/renal-calculi-classificaction/DATASET/SECTION_SURFACE_DATASET/3bII/surface/3bII_2663SE.png,/home/ikk/renal-calculi-classificaction/DATASET/SECTION_SURFACE_DATASET/3bII/surface/MASKS/3bII_2663SE_mask.png,2,3bII,surface,3bII_2663SE,3bII/surface/3bII_2663SE.png,2,2,0.09683242,0.3638041,0.505429,0.012292296,0.021642147,2
/home/ikk/renal-calculi-classificaction/DATASET/SECTION_SURFACE_DATASET/3bII/surface/3bII_2419SE.png,/home/ikk/renal-calculi-classificaction/DATASET/SECTION_SURFACE_DATASET/3bII/surface/MASKS/3bII_2419SE_mask.png,2,3bII,surface,3bII_2419SE,3bII/surface/3bII_2419SE.png,1,2,0.15705186,0.6019947,0.22607462,0.010758497,0.004120322,2
/home/ikk/renal-calculi-classificaction/DATASET/SECTION_SURFACE_DATASET/3bII/surface/3bII_2305SE.png,/home/ikk/renal-calculi-classificaction/DATASET/SECTION_SURFACE_DATASET/3bII/surface/MASKS/3bII_2305SE_mask.png,2,3bII,surface,3bII_2305SE,3bII/surface/3bII_2305SE.png,1,2,0.28673473,0.320779,0.2460288,0.09269345,0.0537641,2
/home/ikk/renal-calculi-classificaction/DATASET/SECTION_SURFACE_DATASET/3bII/section/3bII_1862SE.jpg,/home/ikk/renal-calculi-classificaction/DATASET/SECTION_SURFACE_DATASET/3bII/section/MASKS/3bII_1862SE_mask.png,2,3bII,section,3bII_1862SE,3bII/section/3bII_1862SE.jpg,0,2,0.3787967,0.089218065,0.37163398,0.01461161,0.14573964,2
/home/ikk/renal-calculi-classificaction/DATASET/SECTION_SURFACE_DATASET/3bII/section/3bII_2450SE.png,/home/ikk/renal-calculi-classificaction/DATASET/SECTION_SURFACE_DATASET/3bII/section/MASKS/3bII_2450SE_mask.png,2,3bII,section,3bII_2450SE,3bII/section/3bII_2450SE.png,0,2,0.93975675,0.010062579,0.02795113,0.012863192,0.009366305,2
/home/ikk/renal-calculi-classificaction/DATASET/SECTION_SURFACE_DATASET/3bII/section/3bII_3364SE.jpg,/home/ikk/renal-calculi-classificaction/DATASET/SECTION_SURFACE_DATASET/3bII/section/MASKS/3bII_3364SE_mask.png,2,3bII,section,3bII_3364SE,3bII/section/3bII_3364SE.jpg,2,2,0.037954744,0.013814734,0.5634633,0.35580567,0.028961573,2
/home/ikk/renal-calculi-classificaction/DATASET/SECTION_SURFACE_DATASET/3bII/section/3bII_2187SE.jpg,/home/ikk/renal-calculi-classificaction/DATASET/SECTION_SURFACE_DATASET/3bII/section/MASKS/3bII_2187SE_mask.png,2,3bII,section,3bII_2187SE,3bII/section/3bII_2187SE.jpg,0,2,0.798324,0.07549672,0.08637622,0.00733234,0.03247071,2
/home/ikk/renal-calculi-classificaction/DATASET/SECTION_SURFACE_DATASET/3bII/section/3bII_2871SE.jpg,/home/ikk/renal-calculi-classificaction/DATASET/SECTION_SURFACE_DATASET/3bII/section/MASKS/3bII_2871SE_mask.png,2,3bII,section,3bII_2871SE,3bII/section/3bII_2871SE.jpg,4,2,0.2266869,0.054129105,0.29361206,0.08838981,0.33718216,2
/home/ikk/renal-calculi-classificaction/DATASET/SECTION_SURFACE_DATASET/3bII/section/3bII_4.jpg,/home/ikk/renal-calculi-classificaction/DATASET/SECTION_SURFACE_DATASET/3bII/section/MASKS/3bII_4_mask.png,2,3bII,section,3bII_4,3bII/section/3bII_4.jpg,2,2,0.0072082593,0.057750523,0.9193494,0.014096259,0.001595633,2
/home/ikk/renal-calculi-classificaction/DATASET/SECTION_SURFACE_DATASET/2a/surface/2a_1800SE.jpg,/home/ikk/renal-calculi-classificaction/DATASET/SECTION_SURFACE_DATASET/2a/surface/MASKS/2a_1800SE_mask.png,0,2a,surface,2a_1800SE,2a/surface/2a_1800SE.jpg,0,0,0.6080391,0.03626701,0.20516504,0.098166846,0.052362,2
/home/ikk/renal-calculi-classificaction/DATASET/SECTION_SURFACE_DATASET/2a/surface/2a_583CP.jpg,/home/ikk/renal-calculi-classificaction/DATASET/SECTION_SURFACE_DATASET/2a/surface/MASKS/2a_583CP_mask.png,0,2a,surface,2a_583CP,2a/surface/2a_583CP.jpg,0,0,0.9591059,0.010562614,0.005812779,0.010840088,0.013678655,2
/home/ikk/renal-calculi-classificaction/DATASET/SECTION_SURFACE_DATASET/2a/surface/2a_1802SE.jpg,/home/ikk/renal-calculi-classificaction/DATASET/SECTION_SURFACE_DATASET/2a/surface/MASKS/2a_1802SE_mask.png,0,2a,surface,2a_1802SE,2a/surface/2a_1802SE.jpg,0,0,0.58544075,0.14987116,0.23876947,0.01834461,0.007574046,2
/home/ikk/renal-calculi-classificaction/DATASET/SECTION_SURFACE_DATASET/2a/surface/2a_2169SE.jpg,/home/ikk/renal-calculi-classificaction/DATASET/SECTION_SURFACE_DATASET/2a/surface/MASKS/2a_2169SE_mask.png,0,2a,surface,2a_2169SE,2a/surface/2a_2169SE.jpg,0,0,0.9218599,0.022786155,0.022987045,0.014375833,0.017991148,2
/home/ikk/renal-calculi-classificaction/DATASET/SECTION_SURFACE_DATASET/2a/surface/2a_3367SE.jpg,/home/ikk/renal-calculi-classificaction/DATASET/SECTION_SURFACE_DATASET/2a/surface/MASKS/2a_3367SE_mask.png,0,2a,surface,2a_3367SE,2a/surface/2a_3367SE.jpg,0,0,0.5958421,0.07008464,0.19998711,0.037679907,0.09640625,2
/home/ikk/renal-calculi-classificaction/DATASET/SECTION_SURFACE_DATASET/2a/surface/2a_2412SE_1.png,/home/ikk/renal-calculi-classificaction/DATASET/SECTION_SURFACE_DATASET/2a/surface/MASKS/2a_2412SE_1_mask.png,0,2a,surface,2a_2412SE,2a/surface/2a_2412SE_1.png,0,0,0.935698,0.034643542,0.010003176,0.012852504,0.0068028397,2
/home/ikk/renal-calculi-classificaction/DATASET/SECTION_SURFACE_DATASET/2a/surface/2a_1787SE.jpg,/home/ikk/renal-calculi-classificaction/DATASET/SECTION_SURFACE_DATASET/2a/surface/MASKS/2a_1787SE_mask.png,0,2a,surface,2a_1787SE,2a/surface/2a_1787SE.jpg,0,0,0.8039225,0.02251576,0.05826559,0.012529626,0.102766536,2
/home/ikk/renal-calculi-classificaction/DATASET/SECTION_SURFACE_DATASET/2a/surface/2a_1991SE_1.jpg,/home/ikk/renal-calculi-classificaction/DATASET/SECTION_SURFACE_DATASET/2a/surface/MASKS/2a_1991SE_1_mask.png,0,2a,surface,2a_1991SE,2a/surface/2a_1991SE_1.jpg,0,0,0.7595867,0.06139384,0.14401582,0.014514907,0.020488689,2
/home/ikk/renal-calculi-classificaction/DATASET/SECTION_SURFACE_DATASET/2a/surface/2a_1918SE.jpg,/home/ikk/renal-calculi-classificaction/DATASET/SECTION_SURFACE_DATASET/2a/surface/MASKS/2a_1918SE_mask.png,0,2a,surface,2a_1918SE,2a/surface/2a_1918SE.jpg,0,0,0.97578,0.0050599,0.0049778135,0.006945066,0.0072372626,2
/home/ikk/renal-calculi-classificaction/DATASET/SECTION_SURFACE_DATASET/2a/section/2a_1802SE_2.jpg,/home/ikk/renal-calculi-classificaction/DATASET/SECTION_SURFACE_DATASET/2a/section/MASKS/2a_1802SE_2_mask.png,0,2a,section,2a_1802SE,2a/section/2a_1802SE_2.jpg,0,0,0.50965095,0.07722782,0.26643488,0.015760373,0.13092595,2
/home/ikk/renal-calculi-classificaction/DATASET/SECTION_SURFACE_DATASET/2a/section/2a_2867SE.jpg,/home/ikk/renal-calculi-classificaction/DATASET/SECTION_SURFACE_DATASET/2a/section/MASKS/2a_2867SE_mask.png,0,2a,section,2a_2867SE,2a/section/2a_2867SE.jpg,0,0,0.61441684,0.052454937,0.13515472,0.061300863,0.13667266,2
/home/ikk/renal-calculi-classificaction/DATASET/SECTION_SURFACE_DATASET/2a/section/2a_3157SE.png,/home/ikk/renal-calculi-classificaction/DATASET/SECTION_SURFACE_DATASET/2a/section/MASKS/2a_3157SE_mask.png,0,2a,section,2a_3157SE,2a/section/2a_3157SE.png,0,0,0.6986584,0.07458321,0.1307473,0.02573286,0.07027809,2
/home/ikk/renal-calculi-classificaction/DATASET/SECTION_SURFACE_DATASET/2a/section/2a_2179SE.jpg,/home/ikk/renal-calculi-classificaction/DATASET/SECTION_SURFACE_DATASET/2a/section/MASKS/2a_2179SE_mask.png,0,2a,section,2a_2179SE,2a/section/2a_2179SE.jpg,0,0,0.7959965,0.09126162,0.075895466,0.0050346986,0.031811714,2
/home/ikk/renal-calculi-classificaction/DATASET/SECTION_SURFACE_DATASET/2a/section/2a_2.png,/home/ikk/renal-calculi-classificaction/DATASET/SECTION_SURFACE_DATASET/2a/section/MASKS/2a_2_mask.png,0,2a,section,2a_2,2a/section/2a_2.png,0,0,0.5879506,0.06075419,0.21176185,0.030632906,0.108900465,2
/home/ikk/renal-calculi-classificaction/DATASET/SECTION_SURFACE_DATASET/2a/section/2a_HAP_sup_3296SE.jpg,/home/ikk/renal-calculi-classificaction/DATASET/SECTION_SURFACE_DATASET/2a/section/MASKS/2a_HAP_sup_3296SE_mask.png,0,2a,section,2a_HAP_sup_3296SE,2a/section/2a_HAP_sup_3296SE.jpg,0,0,0.43022963,0.08028258,0.2684497,0.04562492,0.1754131,2
/home/ikk/renal-calculi-classificaction/DATASET/SECTION_SURFACE_DATASET/2a/section/2a_2148SE.jpg,/home/ikk/renal-calculi-classificaction/DATASET/SECTION_SURFACE_DATASET/2a/section/MASKS/2a_2148SE_mask.png,0,2a,section,2a_2148SE,2a/section/2a_2148SE.jpg,0,0,0.6100293,0.041213796,0.2908283,0.03082605,0.027102651,2
/home/ikk/renal-calculi-classificaction/DATASET/SECTION_SURFACE_DATASET/2a/section/2a_2412SE_2.png,/home/ikk/renal-calculi-classificaction/DATASET/SECTION_SURFACE_DATASET/2a/section/MASKS/2a_2412SE_2_mask.png,0,2a,section,2a_2412SE,2a/section/2a_2412SE_2.png,0,0,0.8543556,0.08238888,0.024545,0.015821885,0.022888752,2
/home/ikk/renal-calculi-classificaction/DATASET/SECTION_SURFACE_DATASET/2a/section/2a_2091SE.jpg,/home/ikk/renal-calculi-classificaction/DATASET/SECTION_SURFACE_DATASET/2a/section/MASKS/2a_2091SE_mask.png,0,2a,section,2a_2091SE,2a/section/2a_2091SE.jpg,2,0,0.07649547,0.10800719,0.43888468,0.22547306,0.15113959,2
/home/ikk/renal-calculi-classificaction/DATASET/SECTION_SURFACE_DATASET/2a/section/2a_1991SE_2.jpg,/home/ikk/renal-calculi-classificaction/DATASET/SECTION_SURFACE_DATASET/2a/section/MASKS/2a_1991SE_2_mask.png,0,2a,section,2a_1991SE,2a/section/2a_1991SE_2.jpg,0,0,0.8628518,0.02314178,0.057166852,0.0088781845,0.047961324,2
/home/ikk/renal-calculi-classificaction/DATASET/SECTION_SURFACE_DATASET/2a/section/2a_2513SE.png,/home/ikk/renal-calculi-classificaction/DATASET/SECTION_SURFACE_DATASET/2a/section/MASKS/2a_2513SE_mask.png,0,2a,section,2a_2513SE,2a/section/2a_2513SE.png,0,0,0.40805408,0.026576068,0.34072807,0.05476547,0.16987629,2
/home/ikk/renal-calculi-classificaction/DATASET/SECTION_SURFACE_DATASET/4II-4I/surface/4I_3179SE.jpg,/home/ikk/renal-calculi-classificaction/DATASET/SECTION_SURFACE_DATASET/4II-4I/surface/MASKS/4I_3179SE_mask.png,2,4II-4I,surface,4I_3179SE,4II-4I/surface/4I_3179SE.jpg,2,2,0.12008634,0.29965255,0.48325434,0.05037578,0.04663103,2
/home/ikk/renal-calculi-classificaction/DATASET/SECTION_SURFACE_DATASET/4II-4I/surface/4I_111111_inventado.jpg,/home/ikk/renal-calculi-classificaction/DATASET/SECTION_SURFACE_DATASET/4II-4I/surface/MASKS/4I_111111_inventado_mask.png,2,4II-4I,surface,4I_111111,4II-4I/surface/4I_111111_inventado.jpg,4,2,0.06755219,0.018922929,0.10200623,0.007347099,0.80417156,2
/home/ikk/renal-calculi-classificaction/DATASET/SECTION_SURFACE_DATASET/4II-4I/surface/4II_2026SE.jpg,/home/ikk/renal-calculi-classificaction/DATASET/SECTION_SURFACE_DATASET/4II-4I/surface/MASKS/4II_2026SE_mask.png,2,4II-4I,surface,4II_2026SE,4II-4I/surface/4II_2026SE.jpg,2,2,0.25685236,0.09796334,0.49993664,0.04254397,0.10270368,2
/home/ikk/renal-calculi-classificaction/DATASET/SECTION_SURFACE_DATASET/4II-4I/surface/4II_1.jpg,/home/ikk/renal-calculi-classificaction/DATASET/SECTION_SURFACE_DATASET/4II-4I/surface/MASKS/4II_1_mask.png,2,4II-4I,surface,4II_1,4II-4I/surface/4II_1.jpg,2,2,0.05016745,0.15751751,0.5844674,0.1602083,0.047639325,2
/home/ikk/renal-calculi-classificaction/DATASET/SECTION_SURFACE_DATASET/4II-4I/section/4I_1872SE.jpg,/home/ikk/renal-calculi-classificaction/DATASET/SECTION_SURFACE_DATASET/4II-4I/section/MASKS/4I_1872SE_mask.png,2,4II-4I,section,4I_1872SE,4II-4I/section/4I_1872SE.jpg,2,2,0.34859923,0.0952817,0.35898903,0.07186737,0.12526268,2
/home/ikk/renal-calculi-classificaction/DATASET/SECTION_SURFACE_DATASET/4II-4I/section/4II_3046SE.png,/home/ikk/renal-calculi-classificaction/DATASET/SECTION_SURFACE_DATASET/4II-4I/section/MASKS/4II_3046SE_mask.png,2,4II-4I,section,4II_3046SE,4II-4I/section/4II_3046SE.png,2,2,0.091313496,0.021770516,0.49597108,0.33503014,0.055914737,2
/home/ikk/renal-calculi-classificaction/DATASET/SECTION_SURFACE_DATASET/4II-4I/section/4II_1993SE.jpg,/home/ikk/renal-calculi-classificaction/DATASET/SECTION_SURFACE_DATASET/4II-4I/section/MASKS/4II_1993SE_mask.png,2,4II-4I,section,4II_1993SE,4II-4I/section/4II_1993SE.jpg,2,2,0.18752359,0.023527147,0.5134175,0.20412064,0.07141112,2
/home/ikk/renal-calculi-classificaction/DATASET/SECTION_SURFACE_DATASET/4II-4I/section/4II_2168SE.jpg,/home/ikk/renal-calculi-classificaction/DATASET/SECTION_SURFACE_DATASET/4II-4I/section/MASKS/4II_2168SE_mask.png,2,4II-4I,section,4II_2168SE,4II-4I/section/4II_2168SE.jpg,2,2,0.16073315,0.38113993,0.4431403,0.0033641902,0.011622406,2
/home/ikk/renal-calculi-classificaction/DATASET/SECTION_SURFACE_DATASET/4II-4I/section/4II_7.jpg,/home/ikk/renal-calculi-classificaction/DATASET/SECTION_SURFACE_DATASET/4II-4I/section/MASKS/4II_7_mask.png,2,4II-4I,section,4II_7,4II-4I/section/4II_7.jpg,2,2,0.084688626,0.20211959,0.537342,0.061176542,0.114673205,2
/home/ikk/renal-calculi-classificaction/DATASET/SECTION_SURFACE_DATASET/4II-4I/section/4II_2439SE.png,/home/ikk/renal-calculi-classificaction/DATASET/SECTION_SURFACE_DATASET/4II-4I/section/MASKS/4II_2439SE_mask.png,2,4II-4I,section,4II_2439SE,4II-4I/section/4II_2439SE.png,2,2,0.2916906,0.035621144,0.5358976,0.07110669,0.06568395,2
/home/ikk/renal-calculi-classificaction/DATASET/SECTION_SURFACE_DATASET/4II-4I/section/4I_COM_1892SE_2.jpg,/home/ikk/renal-calculi-classificaction/DATASET/SECTION_SURFACE_DATASET/4II-4I/section/MASKS/4I_COM_1892SE_2_mask.png,2,4II-4I,section,4I_COM_1892SE,4II-4I/section/4I_COM_1892SE_2.jpg,0,2,0.8249841,0.020226562,0.116970606,0.016193971,0.021624831,2
/home/ikk/renal-calculi-classificaction/DATASET/SECTION_SURFACE_DATASET/1aI/surface/1aI_2110SE_5_LB.png,/home/ikk/renal-calculi-classificaction/DATASET/SECTION_SURFACE_DATASET/1aI/surface/MASKS/1aI_2110SE_5_LB_mask.png,0,1aI,surface,1aI_2110SE,1aI/surface/1aI_2110SE_5_LB.png,0,0,0.9187996,0.017758014,0.022737736,0.0049966555,0.03570806,2
/home/ikk/renal-calculi-classificaction/DATASET/SECTION_SURFACE_DATASET/1aI/surface/1aI_2110SE_1_LB.png,/home/ikk/renal-calculi-classificaction/DATASET/SECTION_SURFACE_DATASET/1aI/surface/MASKS/1aI_2110SE_1_LB_mask.png,0,1aI,surface,1aI_2110SE,1aI/surface/1aI_2110SE_1_LB.png,0,0,0.9571502,0.007696303,0.006148596,0.0047467393,0.024258113,2
/home/ikk/renal-calculi-classificaction/DATASET/SECTION_SURFACE_DATASET/1aI/surface/1aI_2110SE_4_LB.png,/home/ikk/renal-calculi-classificaction/DATASET/SECTION_SURFACE_DATASET/1aI/surface/MASKS/1aI_2110SE_4_LB_mask.png,0,1aI,surface,1aI_2110SE,1aI/surface/1aI_2110SE_4_LB.png,0,0,0.9119293,0.02790083,0.029093957,0.01934619,0.011729768,2
/home/ikk/renal-calculi-classificaction/DATASET/SECTION_SURFACE_DATASET/1aI/surface/1aI_2109SE.jpg,/home/ikk/renal-calculi-classificaction/DATASET/SECTION_SURFACE_DATASET/1aI/surface/MASKS/1aI_2109SE_mask.png,0,1aI,surface,1aI_2109SE,1aI/surface/1aI_2109SE.jpg,0,0,0.8723992,0.038359627,0.022909114,0.029837105,0.036494885,2
/home/ikk/renal-calculi-classificaction/DATASET/SECTION_SURFACE_DATASET/1aI/surface/1aI_COD_sup_2147SE_2.jpg,/home/ikk/renal-calculi-classificaction/DATASET/SECTION_SURFACE_DATASET/1aI/surface/MASKS/1aI_COD_sup_2147SE_2_mask.png,0,1aI,surface,1aI_COD_sup_2147SE,1aI/surface/1aI_COD_sup_2147SE_2.jpg,0,0,0.8778616,0.08392368,0.017524702,0.005730551,0.01495937,2
/home/ikk/renal-calculi-classificaction/DATASET/SECTION_SURFACE_DATASET/1aI/surface/1aI_COD_sup_1928SE.jpg,/home/ikk/renal-calculi-classificaction/DATASET/SECTION_SURFACE_DATASET/1aI/surface/MASKS/1aI_COD_sup_1928SE_mask.png,0,1aI,surface,1aI_COD_sup_1928SE,1aI/surface/1aI_COD_sup_1928SE.jpg,0,0,0.9092705,0.009104844,0.073051505,0.004554424,0.0040187263,2
/home/ikk/renal-calculi-classificaction/DATASET/SECTION_SURFACE_DATASET/1aI/surface/1aI_2110SE_3_LB.png,/home/ikk/renal-calculi-classificaction/DATASET/SECTION_SURFACE_DATASET/1aI/surface/MASKS/1aI_2110SE_3_LB_mask.png,0,1aI,surface,1aI_2110SE,1aI/surface/1aI_2110SE_3_LB.png,0,0,0.8967106,0.033160057,0.020190004,0.018512657,0.031426746,2
/home/ikk/renal-calculi-classificaction/DATASET/SECTION_SURFACE_DATASET/1aI/surface/1aI_3196SE_1.jpg,/home/ikk/renal-calculi-classificaction/DATASET/SECTION_SURFACE_DATASET/1aI/surface/MASKS/1aI_3196SE_1_mask.png,0,1aI,surface,1aI_3196SE,1aI/surface/1aI_3196SE_1.jpg,0,0,0.60141957,0.016826477,0.16931564,0.18702033,0.025417931,2
/home/ikk/renal-calculi-classificaction/DATASET/SECTION_SURFACE_DATASET/1aI/surface/1aI_COD_sup_1928SE_2.jpg,/home/ikk/renal-calculi-classificaction/DATASET/SECTION_SURFACE_DATASET/1aI/surface/MASKS/1aI_COD_sup_1928SE_2_mask.png,0,1aI,surface,1aI_COD_sup_1928SE,1aI/surface/1aI_COD_sup_1928SE_2.jpg,0,0,0.8687431,0.008530628,0.098479,0.016377931,0.007869268,2
/home/ikk/renal-calculi-classificaction/DATASET/SECTION_SURFACE_DATASET/1aI/surface/1aI_2110SE_2_LB.png,/home/ikk/renal-calculi-classificaction/DATASET/SECTION_SURFACE_DATASET/1aI/surface/MASKS/1aI_2110SE_2_LB_mask.png,0,1aI,surface,1aI_2110SE,1aI/surface/1aI_2110SE_2_LB.png,0,0,0.96105766,0.011891994,0.010830604,0.008677838,0.007541935,2
/home/ikk/renal-calculi-classificaction/DATASET/SECTION_SURFACE_DATASET/1aI/surface/1aI_2225SE_1.jpg,/home/ikk/renal-calculi-classificaction/DATASET/SECTION_SURFACE_DATASET/1aI/surface/MASKS/1aI_2225SE_1_mask.png,0,1aI,surface,1aI_2225SE,1aI/surface/1aI_2225SE_1.jpg,0,0,0.9606325,0.010894822,0.014126323,0.0072153015,0.0071311626,2
/home/ikk/renal-calculi-classificaction/DATASET/SECTION_SURFACE_DATASET/1aI/surface/1aI_1797SE.jpg,/home/ikk/renal-calculi-classificaction/DATASET/SECTION_SURFACE_DATASET/1aI/surface/MASKS/1aI_1797SE_mask.png,0,1aI,surface,1aI_1797SE,1aI/surface/1aI_1797SE.jpg,0,0,0.6186539,0.051242333,0.14767918,0.025780728,0.15664387,2
/home/ikk/renal-calculi-classificaction/DATASET/SECTION_SURFACE_DATASET/1aI/surface/1aI_COD_sup_2147SE_1.jpg,/home/ikk/renal-calculi-classificaction/DATASET/SECTION_SURFACE_DATASET/1aI/surface/MASKS/1aI_COD_sup_2147SE_1_mask.png,0,1aI,surface,1aI_COD_sup_2147SE,1aI/surface/1aI_COD_sup_2147SE_1.jpg,0,0,0.6423836,0.1406656,0.13064758,0.04552222,0.040780973,2
/home/ikk/renal-calculi-classificaction/DATASET/SECTION_SURFACE_DATASET/1aI/surface/1aI_1934SE.jpg,/home/ikk/renal-calculi-classificaction/DATASET/SECTION_SURFACE_DATASET/1aI/surface/MASKS/1aI_1934SE_mask.png,0,1aI,surface,1aI_1934SE,1aI/surface/1aI_1934SE.jpg,0,0,0.52478987,0.04949825,0.3699779,0.024139171,0.031594776,2
/home/ikk/renal-calculi-classificaction/DATASET/SECTION_SURFACE_DATASET/1aI/surface/1aI_2676SE.png,/home/ikk/renal-calculi-classificaction/DATASET/SECTION_SURFACE_DATASET/1aI/surface/MASKS/1aI_2676SE_mask.png,0,1aI,surface,1aI_2676SE,1aI/surface/1aI_2676SE.png,0,0,0.8927666,0.014263247,0.055042762,0.008592655,0.029334813,2
/home/ikk/renal-calculi-classificaction/DATASET/SECTION_SURFACE_DATASET/1aI/section/1aI_3196SE_2.jpg,/home/ikk/renal-calculi-classificaction/DATASET/SECTION_SURFACE_DATASET/1aI/section/MASKS/1aI_3196SE_2_mask.png,0,1aI,section,1aI_3196SE,1aI/section/1aI_3196SE_2.jpg,0,0,0.50309193,0.08456668,0.26473927,0.07244634,0.07515579,2
/home/ikk/renal-calculi-classificaction/DATASET/SECTION_SURFACE_DATASET/1aI/section/1aI_2110SE_7_LB.png,/home/ikk/renal-calculi-classificaction/DATASET/SECTION_SURFACE_DATASET/1aI/section/MASKS/1aI_2110SE_7_LB_mask.png,0,1aI,section,1aI_2110SE,1aI/section/1aI_2110SE_7_LB.png,0,0,0.83049935,0.0130457105,0.027701678,0.023845121,0.10490809,2
/home/ikk/renal-calculi-classificaction/DATASET/SECTION_SURFACE_DATASET/1aI/section/1aI_2110SE_6_LB.png,/home/ikk/renal-calculi-classificaction/DATASET/SECTION_SURFACE_DATASET/1aI/section/MASKS/1aI_2110SE_6_LB_mask.png,0,1aI,section,1aI_2110SE,1aI/section/1aI_2110SE_6_LB.png,0,0,0.8895533,0.021752227,0.050364625,0.02209329,0.016236601,2
/home/ikk/renal-calculi-classificaction/DATASET/SECTION_SURFACE_DATASET/1aI/section/1aI_1934SE_2.jpg,/home/ikk/renal-calculi-classificaction/DATASET/SECTION_SURFACE_DATASET/1aI/section/MASKS/1aI_1934SE_2_mask.png,0,1aI,section,1aI_1934SE,1aI/section/1aI_1934SE_2.jpg,0,0,0.88683933,0.009465516,0.06801864,0.0061494885,0.029527001,2
/home/ikk/renal-calculi-classificaction/DATASET/SECTION_SURFACE_DATASET/1aI/section/1aI_2225SE_2.jpg,/home/ikk/renal-calculi-classificaction/DATASET/SECTION_SURFACE_DATASET/1aI/section/MASKS/1aI_2225SE_2_mask.png,0,1aI,section,1aI_2225SE,1aI/section/1aI_2225SE_2.jpg,0,0,0.5867107,0.08989114,0.26162848,0.013925344,0.04784439,2
/home/ikk/renal-calculi-classificaction/DATASET/SECTION_SURFACE_DATASET/6/section/6_3230SE.jpg,/home/ikk/renal-calculi-classificaction/DATASET/SECTION_SURFACE_DATASET/6/section/MASKS/6_3230SE_mask.png,3,6,section,6_3230SE,6/section/6_3230SE.jpg,3,3,0.09135613,0.037636682,0.043380853,0.7547561,0.07287029,3
/home/ikk/renal-calculi-classificaction/DATASET/SECTION_SURFACE_DATASET/6/section/6_2770SE.jpg,/home/ikk/renal-calculi-classificaction/DATASET/SECTION_SURFACE_DATASET/6/section/MASKS/6_2770SE_mask.png,3,6,section,6_2770SE,6/section/6_2770SE.jpg,4,3,0.069185376,0.016235704,0.26266018,0.26646858,0.38545015,3
/home/ikk/renal-calculi-classificaction/DATASET/SECTION_SURFACE_DATASET/6/section/6_2274SE.png,/home/ikk/renal-calculi-classificaction/DATASET/SECTION_SURFACE_DATASET/6/section/MASKS/6_2274SE_mask.png,3,6,section,6_2274SE,6/section/6_2274SE.png,3,3,0.14196388,0.059444822,0.24226359,0.5077515,0.048576158,3
/home/ikk/renal-calculi-classificaction/DATASET/SECTION_SURFACE_DATASET/6/section/6_3059SE.png,/home/ikk/renal-calculi-classificaction/DATASET/SECTION_SURFACE_DATASET/6/section/MASKS/6_3059SE_mask.png,3,6,section,6_3059SE,6/section/6_3059SE.png,3,3,0.025447749,0.006212147,0.122586526,0.82614404,0.01960954,3
/home/ikk/renal-calculi-classificaction/DATASET/SECTION_SURFACE_DATASET/8aI - 8aII/surface/8aII_2163SE.jpg,/home/ikk/renal-calculi-classificaction/DATASET/SECTION_SURFACE_DATASET/8aI - 8aII/surface/MASKS/8aII_2163SE_mask.png,4,8aI - 8aII,surface,8aII_2163SE,8aI - 8aII/surface/8aII_2163SE.jpg,4,4,0.21987773,0.009575739,0.06463026,0.18150969,0.52440655,3
/home/ikk/renal-calculi-classificaction/DATASET/SECTION_SURFACE_DATASET/8aI - 8aII/surface/8aII_3026SE.jpg,/home/ikk/renal-calculi-classificaction/DATASET/SECTION_SURFACE_DATASET/8aI - 8aII/surface/MASKS/8aII_3026SE_mask.png,4,8aI - 8aII,surface,8aII_3026SE,8aI - 8aII/surface/8aII_3026SE.jpg,4,4,0.16356713,0.018861664,0.061822418,0.09153818,0.6642107,3
/home/ikk/renal-calculi-classificaction/DATASET/SECTION_SURFACE_DATASET/8aI - 8aII/surface/8aII_1874SE.jpg,/home/ikk/renal-calculi-classificaction/DATASET/SECTION_SURFACE_DATASET/8aI - 8aII/surface/MASKS/8aII_1874SE_mask.png,4,8aI - 8aII,surface,8aII_1874SE,8aI - 8aII/surface/8aII_1874SE.jpg,4,4,0.16231659,0.09700144,0.13342455,0.26786584,0.33939162,3
/home/ikk/renal-calculi-classificaction/DATASET/SECTION_SURFACE_DATASET/8aI - 8aII/section/8aI_2316SE.png,/home/ikk/renal-calculi-classificaction/DATASET/SECTION_SURFACE_DATASET/8aI - 8aII/section/MASKS/8aI_2316SE_mask.png,4,8aI - 8aII,section,8aI_2316SE,8aI - 8aII/section/8aI_2316SE.png,4,4,0.13890472,0.011422341,0.012377219,0.014785971,0.8225097,3
/home/ikk/renal-calculi-classificaction/DATASET/SECTION_SURFACE_DATASET/8aI - 8aII/section/8aII_2146SE.jpg,/home/ikk/renal-calculi-classificaction/DATASET/SECTION_SURFACE_DATASET/8aI - 8aII/section/MASKS/8aII_2146SE_mask.png,4,8aI - 8aII,section,8aII_2146SE,8aI - 8aII/section/8aII_2146SE.jpg,4,4,0.28960228,0.018425582,0.020714894,0.013810966,0.6574463,3
/home/ikk/renal-calculi-classificaction/DATASET/SECTION_SURFACE_DATASET/8aI - 8aII/section/8aII_1874SE_2.jpg,/home/ikk/renal-calculi-classificaction/DATASET/SECTION_SURFACE_DATASET/8aI - 8aII/section/MASKS/8aII_1874SE_2_mask.png,4,8aI - 8aII,section,8aII_1874SE,8aI - 8aII/section/8aII_1874SE_2.jpg,4,4,0.16069265,0.012261033,0.02931156,0.06886061,0.72887415,3
/home/ikk/renal-calculi-classificaction/DATASET/SECTION_SURFACE_DATASET/3aII/surface/3aII_1786SE.jpg,/home/ikk/renal-calculi-classificaction/DATASET/SECTION_SURFACE_DATASET/3aII/surface/MASKS/3aII_1786SE_mask.png,1,3aII,surface,3aII_1786SE,3aII/surface/3aII_1786SE.jpg,2,1,0.037821367,0.17969716,0.56719255,0.045346286,0.16994269,3
/home/ikk/renal-calculi-classificaction/DATASET/SECTION_SURFACE_DATASET/3aII/surface/3aII_3049SE.png,/home/ikk/renal-calculi-classificaction/DATASET/SECTION_SURFACE_DATASET/3aII/surface/MASKS/3aII_3049SE_mask.png,1,3aII,surface,3aII_3049SE,3aII/surface/3aII_3049SE.png,2,1,0.02566992,0.3995595,0.51604176,0.028850485,0.02987837,3
/home/ikk/renal-calculi-classificaction/DATASET/SECTION_SURFACE_DATASET/3aII/surface/3aII_1969SE_2.jpg,/home/ikk/renal-calculi-classificaction/DATASET/SECTION_SURFACE_DATASET/3aII/surface/MASKS/3aII_1969SE_2_mask.png,1,3aII,surface,3aII_1969SE,3aII/surface/3aII_1969SE_2.jpg,1,1,0.009758425,0.6944746,0.26894307,0.008766912,0.018056998,3
/home/ikk/renal-calculi-classificaction/DATASET/SECTION_SURFACE_DATASET/3aII/surface/3aII_1969SE_1.jpg,/home/ikk/renal-calculi-classificaction/DATASET/SECTION_SURFACE_DATASET/3aII/surface/MASKS/3aII_1969SE_1_mask.png,1,3aII,surface,3aII_1969SE,3aII/surface/3aII_1969SE_1.jpg,2,1,0.013454644,0.45250124,0.52266365,0.0074130455,0.003967412,3
/home/ikk/renal-calculi-classificaction/DATASET/SECTION_SURFACE_DATASET/3aII/surface/3aII_1820SE.jpg,/home/ikk/renal-calculi-classificaction/DATASET/SECTION_SURFACE_DATASET/3aII/surface/MASKS/3aII_1820SE_mask.png,1,3aII,surface,3aII_1820SE,3aII/surface/3aII_1820SE.jpg,2,1,0.0215651,0.46902013,0.4735198,0.01897384,0.016921122,3
/home/ikk/renal-calculi-classificaction/DATASET/SECTION_SURFACE_DATASET/3aII/section/3aII_2654SE.png,/home/ikk/renal-calculi-classificaction/DATASET/SECTION_SURFACE_DATASET/3aII/section/MASKS/3aII_2654SE_mask.png,1,3aII,section,3aII_2654SE,3aII/section/3aII_2654SE.png,2,1,0.10859568,0.24910311,0.40134725,0.016770527,0.2241834,3
/home/ikk/renal-calculi-classificaction/DATASET/SECTION_SURFACE_DATASET/3bII/surface/3bII_2243SE.jpg,/home/ikk/renal-calculi-classificaction/DATASET/SECTION_SURFACE_DATASET/3bII/surface/MASKS/3bII_2243SE_mask.png,2,3bII,surface,3bII_2243SE,3bII/surface/3bII_2243SE.jpg,1,2,0.0008303306,0.7021899,0.29071203,0.0052180206,0.0010497569,3
/home/ikk/renal-calculi-classificaction/DATASET/SECTION_SURFACE_DATASET/3bII/surface/3bII_3262SE.jpg,/home/ikk/renal-calculi-classificaction/DATASET/SECTION_SURFACE_DATASET/3bII/surface/MASKS/3bII_3262SE_mask.png,2,3bII,surface,3bII_3262SE,3bII/surface/3bII_3262SE.jpg,0,2,0.7112057,0.0405001,0.20936498,0.030130632,0.008798608,3
/home/ikk/renal-calculi-classificaction/DATASET/SECTION_SURFACE_DATASET/3bII/surface/3bII_2768SE.jpg,/home/ikk/renal-calculi-classificaction/DATASET/SECTION_SURFACE_DATASET/3bII/surface/MASKS/3bII_2768SE_mask.png,2,3bII,surface,3bII_2768SE,3bII/surface/3bII_2768SE.jpg,0,2,0.6863182,0.062620506,0.22104003,0.012567054,0.017454168,3
/home/ikk/renal-calculi-classificaction/DATASET/SECTION_SURFACE_DATASET/3bII/surface/3bII_1958SE.jpg,/home/ikk/renal-calculi-classificaction/DATASET/SECTION_SURFACE_DATASET/3bII/surface/MASKS/3bII_1958SE_mask.png,2,3bII,surface,3bII_1958SE,3bII/surface/3bII_1958SE.jpg,2,2,0.35494503,0.05842285,0.3646971,0.18963598,0.03229903,3
/home/ikk/renal-calculi-classificaction/DATASET/SECTION_SURFACE_DATASET/3bII/surface/3bII_1888SE.jpg,/home/ikk/renal-calculi-classificaction/DATASET/SECTION_SURFACE_DATASET/3bII/surface/MASKS/3bII_1888SE_mask.png,2,3bII,surface,3bII_1888SE,3bII/surface/3bII_1888SE.jpg,2,2,0.05933987,0.05653242,0.8436274,0.033973955,0.006526418,3
/home/ikk/renal-calculi-classificaction/DATASET/SECTION_SURFACE_DATASET/3bII/surface/3bII_MO_1895SE.jpg,/home/ikk/renal-calculi-classificaction/DATASET/SECTION_SURFACE_DATASET/3bII/surface/MASKS/3bII_MO_1895SE_mask.png,2,3bII,surface,3bII_MO_1895SE,3bII/surface/3bII_MO_1895SE.jpg,4,2,0.15873317,0.02317155,0.37883496,0.02172213,0.4175382,3
/home/ikk/renal-calculi-classificaction/DATASET/SECTION_SURFACE_DATASET/3bII/section/3bII_1.jpg,/home/ikk/renal-calculi-classificaction/DATASET/SECTION_SURFACE_DATASET/3bII/section/MASKS/3bII_1_mask.png,2,3bII,section,3bII_1,3bII/section/3bII_1.jpg,4,2,0.04216667,0.07359268,0.30042306,0.26979974,0.31401783,3
/home/ikk/renal-calculi-classificaction/DATASET/SECTION_SURFACE_DATASET/3bII/section/3bII_2065SE.jpg,/home/ikk/renal-calculi-classificaction/DATASET/SECTION_SURFACE_DATASET/3bII/section/MASKS/3bII_2065SE_mask.png,2,3bII,section,3bII_2065SE,3bII/section/3bII_2065SE.jpg,2,2,0.07317357,0.011853783,0.8089239,0.053562295,0.052486446,3
/home/ikk/renal-calculi-classificaction/DATASET/SECTION_SURFACE_DATASET/3bII/section/3bII_2451SE.png,/home/ikk/renal-calculi-classificaction/DATASET/SECTION_SURFACE_DATASET/3bII/section/MASKS/3bII_2451SE_mask.png,2,3bII,section,3bII_2451SE,3bII/section/3bII_2451SE.png,2,2,0.28456515,0.25750214,0.3925386,0.039069697,0.026324388,3
/home/ikk/renal-calculi-classificaction/DATASET/SECTION_SURFACE_DATASET/3bII/section/3bII_6.jpg,/home/ikk/renal-calculi-classificaction/DATASET/SECTION_SURFACE_DATASET/3bII/section/MASKS/3bII_6_mask.png,2,3bII,section,3bII_6,3bII/section/3bII_6.jpg,2,2,0.00941664,0.19113009,0.5758871,0.18462645,0.03893973,3
/home/ikk/renal-calculi-classificaction/DATASET/SECTION_SURFACE_DATASET/3bII/section/3bII_3.jpg,/home/ikk/renal-calculi-classificaction/DATASET/SECTION_SURFACE_DATASET/3bII/section/MASKS/3bII_3_mask.png,2,3bII,section,3bII_3,3bII/section/3bII_3.jpg,2,2,0.014161811,0.14787082,0.7600301,0.04407604,0.0338612,3
/home/ikk/renal-calculi-classificaction/DATASET/SECTION_SURFACE_DATASET/2a/surface/2a_1940SE.jpg,/home/ikk/renal-calculi-classificaction/DATASET/SECTION_SURFACE_DATASET/2a/surface/MASKS/2a_1940SE_mask.png,0,2a,surface,2a_1940SE,2a/surface/2a_1940SE.jpg,0,0,0.5262439,0.038562156,0.20568494,0.07954088,0.14996809,3
/home/ikk/renal-calculi-classificaction/DATASET/SECTION_SURFACE_DATASET/2a/surface/2a_3346SE_surface.jpg,/home/ikk/renal-calculi-classificaction/DATASET/SECTION_SURFACE_DATASET/2a/surface/MASKS/2a_3346SE_surface_mask.png,0,2a,surface,2a_3346SE,2a/surface/2a_3346SE_surface.jpg,0,0,0.38731873,0.14379108,0.2835385,0.084806025,0.100545615,3
/home/ikk/renal-calculi-classificaction/DATASET/SECTION_SURFACE_DATASET/2a/surface/2a_3351SE_1._Imagen_general.jpg,/home/ikk/renal-calculi-classificaction/DATASET/SECTION_SURFACE_DATASET/2a/surface/MASKS/2a_3351SE_1._Imagen_general_mask.png,0,2a,surface,2a_3351SE,2a/surface/2a_3351SE_1._Imagen_general.jpg,2,0,0.08667746,0.23294099,0.5545085,0.09990506,0.025967969,3
/home/ikk/renal-calculi-classificaction/DATASET/SECTION_SURFACE_DATASET/2a/surface/2a_2073SE.jpg,/home/ikk/renal-calculi-classificaction/DATASET/SECTION_SURFACE_DATASET/2a/surface/MASKS/2a_2073SE_mask.png,0,2a,surface,2a_2073SE,2a/surface/2a_2073SE.jpg,2,0,0.25685808,0.22435044,0.46767473,0.026286565,0.024830157,3
/home/ikk/renal-calculi-classificaction/DATASET/SECTION_SURFACE_DATASET/2a/surface/2a_2015SE.jpg,/home/ikk/renal-calculi-classificaction/DATASET/SECTION_SURFACE_DATASET/2a/surface/MASKS/2a_2015SE_mask.png,0,2a,surface,2a_2015SE,2a/surface/2a_2015SE.jpg,0,0,0.75338477,0.09094118,0.08026275,0.031038856,0.04437247,3
/home/ikk/renal-calculi-classificaction/DATASET/SECTION_SURFACE_DATASET/2a/surface/2a_2087SE.jpg,/home/ikk/renal-calculi-classificaction/DATASET/SECTION_SURFACE_DATASET/2a/surface/MASKS/2a_2087SE_mask.png,0,2a,surface,2a_2087SE,2a/surface/2a_2087SE.jpg,0,0,0.9475411,0.006168534,0.02109595,0.020967904,0.0042264177,3
/home/ikk/renal-calculi-classificaction/DATASET/SECTION_SURFACE_DATASET/2a/section/2a_2749SE.jpg,/home/ikk/renal-calculi-classificaction/DATASET/SECTION_SURFACE_DATASET/2a/section/MASKS/2a_2749SE_mask.png,0,2a,section,2a_2749SE,2a/section/2a_2749SE.jpg,0,0,0.45114252,0.021420695,0.2880472,0.047722273,0.19166732,3
/home/ikk/renal-calculi-classificaction/DATASET/SECTION_SURFACE_DATASET/2a/section/2a_2133SE.jpg,/home/ikk/renal-calculi-classificaction/DATASET/SECTION_SURFACE_DATASET/2a/section/MASKS/2a_2133SE_mask.png,0,2a,section,2a_2133SE,2a/section/2a_2133SE.jpg,0,0,0.85098374,0.014913146,0.07339906,0.011969248,0.04873486,3
/home/ikk/renal-calculi-classificaction/DATASET/SECTION_SURFACE_DATASET/2a/section/2a_1940SE_2.jpg,/home/ikk/renal-calculi-classificaction/DATASET/SECTION_SURFACE_DATASET/2a/section/MASKS/2a_1940SE_2_mask.png,0,2a,section,2a_1940SE,2a/section/2a_1940SE_2.jpg,0,0,0.70135534,0.011027462,0.04472946,0.055654965,0.1872327,3
/home/ikk/renal-calculi-classificaction/DATASET/SECTION_SURFACE_DATASET/2a/section/2a_3346SE_section.jpg,/home/ikk/renal-calculi-classificaction/DATASET/SECTION_SURFACE_DATASET/2a/section/MASKS/2a_3346SE_section_mask.png,0,2a,section,2a_3346SE,2a/section/2a_3346SE_section.jpg,4,0,0.17177068,0.022567248,0.08883719,0.032446694,0.6843781,3
/home/ikk/renal-calculi-classificaction/DATASET/SECTION_SURFACE_DATASET/2a/section/2a_3351SE_3._Seccion_2.jpg,/home/ikk/renal-calculi-classificaction/DATASET/SECTION_SURFACE_DATASET/2a/section/MASKS/2a_3351SE_3._Seccion_2_mask.png,0,2a,section,2a_3351SE,2a/section/2a_3351SE_3._Seccion_2.jpg,2,0,0.2516641,0.07065106,0.3024169,0.12277749,0.2524905,3
/home/ikk/renal-calculi-classificaction/DATASET/SECTION_SURFACE_DATASET/2a/section/2a_3266SE.jpg,/home/ikk/renal-calculi-classificaction/DATASET/SECTION_SURFACE_DATASET/2a/section/MASKS/2a_3266SE_mask.png,0,2a,section,2a_3266SE,2a/section/2a_3266SE.jpg,0,0,0.53570163,0.01800101,0.030313103,0.037590824,0.37839338,3
/home/ikk/renal-calculi-classificaction/DATASET/SECTION_SURFACE_DATASET/2a/section/2a_2580SE.png,/home/ikk/renal-calculi-classificaction/DATASET/SECTION_SURFACE_DATASET/2a/section/MASKS/2a_2580SE_mask.png,0,2a,section,2a_2580SE,2a/section/2a_2580SE.png,0,0,0.7778673,0.01779905,0.16771981,0.008459232,0.028154666,3
/home/ikk/renal-calculi-classificaction/DATASET/SECTION_SURFACE_DATASET/2a/section/2a_2327SE.png,/home/ikk/renal-calculi-classificaction/DATASET/SECTION_SURFACE_DATASET/2a/section/MASKS/2a_2327SE_mask.png,0,2a,section,2a_2327SE,2a/section/2a_2327SE.png,0,0,0.5320748,0.18005809,0.1211949,0.03955966,0.12711251,3
/home/ikk/renal-calculi-classificaction/DATASET/SECTION_SURFACE_DATASET/2a/section/2a_3351SE_2._Seccion_1.jpg,/home/ikk/renal-calculi-classificaction/DATASET/SECTION_SURFACE_DATASET/2a/section/MASKS/2a_3351SE_2._Seccion_1_mask.png,0,2a,section,2a_3351SE,2a/section/2a_3351SE_2._Seccion_1.jpg,3,0,0.24535069,0.044526502,0.25052348,0.36010054,0.099498734,3
/home/ikk/renal-calculi-classificaction/DATASET/SECTION_SURFACE_DATASET/2a/section/2a_1830SE.jpg,/home/ikk/renal-calculi-classificaction/DATASET/SECTION_SURFACE_DATASET/2a/section/MASKS/2a_1830SE_mask.png,0,2a,section,2a_1830SE,2a/section/2a_1830SE.jpg,0,0,0.6336218,0.0044918815,0.28431094,0.016800286,0.06077507,3
/home/ikk/renal-calculi-classificaction/DATASET/SECTION_SURFACE_DATASET/2a/section/2a_3025SE.jpg,/home/ikk/renal-calculi-classificaction/DATASET/SECTION_SURFACE_DATASET/2a/section/MASKS/2a_3025SE_mask.png,0,2a,section,2a_3025SE,2a/section/2a_3025SE.jpg,2,0,0.052496266,0.11996869,0.3991631,0.114624366,0.31374758,3
/home/ikk/renal-calculi-classificaction/DATASET/SECTION_SURFACE_DATASET/2a/section/2a_2872SE.jpg,/home/ikk/renal-calculi-classificaction/DATASET/SECTION_SURFACE_DATASET/2a/section/MASKS/2a_2872SE_mask.png,0,2a,section,2a_2872SE,2a/section/2a_2872SE.jpg,0,0,0.7320726,0.017251825,0.16325417,0.02362107,0.063800395,3
/home/ikk/renal-calculi-classificaction/DATASET/SECTION_SURFACE_DATASET/4II-4I/surface/4I_1853SE.jpg,/home/ikk/renal-calculi-classificaction/DATASET/SECTION_SURFACE_DATASET/4II-4I/surface/MASKS/4I_1853SE_mask.png,2,4II-4I,surface,4I_1853SE,4II-4I/surface/4I_1853SE.jpg,2,2,0.12909994,0.057984702,0.76294947,0.03721773,0.012748212,3
/home/ikk/renal-calculi-classificaction/DATASET/SECTION_SURFACE_DATASET/4II-4I/surface/4II_5.jpg,/home/ikk/renal-calculi-classificaction/DATASET/SECTION_SURFACE_DATASET/4II-4I/surface/MASKS/4II_5_mask.png,2,4II-4I,surface,4II_5,4II-4I/surface/4II_5.jpg,2,2,0.014895203,0.08288073,0.880258,0.012308364,0.009657688,3
/home/ikk/renal-calculi-classificaction/DATASET/SECTION_SURFACE_DATASET/4II-4I/surface/4II_2201SE.jpg,/home/ikk/renal-calculi-classificaction/DATASET/SECTION_SURFACE_DATASET/4II-4I/surface/MASKS/4II_2201SE_mask.png,2,4II-4I,surface,4II_2201SE,4II-4I/surface/4II_2201SE.jpg,2,2,0.13623956,0.031162735,0.47478878,0.3233052,0.034503814,3
/home/ikk/renal-calculi-classificaction/DATASET/SECTION_SURFACE_DATASET/4II-4I/section/4II_1920SE.jpg,/home/ikk/renal-calculi-classificaction/DATASET/SECTION_SURFACE_DATASET/4II-4I/section/MASKS/4II_1920SE_mask.png,2,4II-4I,section,4II_1920SE,4II-4I/section/4II_1920SE.jpg,2,2,0.20220262,0.050491203,0.65205127,0.054433838,0.040821042,3
/home/ikk/renal-calculi-classificaction/DATASET/SECTION_SURFACE_DATASET/4II-4I/section/4I_1853SE_2.jpg,/home/ikk/renal-calculi-classificaction/DATASET/SECTION_SURFACE_DATASET/4II-4I/section/MASKS/4I_1853SE_2_mask.png,2,4II-4I,section,4I_1853SE,4II-4I/section/4I_1853SE_2.jpg,2,2,0.1783888,0.088368185,0.4759991,0.09545483,0.16178912,3
/home/ikk/renal-calculi-classificaction/DATASET/SECTION_SURFACE_DATASET/4II-4I/section/4I_COM_2150SE.jpg,/home/ikk/renal-calculi-classificaction/DATASET/SECTION_SURFACE_DATASET/4II-4I/section/MASKS/4I_COM_2150SE_mask.png,2,4II-4I,section,4I_COM_2150SE,4II-4I/section/4I_COM_2150SE.jpg,3,2,0.08593634,0.037423912,0.31391564,0.52029055,0.042433556,3
/home/ikk/renal-calculi-classificaction/DATASET/SECTION_SURFACE_DATASET/4II-4I/section/4II_2659SE.png,/home/ikk/renal-calculi-classificaction/DATASET/SECTION_SURFACE_DATASET/4II-4I/section/MASKS/4II_2659SE_mask.png,2,4II-4I,section,4II_2659SE,4II-4I/section/4II_2659SE.png,2,2,0.08081069,0.19799311,0.59689736,0.07580064,0.048498236,3
/home/ikk/renal-calculi-classificaction/DATASET/SECTION_SURFACE_DATASET/4II-4I/section/4I_1931SE.jpg,/home/ikk/renal-calculi-classificaction/DATASET/SECTION_SURFACE_DATASET/4II-4I/section/MASKS/4I_1931SE_mask.png,2,4II-4I,section,4I_1931SE,4II-4I/section/4I_1931SE.jpg,0,2,0.49848694,0.074488856,0.18165231,0.100291006,0.14508088,3
/home/ikk/renal-calculi-classificaction/DATASET/SECTION_SURFACE_DATASET/4II-4I/section/4I_2531SE.png,/home/ikk/renal-calculi-classificaction/DATASET/SECTION_SURFACE_DATASET/4II-4I/section/MASKS/4I_2531SE_mask.png,2,4II-4I,section,4I_2531SE,4II-4I/section/4I_2531SE.png,3,2,0.08693858,0.0036932596,0.2948985,0.58640933,0.028060332,3
/home/ikk/renal-calculi-classificaction/DATASET/SECTION_SURFACE_DATASET/4II-4I/section/4I_1931SE_2.jpg,/home/ikk/renal-calculi-classificaction/DATASET/SECTION_SURFACE_DATASET/4II-4I/section/MASKS/4I_1931SE_2_mask.png,2,4II-4I,section,4I_1931SE,4II-4I/section/4I_1931SE_2.jpg,2,2,0.26765367,0.0023703384,0.63333213,0.052624986,0.04401888,3
/home/ikk/renal-calculi-classificaction/DATASET/SECTION_SURFACE_DATASET/4II-4I/section/4I_3271SE.jpg,/home/ikk/renal-calculi-classificaction/DATASET/SECTION_SURFACE_DATASET/4II-4I/section/MASKS/4I_3271SE_mask.png,2,4II-4I,section,4I_3271SE,4II-4I/section/4I_3271SE.jpg,2,2,0.13142432,0.015427343,0.5725165,0.15583417,0.124797665,3
/home/ikk/renal-calculi-classificaction/DATASET/SECTION_SURFACE_DATASET/4II-4I/section/4I_2761SE.jpg,/home/ikk/renal-calculi-classificaction/DATASET/SECTION_SURFACE_DATASET/4II-4I/section/MASKS/4I_2761SE_mask.png,2,4II-4I,section,4I_2761SE,4II-4I/section/4I_2761SE.jpg,2,2,0.027863488,0.14879853,0.6224372,0.15631044,0.044590335,3
/home/ikk/renal-calculi-classificaction/DATASET/SECTION_SURFACE_DATASET/4II-4I/section/4II_3040SE.png,/home/ikk/renal-calculi-classificaction/DATASET/SECTION_SURFACE_DATASET/4II-4I/section/MASKS/4II_3040SE_mask.png,2,4II-4I,section,4II_3040SE,4II-4I/section/4II_3040SE.png,3,2,0.08744329,0.02720312,0.20720956,0.3612945,0.31684956,3
/home/ikk/renal-calculi-classificaction/DATASET/SECTION_SURFACE_DATASET/1aI/surface/1aI_COD_sup_1996SE.jpg,/home/ikk/renal-calculi-classificaction/DATASET/SECTION_SURFACE_DATASET/1aI/surface/MASKS/1aI_COD_sup_1996SE_mask.png,0,1aI,surface,1aI_COD_sup_1996SE,1aI/surface/1aI_COD_sup_1996SE.jpg,0,0,0.95379,0.0053562704,0.02969807,0.0059839366,0.005171808,3
/home/ikk/renal-calculi-classificaction/DATASET/SECTION_SURFACE_DATASET/1aI/surface/1aI_1890SE.jpg,/home/ikk/renal-calculi-classificaction/DATASET/SECTION_SURFACE_DATASET/1aI/surface/MASKS/1aI_1890SE_mask.png,0,1aI,surface,1aI_1890SE,1aI/surface/1aI_1890SE.jpg,0,0,0.73136175,0.02438124,0.14694983,0.030763976,0.066543214,3
/home/ikk/renal-calculi-classificaction/DATASET/SECTION_SURFACE_DATASET/1aI/surface/1aI_1986SE.jpg,/home/ikk/renal-calculi-classificaction/DATASET/SECTION_SURFACE_DATASET/1aI/surface/MASKS/1aI_1986SE_mask.png,0,1aI,surface,1aI_1986SE,1aI/surface/1aI_1986SE.jpg,0,0,0.9337317,0.0028859472,0.01976937,0.036081757,0.0075312722,3
/home/ikk/renal-calculi-classificaction/DATASET/SECTION_SURFACE_DATASET/1aI/surface/1aI_2895SE.jpg,/home/ikk/renal-calculi-classificaction/DATASET/SECTION_SURFACE_DATASET/1aI/surface/MASKS/1aI_2895SE_mask.png,0,1aI,surface,1aI_2895SE,1aI/surface/1aI_2895SE.jpg,0,0,0.7444463,0.026528258,0.15772364,0.009049807,0.06225198,3
/home/ikk/renal-calculi-classificaction/DATASET/SECTION_SURFACE_DATASET/1aI/surface/1aI_3199SE.jpg,/home/ikk/renal-calculi-classificaction/DATASET/SECTION_SURFACE_DATASET/1aI/surface/MASKS/1aI_3199SE_mask.png,0,1aI,surface,1aI_3199SE,1aI/surface/1aI_3199SE.jpg,0,0,0.73603094,0.02139709,0.19369261,0.01012869,0.038750693,3
/home/ikk/renal-calculi-classificaction/DATASET/SECTION_SURFACE_DATASET/1aI/surface/1aI_1777SE.jpg,/home/ikk/renal-calculi-classificaction/DATASET/SECTION_SURFACE_DATASET/1aI/surface/MASKS/1aI_1777SE_mask.png,0,1aI,surface,1aI_1777SE,1aI/surface/1aI_1777SE.jpg,0,0,0.8246673,0.044623736,0.08057198,0.01964985,0.03048718,3
/home/ikk/renal-calculi-classificaction/DATASET/SECTION_SURFACE_DATASET/1aI/surface/1aI_1781SE.jpg,/home/ikk/renal-calculi-classificaction/DATASET/SECTION_SURFACE_DATASET/1aI/surface/MASKS/1aI_1781SE_mask.png,0,1aI,surface,1aI_1781SE,1aI/surface/1aI_1781SE.jpg,0,0,0.94707704,0.0039615044,0.018141905,0.015692415,0.01512722,3
/home/ikk/renal-calculi-classificaction/DATASET/SECTION_SURFACE_DATASET/1aI/surface/1aI_COD_sup_1829SE.jpg,/home/ikk/renal-calculi-classificaction/DATASET/SECTION_SURFACE_DATASET/1aI/surface/MASKS/1aI_COD_sup_1829SE_mask.png,0,1aI,surface,1aI_COD_sup_1829SE,1aI/surface/1aI_COD_sup_1829SE.jpg,2,0,0.37677205,0.07034514,0.52861977,0.005132101,0.019130941,3
/home/ikk/renal-calculi-classificaction/DATASET/SECTION_SURFACE_DATASET/1aI/surface/1aI_COD_sup_3317SE.jpg,/home/ikk/renal-calculi-classificaction/DATASET/SECTION_SURFACE_DATASET/1aI/surface/MASKS/1aI_COD_sup_3317SE_mask.png,0,1aI,surface,1aI_COD_sup_3317SE,1aI/surface/1aI_COD_sup_3317SE.jpg,0,0,0.92190117,0.006135252,0.0629316,0.003950715,0.0050813407,3
/home/ikk/renal-calculi-classificaction/DATASET/SECTION_SURFACE_DATASET/1aI/surface/1aI_1947SE.jpg,/home/ikk/renal-calculi-classificaction/DATASET/SECTION_SURFACE_DATASET/1aI/surface/MASKS/1aI_1947SE_mask.png,0,1aI,surface,1aI_1947SE,1aI/surface/1aI_1947SE.jpg,0,0,0.6560732,0.10665828,0.185896,0.010624468,0.040748022,3
/home/ikk/renal-calculi-classificaction/DATASET/SECTION_SURFACE_DATASET/1aI/surface/1aI_2016SE.jpg,/home/ikk/renal-calculi-classificaction/DATASET/SECTION_SURFACE_DATASET/1aI/surface/MASKS/1aI_2016SE_mask.png,0,1aI,surface,1aI_2016SE,1aI/surface/1aI_2016SE.jpg,0,0,0.90653235,0.014049192,0.026018282,0.029524479,0.023875711,3
/home/ikk/renal-calculi-classificaction/DATASET/SECTION_SURFACE_DATASET/1aI/surface/1aI_2798SE.jpg,/home/ikk/renal-calculi-classificaction/DATASET/SECTION_SURFACE_DATASET/1aI/surface/MASKS/1aI_2798SE_mask.png,0,1aI,surface,1aI_2798SE,1aI/surface/1aI_2798SE.jpg,0,0,0.35927215,0.22688892,0.3179997,0.05905225,0.036786903,3
/home/ikk/renal-calculi-classificaction/DATASET/SECTION_SURFACE_DATASET/1aI/section/1aI_2779SE.jpg,/home/ikk/renal-calculi-classificaction/DATASET/SECTION_SURFACE_DATASET/1aI/section/MASKS/1aI_2779SE_mask.png,0,1aI,section,1aI_2779SE,1aI/section/1aI_2779SE.jpg,0,0,0.955619,0.006790339,0.0233879,0.0066594654,0.0075432425,3
/home/ikk/renal-calculi-classificaction/DATASET/SECTION_SURFACE_DATASET/1aI/section/1aI_1947SE_2.jpg,/home/ikk/renal-calculi-classificaction/DATASET/SECTION_SURFACE_DATASET/1aI/section/MASKS/1aI_1947SE_2_mask.png,0,1aI,section,1aI_1947SE,1aI/section/1aI_1947SE_2.jpg,0,0,0.89925534,0.0075395866,0.082678884,0.005524781,0.005001388,3
/home/ikk/renal-calculi-classificaction/DATASET/SECTION_SURFACE_DATASET/6/surface/6_2784SE.jpg,/home/ikk/renal-calculi-classificaction/DATASET/SECTION_SURFACE_DATASET/6/surface/MASKS/6_2784SE_mask.png,3,6,surface,6_2784SE,6/surface/6_2784SE.jpg,3,3,0.074581355,0.016563522,0.2610792,0.5919837,0.055792164,4
/home/ikk/renal-calculi-classificaction/DATASET/SECTION_SURFACE_DATASET/6/surface/6_2351SE.png,/home/ikk/renal-calculi-classificaction/DATASET/SECTION_SURFACE_DATASET/6/surface/MASKS/6_2351SE_mask.png,3,6,surface,6_2351SE,6/surface/6_2351SE.png,3,3,0.09293424,0.1579914,0.31165138,0.40936273,0.02806024,4
/home/ikk/renal-calculi-classificaction/DATASET/SECTION_SURFACE_DATASET/6/section/6_2061SE.jpg,/home/ikk/renal-calculi-classificaction/DATASET/SECTION_SURFACE_DATASET/6/section/MASKS/6_2061SE_mask.png,3,6,section,6_2061SE,6/section/6_2061SE.jpg,3,3,0.0073056943,0.0064594722,0.023866462,0.93965507,0.022713248,4
/home/ikk/renal-calculi-classificaction/DATASET/SECTION_SURFACE_DATASET/6/section/6_3253SE.jpg,/home/ikk/renal-calculi-classificaction/DATASET/SECTION_SURFACE_DATASET/6/section/MASKS/6_3253SE_mask.png,3,6,section,6_3253SE,6/section/6_3253SE.jpg,3,3,0.022259997,0.034934673,0.059624925,0.8650928,0.018087491,4
/home/ikk/renal-calculi-classificaction/DATASET/SECTION_SURFACE_DATASET/8aI - 8aII/surface/8aII_1930SE.jpg,/home/ikk/renal-calculi-classificaction/DATASET/SECTION_SURFACE_DATASET/8aI - 8aII/surface/MASKS/8aII_1930SE_mask.png,4,8aI - 8aII,surface,8aII_1930SE,8aI - 8aII/surface/8aII_1930SE.jpg,4,4,0.23714407,0.0600887,0.07359675,0.22569627,0.4034742,4
/home/ikk/renal-calculi-classificaction/DATASET/SECTION_SURFACE_DATASET/8aI - 8aII/surface/8aII_COM_min_1808SE.jpg,/home/ikk/renal-calculi-classificaction/DATASET/SECTION_SURFACE_DATASET/8aI - 8aII/surface/MASKS/8aII_COM_min_1808SE_mask.png,4,8aI - 8aII,surface,8aII_COM_min_1808SE,8aI - 8aII/surface/8aII_COM_min_1808SE.jpg,4,4,0.17432891,0.09392823,0.16562471,0.04411725,0.5220009,4
/home/ikk/renal-calculi-classificaction/DATASET/SECTION_SURFACE_DATASET/8aI - 8aII/surface/8aII_1936SE_surface.jpg,/home/ikk/renal-calculi-classificaction/DATASET/SECTION_SURFACE_DATASET/8aI - 8aII/surface/MASKS/8aII_1936SE_surface_mask.png,4,8aI - 8aII,surface,8aII_1936SE,8aI - 8aII/surface/8aII_1936SE_surface.jpg,0,4,0.6344361,0.031811774,0.10429383,0.16560018,0.063858055,4
/home/ikk/renal-calculi-classificaction/DATASET/SECTION_SURFACE_DATASET/8aI - 8aII/section/8aII_1936SE_section.jpg,/home/ikk/renal-calculi-classificaction/DATASET/SECTION_SURFACE_DATASET/8aI - 8aII/section/MASKS/8aII_1936SE_section_mask.png,4,8aI - 8aII,section,8aII_1936SE,8aI - 8aII/section/8aII_1936SE_section.jpg,0,4,0.4376482,0.01869651,0.16856143,0.067119725,0.30797413,4
/home/ikk/renal-calculi-classificaction/DATASET/SECTION_SURFACE_DATASET/8aI - 8aII/section/8aII_1936SE_2_.jpg,/home/ikk/renal-calculi-classificaction/DATASET/SECTION_SURFACE_DATASET/8aI - 8aII/section/MASKS/8aII_1936SE_2__mask.png,4,8aI - 8aII,section,8aII_1936SE,8aI - 8aII/section/8aII_1936SE_2_.jpg,0,4,0.7148674,0.02169375,0.068854906,0.10913383,0.085450016,4
/home/ikk/renal-calculi-classificaction/DATASET/SECTION_SURFACE_DATASET/8aI - 8aII/section/8aII_1.jpg,/home/ikk/renal-calculi-classificaction/DATASET/SECTION_SURFACE_DATASET/8aI - 8aII/section/MASKS/8aII_1_mask.png,4,8aI - 8aII,section,8aII_1,8aI - 8aII/section/8aII_1.jpg,4,4,0.15256464,0.044565935,0.15473363,0.046782486,0.60135335,4
/home/ikk/renal-calculi-classificaction/DATASET/SECTION_SURFACE_DATASET/8aI - 8aII/section/8aII_2520SE.png,/home/ikk/renal-calculi-classificaction/DATASET/SECTION_SURFACE_DATASET/8aI - 8aII/section/MASKS/8aII_2520SE_mask.png,4,8aI - 8aII,section,8aII_2520SE,8aI - 8aII/section/8aII_2520SE.png,4,4,0.3894619,0.02976906,0.05135421,0.1052965,0.42411834,4
/home/ikk/renal-calculi-classificaction/DATASET/SECTION_SURFACE_DATASET/8aI - 8aII/section/8aII_3053SE.png,/home/ikk/renal-calculi-classificaction/DATASET/SECTION_SURFACE_DATASET/8aI - 8aII/section/MASKS/8aII_3053SE_mask.png,4,8aI - 8aII,section,8aII_3053SE,8aI - 8aII/section/8aII_3053SE.png,4,4,0.053910743,0.014922493,0.122858234,0.040258233,0.76805025,4
/home/ikk/renal-calculi-classificaction/DATASET/SECTION_SURFACE_DATASET/8aI - 8aII/section/8aII_3118SE.png,/home/ikk/renal-calculi-classificaction/DATASET/SECTION_SURFACE_DATASET/8aI - 8aII/section/MASKS/8aII_3118SE_mask.png,4,8aI - 8aII,section,8aII_3118SE,8aI - 8aII/section/8aII_3118SE.png,4,4,0.114485666,0.22571431,0.08039897,0.04505962,0.5343415,4
/home/ikk/renal-calculi-classificaction/DATASET/SECTION_SURFACE_DATASET/3aII/surface/3aII_3176SE.jpg,/home/ikk/renal-calculi-classificaction/DATASET/SECTION_SURFACE_DATASET/3aII/surface/MASKS/3aII_3176SE_mask.png,1,3aII,surface,3aII_3176SE,3aII/surface/3aII_3176SE.jpg,1,1,0.0112217,0.80563414,0.15426965,0.009070877,0.019803619,4
/home/ikk/renal-calculi-classificaction/DATASET/SECTION_SURFACE_DATASET/3aII/surface/3aII_1994SE.jpg,/home/ikk/renal-calculi-classificaction/DATASET/SECTION_SURFACE_DATASET/3aII/surface/MASKS/3aII_1994SE_mask.png,1,3aII,surface,3aII_1994SE,3aII/surface/3aII_1994SE.jpg,1,1,0.042975523,0.6299582,0.22920421,0.03655417,0.061307855,4
/home/ikk/renal-calculi-classificaction/DATASET/SECTION_SURFACE_DATASET/3aII/surface/3aII_2224SE.jpg,/home/ikk/renal-calculi-classificaction/DATASET/SECTION_SURFACE_DATASET/3aII/surface/MASKS/3aII_2224SE_mask.png,1,3aII,surface,3aII_2224SE,3aII/surface/3aII_2224SE.jpg,1,1,0.25766703,0.28682578,0.17673992,0.06965422,0.20911303,4
/home/ikk/renal-calculi-classificaction/DATASET/SECTION_SURFACE_DATASET/3bII/surface/3bII_2318SE.png,/home/ikk/renal-calculi-classificaction/DATASET/SECTION_SURFACE_DATASET/3bII/surface/MASKS/3bII_2318SE_mask.png,2,3bII,surface,3bII_2318SE,3bII/surface/3bII_2318SE.png,1,2,0.025783727,0.6706488,0.27672887,0.009858721,0.016979855,4
/home/ikk/renal-calculi-classificaction/DATASET/SECTION_SURFACE_DATASET/3bII/surface/3bII_7.png,/home/ikk/renal-calculi-classificaction/DATASET/SECTION_SURFACE_DATASET/3bII/surface/MASKS/3bII_7_mask.png,2,3bII,surface,3bII_7,3bII/surface/3bII_7.png,2,2,0.20034638,0.097089216,0.36584976,0.18530388,0.1514107,4
/home/ikk/renal-calculi-classificaction/DATASET/SECTION_SURFACE_DATASET/3bII/surface/3bII_1995SE.jpg,/home/ikk/renal-calculi-classificaction/DATASET/SECTION_SURFACE_DATASET/3bII/surface/MASKS/3bII_1995SE_mask.png,2,3bII,surface,3bII_1995SE,3bII/surface/3bII_1995SE.jpg,2,2,0.11358912,0.3148712,0.3259219,0.03743455,0.20818329,4
/home/ikk/renal-calculi-classificaction/DATASET/SECTION_SURFACE_DATASET/3bII/surface/3bII_1914SE_2.jpg,/home/ikk/renal-calculi-classificaction/DATASET/SECTION_SURFACE_DATASET/3bII/surface/MASKS/3bII_1914SE_2_mask.png,2,3bII,surface,3bII_1914SE,3bII/surface/3bII_1914SE_2.jpg,2,2,0.10202364,0.2956499,0.4089193,0.13902044,0.054386772,4
/home/ikk/renal-calculi-classificaction/DATASET/SECTION_SURFACE_DATASET/3bII/surface/3bII_1914SE.jpg,/home/ikk/renal-calculi-classificaction/DATASET/SECTION_SURFACE_DATASET/3bII/surface/MASKS/3bII_1914SE_mask.png,2,3bII,surface,3bII_1914SE,3bII/surface/3bII_1914SE.jpg,2,2,0.08655389,0.24464081,0.37887597,0.25298545,0.0369439,4
/home/ikk/renal-calculi-classificaction/DATASET/SECTION_SURFACE_DATASET/3bII/section/3bII_2.png,/home/ikk/renal-calculi-classificaction/DATASET/SECTION_SURFACE_DATASET/3bII/section/MASKS/3bII_2_mask.png,2,3bII,section,3bII_2,3bII/section/3bII_2.png,2,2,0.097023755,0.20616911,0.2936792,0.29135582,0.111772075,4
/home/ikk/renal-calculi-classificaction/DATASET/SECTION_SURFACE_DATASET/3bII/section/3bII_1816SE.jpg,/home/ikk/renal-calculi-classificaction/DATASET/SECTION_SURFACE_DATASET/3bII/section/MASKS/3bII_1816SE_mask.png,2,3bII,section,3bII_1816SE,3bII/section/3bII_1816SE.jpg,1,2,0.13663225,0.5493399,0.2412582,0.008496325,0.06427332,4
/home/ikk/renal-calculi-classificaction/DATASET/SECTION_SURFACE_DATASET/3bII/section/3bII_2495SE.png,/home/ikk/renal-calculi-classificaction/DATASET/SECTION_SURFACE_DATASET/3bII/section/MASKS/3bII_2495SE_mask.png,2,3bII,section,3bII_2495SE,3bII/section/3bII_2495SE.png,0,2,0.5530724,0.16646914,0.20465498,0.019549385,0.05625411,4
/home/ikk/renal-calculi-classificaction/DATASET/SECTION_SURFACE_DATASET/3bII/section/3bII_111111_inventado.jpg,/home/ikk/renal-calculi-classificaction/DATASET/SECTION_SURFACE_DATASET/3bII/section/MASKS/3bII_111111_inventado_mask.png,2,3bII,section,3bII_111111,3bII/section/3bII_111111_inventado.jpg,0,2,0.5846838,0.031315602,0.13689844,0.18205051,0.065051645,4
/home/ikk/renal-calculi-classificaction/DATASET/SECTION_SURFACE_DATASET/3bII/section/3bII_2847SE.jpg,/home/ikk/renal-calculi-classificaction/DATASET/SECTION_SURFACE_DATASET/3bII/section/MASKS/3bII_2847SE_mask.png,2,3bII,section,3bII_2847SE,3bII/section/3bII_2847SE.jpg,2,2,0.07126995,0.2014719,0.44028252,0.26594236,0.021033207,4
/home/ikk/renal-calculi-classificaction/DATASET/SECTION_SURFACE_DATASET/3bII/section/3bII_3476SE.png,/home/ikk/renal-calculi-classificaction/DATASET/SECTION_SURFACE_DATASET/3bII/section/MASKS/3bII_3476SE_mask.png,2,3bII,section,3bII_3476SE,3bII/section/3bII_3476SE.png,2,2,0.17027354,0.1140825,0.43583795,0.16653751,0.113268465,4
/home/ikk/renal-calculi-classificaction/DATASET/SECTION_SURFACE_DATASET/3bII/section/3bII_2043SE_2.jpg,/home/ikk/renal-calculi-classificaction/DATASET/SECTION_SURFACE_DATASET/3bII/section/MASKS/3bII_2043SE_2_mask.png,2,3bII,section,3bII_2043SE,3bII/section/3bII_2043SE_2.jpg,0,2,0.80157167,0.043145694,0.10632752,0.011548291,0.03740681,4
/home/ikk/renal-calculi-classificaction/DATASET/SECTION_SURFACE_DATASET/2a/surface/2a_1878SE.jpg,/home/ikk/renal-calculi-classificaction/DATASET/SECTION_SURFACE_DATASET/2a/surface/MASKS/2a_1878SE_mask.png,0,2a,surface,2a_1878SE,2a/surface/2a_1878SE.jpg,0,0,0.40051013,0.05777695,0.22702082,0.15524884,0.15944321,4
/home/ikk/renal-calculi-classificaction/DATASET/SECTION_SURFACE_DATASET/2a/surface/2a_3500SE_1.png,/home/ikk/renal-calculi-classificaction/DATASET/SECTION_SURFACE_DATASET/2a/surface/MASKS/2a_3500SE_1_mask.png,0,2a,surface,2a_3500SE,2a/surface/2a_3500SE_1.png,0,0,0.91518563,0.011532821,0.015563362,0.017978141,0.03974004,4
/home/ikk/renal-calculi-classificaction/DATASET/SECTION_SURFACE_DATASET/2a/surface/2a_3333SE.jpg,/home/ikk/renal-calculi-classificaction/DATASET/SECTION_SURFACE_DATASET/2a/surface/MASKS/2a_3333SE_mask.png,0,2a,surface,2a_3333SE,2a/surface/2a_3333SE.jpg,0,0,0.6460377,0.052328102,0.05276102,0.08147513,0.16739804,4
/home/ikk/renal-calculi-classificaction/DATASET/SECTION_SURFACE_DATASET/2a/surface/2a_2485SE_1.png,/home/ikk/renal-calculi-classificaction/DATASET/SECTION_SURFACE_DATASET/2a/surface/MASKS/2a_2485SE_1_mask.png,0,2a,surface,2a_2485SE,2a/surface/2a_2485SE_1.png,0,0,0.5490475,0.03549411,0.118218884,0.17654102,0.12069853,4
/home/ikk/renal-calculi-classificaction/DATASET/SECTION_SURFACE_DATASET/2a/surface/2a_3469SE_1.png,/home/ikk/renal-calculi-classificaction/DATASET/SECTION_SURFACE_DATASET/2a/surface/MASKS/2a_3469SE_1_mask.png,0,2a,surface,2a_3469SE,2a/surface/2a_3469SE_1.png,0,0,0.7639823,0.026872877,0.043997485,0.050390355,0.114757024,4
/home/ikk/renal-calculi-classificaction/DATASET/SECTION_SURFACE_DATASET/2a/surface/2a_3337SE.jpg,/home/ikk/renal-calculi-classificaction/DATASET/SECTION_SURFACE_DATASET/2a/surface/MASKS/2a_3337SE_mask.png,0,2a,surface,2a_3337SE,2a/surface/2a_3337SE.jpg,0,0,0.8360198,0.005376182,0.02181948,0.102877066,0.033907477,4
/home/ikk/renal-calculi-classificaction/DATASET/SECTION_SURFACE_DATASET/2a/surface/2a_3098SE.png,/home/ikk/renal-calculi-classificaction/DATASET/SECTION_SURFACE_DATASET/2a/surface/MASKS/2a_3098SE_mask.png,0,2a,surface,2a_3098SE,2a/surface/2a_3098SE.png,0,0,0.89405996,0.02239586,0.0109914215,0.016133785,0.05641902,4
/home/ikk/renal-calculi-classificaction/DATASET/SECTION_SURFACE_DATASET/2a/surface/2a_2297SE_1.png,/home/ikk/renal-calculi-classificaction/DATASET/SECTION_SURFACE_DATASET/2a/surface/MASKS/2a_2297SE_1_mask.png,0,2a,surface,2a_2297SE,2a/surface/2a_2297SE_1.png,0,0,0.6806316,0.030819438,0.026831497,0.14498334,0.11673415,4
/home/ikk/renal-calculi-classificaction/DATASET/SECTION_SURFACE_DATASET/2a/section/2a_3500SE_2.png,/home/ikk/renal-calculi-classificaction/DATASET/SECTION_SURFACE_DATASET/2a/section/MASKS/2a_3500SE_2_mask.png,0,2a,section,2a_3500SE,2a/section/2a_3500SE_2.png,0,0,0.8380229,0.0067581884,0.053071633,0.029551346,0.07259597,4
/home/ikk/renal-calculi-classificaction/DATASET/SECTION_SURFACE_DATASET/2a/section/2a_COD_sup_2283SE.png,/home/ikk/renal-calculi-classificaction/DATASET/SECTION_SURFACE_DATASET/2a/section/MASKS/2a_COD_sup_2283SE_mask.png,0,2a,section,2a_COD_sup_2283SE,2a/section/2a_COD_sup_2283SE.png,0,0,0.69152075,0.081377074,0.06974834,0.03919789,0.11815591,4
/home/ikk/renal-calculi-classificaction/DATASET/SECTION_SURFACE_DATASET/2a/section/2a_2077SE.jpg,/home/ikk/renal-calculi-classificaction/DATASET/SECTION_SURFACE_DATASET/2a/section/MASKS/2a_2077SE_mask.png,0,2a,section,2a_2077SE,2a/section/2a_2077SE.jpg,0,0,0.5988951,0.03680439,0.12023753,0.088591956,0.15547103,4
/home/ikk/renal-calculi-classificaction/DATASET/SECTION_SURFACE_DATASET/2a/section/2aCOD_sup_1.jpg,/home/ikk/renal-calculi-classificaction/DATASET/SECTION_SURFACE_DATASET/2a/section/MASKS/2aCOD_sup_1_mask.png,0,2a,section,2aCOD_sup_1,2a/section/2aCOD_sup_1.jpg,0,0,0.7531771,0.03859572,0.059225015,0.034080993,0.114921264,4
/home/ikk/renal-calculi-classificaction/DATASET/SECTION_SURFACE_DATASET/2a/section/2a_2602SE.png,/home/ikk/renal-calculi-classificaction/DATASET/SECTION_SURFACE_DATASET/2a/section/MASKS/2a_2602SE_mask.png,0,2a,section,2a_2602SE,2a/section/2a_2602SE.png,0,0,0.77434355,0.018460693,0.03784231,0.033960033,0.13539335,4
/home/ikk/renal-calculi-classificaction/DATASET/SECTION_SURFACE_DATASET/2a/section/2a_2869SE.jpg,/home/ikk/renal-calculi-classificaction/DATASET/SECTION_SURFACE_DATASET/2a/section/MASKS/2a_2869SE_mask.png,0,2a,section,2a_2869SE,2a/section/2a_2869SE.jpg,0,0,0.86938554,0.0106855,0.017449567,0.048714813,0.05376465,4
/home/ikk/renal-calculi-classificaction/DATASET/SECTION_SURFACE_DATASET/2a/section/2a_2049SE.jpg,/home/ikk/renal-calculi-classificaction/DATASET/SECTION_SURFACE_DATASET/2a/section/MASKS/2a_2049SE_mask.png,0,2a,section,2a_2049SE,2a/section/2a_2049SE.jpg,0,0,0.8213424,0.03160684,0.06739042,0.026954444,0.05270596,4
/home/ikk/renal-calculi-classificaction/DATASET/SECTION_SURFACE_DATASET/2a/section/2a_2297SE_2.png,/home/ikk/renal-calculi-classificaction/DATASET/SECTION_SURFACE_DATASET/2a/section/MASKS/2a_2297SE_2_mask.png,0,2a,section,2a_2297SE,2a/section/2a_2297SE_2.png,0,0,0.8790717,0.008333455,0.031828914,0.04254153,0.038224407,4
/home/ikk/renal-calculi-classificaction/DATASET/SECTION_SURFACE_DATASET/2a/section/2a_2485SE_2.png,/home/ikk/renal-calculi-classificaction/DATASET/SECTION_SURFACE_DATASET/2a/section/MASKS/2a_2485SE_2_mask.png,0,2a,section,2a_2485SE,2a/section/2a_2485SE_2.png,0,0,0.6367116,0.08055227,0.07087612,0.17234953,0.039510537,4
/home/ikk/renal-calculi-classificaction/DATASET/SECTION_SURFACE_DATASET/2a/section/2a_3469SE_2.png,/home/ikk/renal-calculi-classificaction/DATASET/SECTION_SURFACE_DATASET/2a/section/MASKS/2a_3469SE_2_mask.png,0,2a,section,2a_3469SE,2a/section/2a_3469SE_2.png,0,0,0.61951727,0.05924747,0.08327149,0.07103928,0.1669245,4
/home/ikk/renal-calculi-classificaction/DATASET/SECTION_SURFACE_DATASET/2a/section/2a_2710SE.jpg,/home/ikk/renal-calculi-classificaction/DATASET/SECTION_SURFACE_DATASET/2a/section/MASKS/2a_2710SE_mask.png,0,2a,section,2a_2710SE,2a/section/2a_2710SE.jpg,0,0,0.53297716,0.05028569,0.08084058,0.060423717,0.27547285,4
/home/ikk/renal-calculi-classificaction/DATASET/SECTION_SURFACE_DATASET/2a/section/2a_1878SE_2.jpg,/home/ikk/renal-calculi-classificaction/DATASET/SECTION_SURFACE_DATASET/2a/section/MASKS/2a_1878SE_2_mask.png,0,2a,section,2a_1878SE,2a/section/2a_1878SE_2.jpg,0,0,0.37280926,0.13992596,0.21937665,0.056482133,0.21140599,4
/home/ikk/renal-calculi-classificaction/DATASET/SECTION_SURFACE_DATASET/2a/section/2a_1938SE.jpg,/home/ikk/renal-calculi-classificaction/DATASET/SECTION_SURFACE_DATASET/2a/section/MASKS/2a_1938SE_mask.png,0,2a,section,2a_1938SE,2a/section/2a_1938SE.jpg,0,0,0.61512995,0.10477538,0.099724144,0.039658323,0.14071225,4
/home/ikk/renal-calculi-classificaction/DATASET/SECTION_SURFACE_DATASET/4II-4I/surface/4II_1825SE.jpg,/home/ikk/renal-calculi-classificaction/DATASET/SECTION_SURFACE_DATASET/4II-4I/surface/MASKS/4II_1825SE_mask.png,2,4II-4I,surface,4II_1825SE,4II-4I/surface/4II_1825SE.jpg,0,2,0.8048472,0.016576413,0.060490977,0.012241821,0.1058436,4
/home/ikk/renal-calculi-classificaction/DATASET/SECTION_SURFACE_DATASET/4II-4I/surface/4II_4.jpg,/home/ikk/renal-calculi-classificaction/DATASET/SECTION_SURFACE_DATASET/4II-4I/surface/MASKS/4II_4_mask.png,2,4II-4I,surface,4II_4,4II-4I/surface/4II_4.jpg,1,2,0.11269858,0.38549277,0.31436044,0.124924764,0.062523454,4
/home/ikk/renal-calculi-classificaction/DATASET/SECTION_SURFACE_DATASET/4II-4I/surface/4I_2157SE.jpg,/home/ikk/renal-calculi-classificaction/DATASET/SECTION_SURFACE_DATASET/4II-4I/surface/MASKS/4I_2157SE_mask.png,2,4II-4I,surface,4I_2157SE,4II-4I/surface/4I_2157SE.jpg,4,2,0.16028786,0.058158655,0.12526949,0.27478838,0.38149562,4
/home/ikk/renal-calculi-classificaction/DATASET/SECTION_SURFACE_DATASET/4II-4I/section/4II_1825SE_2.jpg,/home/ikk/renal-calculi-classificaction/DATASET/SECTION_SURFACE_DATASET/4II-4I/section/MASKS/4II_1825SE_2_mask.png,2,4II-4I,section,4II_1825SE,4II-4I/section/4II_1825SE_2.jpg,3,2,0.16130619,0.052793276,0.3121375,0.40889314,0.06486988,4
/home/ikk/renal-calculi-classificaction/DATASET/SECTION_SURFACE_DATASET/4II-4I/section/4II_2995SE.jpg,/home/ikk/renal-calculi-classificaction/DATASET/SECTION_SURFACE_DATASET/4II-4I/section/MASKS/4II_2995SE_mask.png,2,4II-4I,section,4II_2995SE,4II-4I/section/4II_2995SE.jpg,2,2,0.062286146,0.13221258,0.5338865,0.15248129,0.119133465,4
/home/ikk/renal-calculi-classificaction/DATASET/SECTION_SURFACE_DATASET/4II-4I/section/4I_2427SE.png,/home/ikk/renal-calculi-classificaction/DATASET/SECTION_SURFACE_DATASET/4II-4I/section/MASKS/4I_2427SE_mask.png,2,4II-4I,section,4I_2427SE,4II-4I/section/4I_2427SE.png,0,2,0.52411604,0.044442818,0.31450656,0.0643003,0.052634228,4
/home/ikk/renal-calculi-classificaction/DATASET/SECTION_SURFACE_DATASET/4II-4I/section/4I_2021SE.jpg,/home/ikk/renal-calculi-classificaction/DATASET/SECTION_SURFACE_DATASET/4II-4I/section/MASKS/4I_2021SE_mask.png,2,4II-4I,section,4I_2021SE,4II-4I/section/4I_2021SE.jpg,0,2,0.5656067,0.098209925,0.2771677,0.027927866,0.03108772,4
/home/ikk/renal-calculi-classificaction/DATASET/SECTION_SURFACE_DATASET/4II-4I/section/4II_3012SE.jpg,/home/ikk/renal-calculi-classificaction/DATASET/SECTION_SURFACE_DATASET/4II-4I/section/MASKS/4II_3012SE_mask.png,2,4II-4I,section,4II_3012SE,4II-4I/section/4II_3012SE.jpg,3,2,0.04077651,0.081503816,0.37756667,0.4849859,0.015167072,4
/home/ikk/renal-calculi-classificaction/DATASET/SECTION_SURFACE_DATASET/4II-4I/section/4I_3380SE.jpg,/home/ikk/renal-calculi-classificaction/DATASET/SECTION_SURFACE_DATASET/4II-4I/section/MASKS/4I_3380SE_mask.png,2,4II-4I,section,4I_3380SE,4II-4I/section/4I_3380SE.jpg,0,2,0.64682305,0.01004447,0.1943835,0.13419059,0.014558298,4
/home/ikk/renal-calculi-classificaction/DATASET/SECTION_SURFACE_DATASET/4II-4I/section/4II_2213SE.jpg,/home/ikk/renal-calculi-classificaction/DATASET/SECTION_SURFACE_DATASET/4II-4I/section/MASKS/4II_2213SE_mask.png,2,4II-4I,section,4II_2213SE,4II-4I/section/4II_2213SE.jpg,0,2,0.32151747,0.079498984,0.27537948,0.18989614,0.13370802,4
/home/ikk/renal-calculi-classificaction/DATASET/SECTION_SURFACE_DATASET/4II-4I/section/4I_COM_3445SE.jpg,/home/ikk/renal-calculi-classificaction/DATASET/SECTION_SURFACE_DATASET/4II-4I/section/MASKS/4I_COM_3445SE_mask.png,2,4II-4I,section,4I_COM_3445SE,4II-4I/section/4I_COM_3445SE.jpg,3,2,0.255011,0.017890364,0.10374369,0.46825138,0.15510361,4
/home/ikk/renal-calculi-classificaction/DATASET/SECTION_SURFACE_DATASET/4II-4I/section/4II_2620SE.png,/home/ikk/renal-calculi-classificaction/DATASET/SECTION_SURFACE_DATASET/4II-4I/section/MASKS/4II_2620SE_mask.png,2,4II-4I,section,4II_2620SE,4II-4I/section/4II_2620SE.png,0,2,0.32762593,0.119194105,0.30948842,0.08142626,0.1622653,4
/home/ikk/renal-calculi-classificaction/DATASET/SECTION_SURFACE_DATASET/4II-4I/section/4II_8.png,/home/ikk/renal-calculi-classificaction/DATASET/SECTION_SURFACE_DATASET/4II-4I/section/MASKS/4II_8_mask.png,2,4II-4I,section,4II_8,4II-4I/section/4II_8.png,3,2,0.062137302,0.15696427,0.3489878,0.40243608,0.029474612,4
/home/ikk/renal-calculi-classificaction/DATASET/SECTION_SURFACE_DATASET/1aI/surface/1aI_2004SE_1.jpg,/home/ikk/renal-calculi-classificaction/DATASET/SECTION_SURFACE_DATASET/1aI/surface/MASKS/1aI_2004SE_1_mask.png,0,1aI,surface,1aI_2004SE,1aI/surface/1aI_2004SE_1.jpg,0,0,0.5852884,0.16285163,0.11951832,0.021235347,0.111106254,4
/home/ikk/renal-calculi-classificaction/DATASET/SECTION_SURFACE_DATASET/1aI/surface/1aI_3206SE_1.jpg,/home/ikk/renal-calculi-classificaction/DATASET/SECTION_SURFACE_DATASET/1aI/surface/MASKS/1aI_3206SE_1_mask.png,0,1aI,surface,1aI_3206SE,1aI/surface/1aI_3206SE_1.jpg,0,0,0.41598487,0.16972503,0.064363055,0.0484547,0.3014723,4
/home/ikk/renal-calculi-classificaction/DATASET/SECTION_SURFACE_DATASET/1aI/surface/1aI_2857SE_1.jpg,/home/ikk/renal-calculi-classificaction/DATASET/SECTION_SURFACE_DATASET/1aI/surface/MASKS/1aI_2857SE_1_mask.png,0,1aI,surface,1aI_2857SE,1aI/surface/1aI_2857SE_1.jpg,0,0,0.6622779,0.07136979,0.0792926,0.09854791,0.088511705,4
/home/ikk/renal-calculi-classificaction/DATASET/SECTION_SURFACE_DATASET/1aI/surface/1aI_3369SE.jpg,/home/ikk/renal-calculi-classificaction/DATASET/SECTION_SURFACE_DATASET/1aI/surface/MASKS/1aI_3369SE_mask.png,0,1aI,surface,1aI_3369SE,1aI/surface/1aI_3369SE.jpg,2,0,0.23137426,0.17998889,0.33114302,0.018753683,0.23874016,4
/home/ikk/renal-calculi-classificaction/DATASET/SECTION_SURFACE_DATASET/1aI/surface/1aI_3292SE_2.jpg,/home/ikk/renal-calculi-classificaction/DATASET/SECTION_SURFACE_DATASET/1aI/surface/MASKS/1aI_3292SE_2_mask.png,0,1aI,surface,1aI_3292SE,1aI/surface/1aI_3292SE_2.jpg,4,0,0.25228688,0.09021902,0.09214866,0.10037245,0.46497297,4
/home/ikk/renal-calculi-classificaction/DATASET/SECTION_SURFACE_DATASET/1aI/surface/1aI_3292SE_1.jpg,/home/ikk/renal-calculi-classificaction/DATASET/SECTION_SURFACE_DATASET/1aI/surface/MASKS/1aI_3292SE_1_mask.png,0,1aI,surface,1aI_3292SE,1aI/surface/1aI_3292SE_1.jpg,4,0,0.18475816,0.072401576,0.16175905,0.07016277,0.51091844,4
/home/ikk/renal-calculi-classificaction/DATASET/SECTION_SURFACE_DATASET/1aI/surface/1aI_2046SE_1.jpg,/home/ikk/renal-calculi-classificaction/DATASET/SECTION_SURFACE_DATASET/1aI/surface/MASKS/1aI_2046SE_1_mask.png,0,1aI,surface,1aI_2046SE,1aI/surface/1aI_2046SE_1.jpg,0,0,0.8007902,0.020449908,0.043449294,0.03484636,0.10046432,4
/home/ikk/renal-calculi-classificaction/DATASET/SECTION_SURFACE_DATASET/1aI/surface/1aI_2138SE_1.jpg,/home/ikk/renal-calculi-classificaction/DATASET/SECTION_SURFACE_DATASET/1aI/surface/MASKS/1aI_2138SE_1_mask.png,0,1aI,surface,1aI_2138SE,1aI/surface/1aI_2138SE_1.jpg,0,0,0.71117246,0.021355715,0.05685561,0.04481638,0.1657999,4
/home/ikk/renal-calculi-classificaction/DATASET/SECTION_SURFACE_DATASET/1aI/surface/1aI_2004SE_2.jpg,/home/ikk/renal-calculi-classificaction/DATASET/SECTION_SURFACE_DATASET/1aI/surface/MASKS/1aI_2004SE_2_mask.png,0,1aI,surface,1aI_2004SE,1aI/surface/1aI_2004SE_2.jpg,0,0,0.7383432,0.05106524,0.067550026,0.06667802,0.07636355,4
/home/ikk/renal-calculi-classificaction/DATASET/SECTION_SURFACE_DATASET/1aI/surface/1aI_3292SE_3.jpg,/home/ikk/renal-calculi-classificaction/DATASET/SECTION_SURFACE_DATASET/1aI/surface/MASKS/1aI_3292SE_3_mask.png,0,1aI,surface,1aI_3292SE,1aI/surface/1aI_3292SE_3.jpg,4,0,0.28824747,0.120981805,0.09837714,0.04603869,0.4463549,4
/home/ikk/renal-calculi-classificaction/DATASET/SECTION_SURFACE_DATASET/1aI/section/1aI_3292SE_5.jpg,/home/ikk/renal-calculi-classificaction/DATASET/SECTION_SURFACE_DATASET/1aI/section/MASKS/1aI_3292SE_5_mask.png,0,1aI,section,1aI_3292SE,1aI/section/1aI_3292SE_5.jpg,0,0,0.49829185,0.06242683,0.16122508,0.12306413,0.15499204,4
/home/ikk/renal-calculi-classificaction/DATASET/SECTION_SURFACE_DATASET/1aI/section/1aI_2046SE_3.jpg,/home/ikk/renal-calculi-classificaction/DATASET/SECTION_SURFACE_DATASET/1aI/section/MASKS/1aI_2046SE_3_mask.png,0,1aI,section,1aI_2046SE,1aI/section/1aI_2046SE_3.jpg,0,0,0.892211,0.006618156,0.01790408,0.01728305,0.06598378,4
/home/ikk/renal-calculi-classificaction/DATASET/SECTION_SURFACE_DATASET/1aI/section/1aI_COD_sup_2058SE.jpg,/home/ikk/renal-calculi-classificaction/DATASET/SECTION_SURFACE_DATASET/1aI/section/MASKS/1aI_COD_sup_2058SE_mask.png,0,1aI,section,1aI_COD_sup_2058SE,1aI/section/1aI_COD_sup_2058SE.jpg,2,0,0.3152161,0.078825295,0.31594807,0.21469267,0.075317845,4
/home/ikk/renal-calculi-classificaction/DATASET/SECTION_SURFACE_DATASET/1aI/section/1aI_COD_sup_3291SE_2.jpg,/home/ikk/renal-calculi-classificaction/DATASET/SECTION_SURFACE_DATASET/1aI/section/MASKS/1aI_COD_sup_3291SE_2_mask.png,0,1aI,section,1aI_COD_sup_3291SE,1aI/section/1aI_COD_sup_3291SE_2.jpg,0,0,0.67796797,0.029896393,0.07775174,0.13718951,0.07719438,4
/home/ikk/renal-calculi-classificaction/DATASET/SECTION_SURFACE_DATASET/1aI/section/1aI_2046SE_2.jpg,/home/ikk/renal-calculi-classificaction/DATASET/SECTION_SURFACE_DATASET/1aI/section/MASKS/1aI_2046SE_2_mask.png,0,1aI,section,1aI_2046SE,1aI/section/1aI_2046SE_2.jpg,0,0,0.85689884,0.019022869,0.023983102,0.016485281,0.083609894,4
/home/ikk/renal-calculi-classificaction/DATASET/SECTION_SURFACE_DATASET/1aI/section/1aI_2138SE_2.jpg,/home/ikk/renal-calculi-classificaction/DATASET/SECTION_SURFACE_DATASET/1aI/section/MASKS/1aI_2138SE_2_mask.png,0,1aI,section,1aI_2138SE,1aI/section/1aI_2138SE_2.jpg,0,0,0.8921759,0.0032283638,0.01953951,0.005938189,0.079117924,4
/home/ikk/renal-calculi-classificaction/DATASET/SECTION_SURFACE_DATASET/1aI/section/1aI_3292SE_4.jpg,/home/ikk/renal-calculi-classificaction/DATASET/SECTION_SURFACE_DATASET/1aI/section/MASKS/1aI_3292SE_4_mask.png,0,1aI,section,1aI_3292SE,1aI/section/1aI_3292SE_4.jpg,4,0,0.3260617,0.075492136,0.074993715,0.039178915,0.4842736,4
