image_path,mask_path,label,folder,view,stone_id,pred,true,fold,prob_COM,prob_COD,prob_Mixto,prob_Infeccioso,prob_Urico
/home/ikk/renal-calculi-classificaction/DATASET/RESIZED/6/surface/6_2662SE_surface.png,/home/ikk/renal-calculi-classificaction/DATASET/RESIZED/6/surface/MASKS/6_2662SE_surface_mask.png,3,6,surface,6_2662SE,1,3,1,0.025365924,0.59256727,0.18243839,0.15778467,0.041843735
/home/ikk/renal-calculi-classificaction/DATASET/RESIZED/6/surface/6_3260SE.jpg,/home/ikk/renal-calculi-classificaction/DATASET/RESIZED/6/surface/MASKS/6_3260SE_mask.png,3,6,surface,6_3260SE,3,3,1,0.0037131817,0.0011019266,0.004947848,0.98898613,0.0012509003
/home/ikk/renal-calculi-classificaction/DATASET/RESIZED/6/surface/6_2365SE_1.png,/home/ikk/renal-calculi-classificaction/DATASET/RESIZED/6/surface/MASKS/6_2365SE_1_mask.png,3,6,surface,6_2365SE,3,3,1,0.040289808,0.00876044,0.019242646,0.9111407,0.020566477
/home/ikk/renal-calculi-classificaction/DATASET/RESIZED/6/section/6_2535SE_1.png,/home/ikk/renal-calculi-classificaction/DATASET/RESIZED/6/section/MASKS/6_2535SE_1_mask.png,3,6,section,6_2535SE,2,3,1,0.029229645,0.053414978,0.81658494,0.092238106,0.008532359
/home/ikk/renal-calculi-classificaction/DATASET/RESIZED/6/section/6_2662SE_section.png,/home/ikk/renal-calculi-classificaction/DATASET/RESIZED/6/section/MASKS/6_2662SE_section_mask.png,3,6,section,6_2662SE,3,3,1,0.03517998,0.028508864,0.35328224,0.5751633,0.007865618
/home/ikk/renal-calculi-classificaction/DATASET/RESIZED/6/section/6_2535SE_2.png,/home/ikk/renal-calculi-classificaction/DATASET/RESIZED/6/section/MASKS/6_2535SE_2_mask.png,3,6,section,6_2535SE,3,3,1,0.02489075,0.012526082,0.11779501,0.8357219,0.009066226
/home/ikk/renal-calculi-classificaction/DATASET/RESIZED/6/section/6_3198SE.jpg,/home/ikk/renal-calculi-classificaction/DATASET/RESIZED/6/section/MASKS/6_3198SE_mask.png,3,6,section,6_3198SE,0,3,1,0.6673113,0.031274326,0.16778134,0.0051914677,0.12844154
/home/ikk/renal-calculi-classificaction/DATASET/RESIZED/6/section/6_2365SE_2.png,/home/ikk/renal-calculi-classificaction/DATASET/RESIZED/6/section/MASKS/6_2365SE_2_mask.png,3,6,section,6_2365SE,3,3,1,0.037886504,0.013458358,0.23056227,0.70231056,0.015782265
/home/ikk/renal-calculi-classificaction/DATASET/RESIZED/6/section/6_2212SE.jpg,/home/ikk/renal-calculi-classificaction/DATASET/RESIZED/6/section/MASKS/6_2212SE_mask.png,3,6,section,6_2212SE,3,3,1,0.008667527,0.0022480364,0.015211737,0.97257215,0.0013004867
/home/ikk/renal-calculi-classificaction/DATASET/RESIZED/8aI - 8aII/surface/8aII_2951SE.jpg,/home/ikk/renal-calculi-classificaction/DATASET/RESIZED/8aI - 8aII/surface/MASKS/8aII_2951SE_mask.png,4,8aI - 8aII,surface,8aII_2951SE,4,4,1,0.029571956,0.010750125,0.014835867,0.019788587,0.9250535
/home/ikk/renal-calculi-classificaction/DATASET/RESIZED/8aI - 8aII/surface/8aI_2044SE_1.jpg,/home/ikk/renal-calculi-classificaction/DATASET/RESIZED/8aI - 8aII/surface/MASKS/8aI_2044SE_1_mask.png,4,8aI - 8aII,surface,8aI_2044SE,2,4,1,0.021865197,0.010050453,0.7344544,0.2069866,0.026643423
/home/ikk/renal-calculi-classificaction/DATASET/RESIZED/8aI - 8aII/surface/8aII_2826SE.jpg,/home/ikk/renal-calculi-classificaction/DATASET/RESIZED/8aI - 8aII/surface/MASKS/8aII_2826SE_mask.png,4,8aI - 8aII,surface,8aII_2826SE,4,4,1,0.040893663,0.010072835,0.010273288,0.008524582,0.9302356
/home/ikk/renal-calculi-classificaction/DATASET/RESIZED/8aI - 8aII/section/8aII_2106SE.jpg,/home/ikk/renal-calculi-classificaction/DATASET/RESIZED/8aI - 8aII/section/MASKS/8aII_2106SE_mask.png,4,8aI - 8aII,section,8aII_2106SE,0,4,1,0.38849062,0.092455715,0.30909535,0.047624577,0.16233373
/home/ikk/renal-calculi-classificaction/DATASET/RESIZED/8aI - 8aII/section/8aI_2044SE_2.jpg,/home/ikk/renal-calculi-classificaction/DATASET/RESIZED/8aI - 8aII/section/MASKS/8aI_2044SE_2_mask.png,4,8aI - 8aII,section,8aI_2044SE,4,4,1,0.3099441,0.023476992,0.2955402,0.019311113,0.3517276
/home/ikk/renal-calculi-classificaction/DATASET/RESIZED/8aI - 8aII/section/8aII_2515SE.png,/home/ikk/renal-calculi-classificaction/DATASET/RESIZED/8aI - 8aII/section/MASKS/8aII_2515SE_mask.png,4,8aI - 8aII,section,8aII_2515SE,0,4,1,0.5797903,0.020339418,0.04748636,0.005819235,0.34656465
/home/ikk/renal-calculi-classificaction/DATASET/RESIZED/8aI - 8aII/section/8aII_3102SE.png,/home/ikk/renal-calculi-classificaction/DATASET/RESIZED/8aI - 8aII/section/MASKS/8aII_3102SE_mask.png,4,8aI - 8aII,section,8aII_3102SE,4,4,1,0.004222893,0.0112622725,0.008955759,0.0029355688,0.97262347
/home/ikk/renal-calculi-classificaction/DATASET/RESIZED/3aII/surface/3aII_2047SE.jpg,/home/ikk/renal-calculi-classificaction/DATASET/RESIZED/3aII/surface/MASKS/3aII_2047SE_mask.png,1,3aII,surface,3aII_2047SE,2,1,1,0.15098368,0.11292273,0.72482514,0.00515468,0.006113814
/home/ikk/renal-calculi-classificaction/DATASET/RESIZED/3aII/surface/3aII_3381SE.jpg,/home/ikk/renal-calculi-classificaction/DATASET/RESIZED/3aII/surface/MASKS/3aII_3381SE_mask.png,1,3aII,surface,3aII_3381SE,2,1,1,0.109256126,0.15603621,0.6983626,0.023699792,0.01264526
/home/ikk/renal-calculi-classificaction/DATASET/RESIZED/3aII/surface/3aII_2682SE.png,/home/ikk/renal-calculi-classificaction/DATASET/RESIZED/3aII/surface/MASKS/3aII_2682SE_mask.png,1,3aII,surface,3aII_2682SE,0,1,1,0.33896822,0.25778115,0.111902975,0.021794917,0.2695527
/home/ikk/renal-calculi-classificaction/DATASET/RESIZED/3bII/surface/3bII_2024SE.jpg,/home/ikk/renal-calculi-classificaction/DATASET/RESIZED/3bII/surface/MASKS/3bII_2024SE_mask.png,2,3bII,surface,3bII_2024SE,2,2,1,0.06204706,0.08582598,0.839197,0.00680377,0.006126226
/home/ikk/renal-calculi-classificaction/DATASET/RESIZED/3bII/surface/3bII_1863SE.jpg,/home/ikk/renal-calculi-classificaction/DATASET/RESIZED/3bII/surface/MASKS/3bII_1863SE_mask.png,2,3bII,surface,3bII_1863SE,0,2,1,0.8216403,0.018049248,0.115067035,0.0041506123,0.041092817
/home/ikk/renal-calculi-classificaction/DATASET/RESIZED/3bII/surface/3bII_2434SE.png,/home/ikk/renal-calculi-classificaction/DATASET/RESIZED/3bII/surface/MASKS/3bII_2434SE_mask.png,2,3bII,surface,3bII_2434SE,2,2,1,0.31388444,0.031879432,0.63637155,0.003924241,0.01394034
/home/ikk/renal-calculi-classificaction/DATASET/RESIZED/3bII/surface/3bII_3007SE.jpg,/home/ikk/renal-calculi-classificaction/DATASET/RESIZED/3bII/surface/MASKS/3bII_3007SE_mask.png,2,3bII,surface,3bII_3007SE,2,2,1,0.012930188,0.0061207567,0.9659213,0.012652663,0.002375074
/home/ikk/renal-calculi-classificaction/DATASET/RESIZED/3bII/surface/3bII_2258SE.png,/home/ikk/renal-calculi-classificaction/DATASET/RESIZED/3bII/surface/MASKS/3bII_2258SE_mask.png,2,3bII,surface,3bII_2258SE,2,2,1,0.009971407,0.013317138,0.9306228,0.039801348,0.0062873256
/home/ikk/renal-calculi-classificaction/DATASET/RESIZED/3bII/surface/3bII_2699SE.jpg,/home/ikk/renal-calculi-classificaction/DATASET/RESIZED/3bII/surface/MASKS/3bII_2699SE_mask.png,2,3bII,surface,3bII_2699SE,0,2,1,0.5386472,0.121702895,0.3101727,0.013211205,0.016266039
/home/ikk/renal-calculi-classificaction/DATASET/RESIZED/3bII/surface/3bII_2251SE.png,/home/ikk/renal-calculi-classificaction/DATASET/RESIZED/3bII/surface/MASKS/3bII_2251SE_mask.png,2,3bII,surface,3bII_2251SE,2,2,1,0.02418398,0.17093638,0.7155691,0.07700785,0.012302663
/home/ikk/renal-calculi-classificaction/DATASET/RESIZED/3bII/surface/3bII_1985SE_1.jpg,/home/ikk/renal-calculi-classificaction/DATASET/RESIZED/3bII/surface/MASKS/3bII_1985SE_1_mask.png,2,3bII,surface,3bII_1985SE,2,2,1,0.025878042,0.011050603,0.9055085,0.04899492,0.008567929
/home/ikk/renal-calculi-classificaction/DATASET/RESIZED/3bII/section/3bII_3069SE.png,/home/ikk/renal-calculi-classificaction/DATASET/RESIZED/3bII/section/MASKS/3bII_3069SE_mask.png,2,3bII,section,3bII_3069SE,2,2,1,0.10222236,0.15433335,0.47089508,0.046102457,0.22644676
/home/ikk/renal-calculi-classificaction/DATASET/RESIZED/3bII/section/3bII_1985SE_2.jpg,/home/ikk/renal-calculi-classificaction/DATASET/RESIZED/3bII/section/MASKS/3bII_1985SE_2_mask.png,2,3bII,section,3bII_1985SE,1,2,1,0.084348805,0.42541918,0.23662914,0.22902013,0.024582673
/home/ikk/renal-calculi-classificaction/DATASET/RESIZED/3bII/section/3bII_MO_1868SE.jpg,/home/ikk/renal-calculi-classificaction/DATASET/RESIZED/3bII/section/MASKS/3bII_MO_1868SE_mask.png,2,3bII,section,3bII_MO_1868SE,2,2,1,0.039377652,0.15893662,0.7542901,0.028675951,0.018719696
/home/ikk/renal-calculi-classificaction/DATASET/RESIZED/3bII/section/3bII_1804SE.jpg,/home/ikk/renal-calculi-classificaction/DATASET/RESIZED/3bII/section/MASKS/3bII_1804SE_mask.png,2,3bII,section,3bII_1804SE,2,2,1,0.3144166,0.12044953,0.5285576,0.005779681,0.030796593
/home/ikk/renal-calculi-classificaction/DATASET/RESIZED/3bII/section/3bII_1941SE.jpg,/home/ikk/renal-calculi-classificaction/DATASET/RESIZED/3bII/section/MASKS/3bII_1941SE_mask.png,2,3bII,section,3bII_1941SE,2,2,1,0.047382567,0.012697984,0.92423254,0.009128125,0.0065588322
/home/ikk/renal-calculi-classificaction/DATASET/RESIZED/3bII/section/3bII_2759SE.jpg,/home/ikk/renal-calculi-classificaction/DATASET/RESIZED/3bII/section/MASKS/3bII_2759SE_mask.png,2,3bII,section,3bII_2759SE,2,2,1,0.26872307,0.009217918,0.6991668,0.019522611,0.0033696091
/home/ikk/renal-calculi-classificaction/DATASET/RESIZED/2a/surface/2a_1796SE_2.jpg,/home/ikk/renal-calculi-classificaction/DATASET/RESIZED/2a/surface/MASKS/2a_1796SE_2_mask.png,0,2a,surface,2a_1796SE,0,0,1,0.70942366,0.019728214,0.17375048,0.0058027594,0.09129487
/home/ikk/renal-calculi-classificaction/DATASET/RESIZED/2a/surface/2a_2156SE.jpg,/home/ikk/renal-calculi-classificaction/DATASET/RESIZED/2a/surface/MASKS/2a_2156SE_mask.png,0,2a,surface,2a_2156SE,0,0,1,0.65903246,0.03794756,0.23475009,0.0366347,0.031635154
/home/ikk/renal-calculi-classificaction/DATASET/RESIZED/2a/surface/2a_1782SE_surface.jpg,/home/ikk/renal-calculi-classificaction/DATASET/RESIZED/2a/surface/MASKS/2a_1782SE_surface_mask.png,0,2a,surface,2a_1782SE,0,0,1,0.59818584,0.03690171,0.33427143,0.00401815,0.026622875
/home/ikk/renal-calculi-classificaction/DATASET/RESIZED/2a/surface/2a_1939SE.jpg,/home/ikk/renal-calculi-classificaction/DATASET/RESIZED/2a/surface/MASKS/2a_1939SE_mask.png,0,2a,surface,2a_1939SE,0,0,1,0.54752517,0.043667167,0.25850314,0.11850296,0.031801566
/home/ikk/renal-calculi-classificaction/DATASET/RESIZED/2a/surface/2a_3387SE.jpg,/home/ikk/renal-calculi-classificaction/DATASET/RESIZED/2a/surface/MASKS/2a_3387SE_mask.png,0,2a,surface,2a_3387SE,3,0,1,0.083217435,0.0060516903,0.24693875,0.6582487,0.0055434145
/home/ikk/renal-calculi-classificaction/DATASET/RESIZED/2a/surface/2a_1796SE.jpg,/home/ikk/renal-calculi-classificaction/DATASET/RESIZED/2a/surface/MASKS/2a_1796SE_mask.png,0,2a,surface,2a_1796SE,0,0,1,0.7752797,0.02352866,0.07012162,0.0042144572,0.12685555
/home/ikk/renal-calculi-classificaction/DATASET/RESIZED/2a/section/2a_2883SE.jpg,/home/ikk/renal-calculi-classificaction/DATASET/RESIZED/2a/section/MASKS/2a_2883SE_mask.png,0,2a,section,2a_2883SE,0,0,1,0.93285376,0.0052007157,0.050620537,0.0012131905,0.010111854
/home/ikk/renal-calculi-classificaction/DATASET/RESIZED/2a/section/2a_1782SE_section.jpg,/home/ikk/renal-calculi-classificaction/DATASET/RESIZED/2a/section/MASKS/2a_1782SE_section_mask.png,0,2a,section,2a_1782SE,0,0,1,0.83998775,0.027343782,0.1197067,0.0026489033,0.010312912
/home/ikk/renal-calculi-classificaction/DATASET/RESIZED/2a/section/2a_2149SE_1.jpg,/home/ikk/renal-calculi-classificaction/DATASET/RESIZED/2a/section/MASKS/2a_2149SE_1_mask.png,0,2a,section,2a_2149SE,0,0,1,0.98842454,0.0022842337,0.0069362796,0.0008115057,0.0015433842
/home/ikk/renal-calculi-classificaction/DATASET/RESIZED/2a/section/2a_1939SE_3.jpg,/home/ikk/renal-calculi-classificaction/DATASET/RESIZED/2a/section/MASKS/2a_1939SE_3_mask.png,0,2a,section,2a_1939SE,0,0,1,0.8853896,0.0063276207,0.09025777,0.0046735085,0.013351515
/home/ikk/renal-calculi-classificaction/DATASET/RESIZED/2a/section/2a_1910SE.jpg,/home/ikk/renal-calculi-classificaction/DATASET/RESIZED/2a/section/MASKS/2a_1910SE_mask.png,0,2a,section,2a_1910SE,0,0,1,0.7807186,0.0153461555,0.073106885,0.114381514,0.016446767
/home/ikk/renal-calculi-classificaction/DATASET/RESIZED/2a/section/2a_1960SE.jpg,/home/ikk/renal-calculi-classificaction/DATASET/RESIZED/2a/section/MASKS/2a_1960SE_mask.png,0,2a,section,2a_1960SE,0,0,1,0.49043074,0.06390718,0.42162335,0.0068767294,0.017162036
/home/ikk/renal-calculi-classificaction/DATASET/RESIZED/2a/section/2a_2218SE.jpg,/home/ikk/renal-calculi-classificaction/DATASET/RESIZED/2a/section/MASKS/2a_2218SE_mask.png,0,2a,section,2a_2218SE,0,0,1,0.71141285,0.02290955,0.25636953,0.0038006587,0.0055074524
/home/ikk/renal-calculi-classificaction/DATASET/RESIZED/2a/section/2a_3345SE.jpg,/home/ikk/renal-calculi-classificaction/DATASET/RESIZED/2a/section/MASKS/2a_3345SE_mask.png,0,2a,section,2a_3345SE,2,0,1,0.3128304,0.008467363,0.6698306,0.005584137,0.0032874378
/home/ikk/renal-calculi-classificaction/DATASET/RESIZED/2a/section/2a_2149SE_2.jpg,/home/ikk/renal-calculi-classificaction/DATASET/RESIZED/2a/section/MASKS/2a_2149SE_2_mask.png,0,2a,section,2a_2149SE,0,0,1,0.9281484,0.0051314025,0.06156277,0.0016921861,0.003465222
/home/ikk/renal-calculi-classificaction/DATASET/RESIZED/2a/section/2a_2708SE.jpg,/home/ikk/renal-calculi-classificaction/DATASET/RESIZED/2a/section/MASKS/2a_2708SE_mask.png,0,2a,section,2a_2708SE,0,0,1,0.5515122,0.031047985,0.36727145,0.03949417,0.010674204
/home/ikk/renal-calculi-classificaction/DATASET/RESIZED/2a/section/2a_2060SE.jpg,/home/ikk/renal-calculi-classificaction/DATASET/RESIZED/2a/section/MASKS/2a_2060SE_mask.png,0,2a,section,2a_2060SE,0,0,1,0.8315946,0.011435685,0.15048237,0.0021537987,0.004333562
/home/ikk/renal-calculi-classificaction/DATASET/RESIZED/2a/section/2a_2790SE.jpg,/home/ikk/renal-calculi-classificaction/DATASET/RESIZED/2a/section/MASKS/2a_2790SE_mask.png,0,2a,section,2a_2790SE,0,0,1,0.84424376,0.0037715528,0.14530118,0.0016331167,0.0050503523
/home/ikk/renal-calculi-classificaction/DATASET/RESIZED/2a/section/2a_1980SE.jpg,/home/ikk/renal-calculi-classificaction/DATASET/RESIZED/2a/section/MASKS/2a_1980SE_mask.png,0,2a,section,2a_1980SE,2,0,1,0.08493912,0.37231562,0.51084656,0.017541967,0.014356736
/home/ikk/renal-calculi-classificaction/DATASET/RESIZED/2a/section/2a_3382SE.jpg,/home/ikk/renal-calculi-classificaction/DATASET/RESIZED/2a/section/MASKS/2a_3382SE_mask.png,0,2a,section,2a_3382SE,2,0,1,0.23233354,0.08881148,0.52000046,0.00977945,0.14907506
/home/ikk/renal-calculi-classificaction/DATASET/RESIZED/2a/section/2a_1939SE_2.jpg,/home/ikk/renal-calculi-classificaction/DATASET/RESIZED/2a/section/MASKS/2a_1939SE_2_mask.png,0,2a,section,2a_1939SE,0,0,1,0.9614468,0.0020812743,0.032398038,0.0010423509,0.0030315185
/home/ikk/renal-calculi-classificaction/DATASET/RESIZED/4II-4I/surface/4II_2731SE.jpg,/home/ikk/renal-calculi-classificaction/DATASET/RESIZED/4II-4I/surface/MASKS/4II_2731SE_mask.png,2,4II-4I,surface,4II_2731SE,0,2,1,0.38426754,0.10182385,0.29890952,0.037909772,0.17708933
/home/ikk/renal-calculi-classificaction/DATASET/RESIZED/4II-4I/surface/4II_1906SE.jpg,/home/ikk/renal-calculi-classificaction/DATASET/RESIZED/4II-4I/surface/MASKS/4II_1906SE_mask.png,2,4II-4I,surface,4II_1906SE,2,2,1,0.11988659,0.15158865,0.6614362,0.026766755,0.040321816
/home/ikk/renal-calculi-classificaction/DATASET/RESIZED/4II-4I/surface/4II_1906SE_2.jpg,/home/ikk/renal-calculi-classificaction/DATASET/RESIZED/4II-4I/surface/MASKS/4II_1906SE_2_mask.png,2,4II-4I,surface,4II_1906SE,2,2,1,0.030858926,0.052624527,0.8535068,0.042153645,0.020856109
/home/ikk/renal-calculi-classificaction/DATASET/RESIZED/4II-4I/surface/4I_3506SE.png,/home/ikk/renal-calculi-classificaction/DATASET/RESIZED/4II-4I/surface/MASKS/4I_3506SE_mask.png,2,4II-4I,surface,4I_3506SE,1,2,1,0.019194383,0.46447134,0.28714427,0.018839588,0.21035045
/home/ikk/renal-calculi-classificaction/DATASET/RESIZED/4II-4I/section/4II_1933SE.jpg,/home/ikk/renal-calculi-classificaction/DATASET/RESIZED/4II-4I/section/MASKS/4II_1933SE_mask.png,2,4II-4I,section,4II_1933SE,2,2,1,0.0524906,0.06245614,0.7789381,0.09619156,0.009923592
/home/ikk/renal-calculi-classificaction/DATASET/RESIZED/4II-4I/section/4II_9.png,/home/ikk/renal-calculi-classificaction/DATASET/RESIZED/4II-4I/section/MASKS/4II_9_mask.png,2,4II-4I,section,4II_9,2,2,1,0.0051327376,0.008440137,0.64427114,0.3395431,0.0026128674
/home/ikk/renal-calculi-classificaction/DATASET/RESIZED/4II-4I/section/4I_2753SE.jpg,/home/ikk/renal-calculi-classificaction/DATASET/RESIZED/4II-4I/section/MASKS/4I_2753SE_mask.png,2,4II-4I,section,4I_2753SE,2,2,1,0.030502077,0.06792968,0.52078277,0.37080365,0.009981821
/home/ikk/renal-calculi-classificaction/DATASET/RESIZED/4II-4I/section/4II_3132SE.png,/home/ikk/renal-calculi-classificaction/DATASET/RESIZED/4II-4I/section/MASKS/4II_3132SE_mask.png,2,4II-4I,section,4II_3132SE,2,2,1,0.34746492,0.10314391,0.5110894,0.02113848,0.017163347
/home/ikk/renal-calculi-classificaction/DATASET/RESIZED/4II-4I/section/4I_COM_1898SE.jpg,/home/ikk/renal-calculi-classificaction/DATASET/RESIZED/4II-4I/section/MASKS/4I_COM_1898SE_mask.png,2,4II-4I,section,4I_COM_1898SE,0,2,1,0.5284947,0.014614719,0.38548872,0.0067051593,0.06469668
/home/ikk/renal-calculi-classificaction/DATASET/RESIZED/4II-4I/section/4II_1933SE_2.jpg,/home/ikk/renal-calculi-classificaction/DATASET/RESIZED/4II-4I/section/MASKS/4II_1933SE_2_mask.png,2,4II-4I,section,4II_1933SE,2,2,1,0.007955072,0.003572515,0.9713391,0.013879425,0.0032538855
/home/ikk/renal-calculi-classificaction/DATASET/RESIZED/4II-4I/section/4II_3166SE.jpg,/home/ikk/renal-calculi-classificaction/DATASET/RESIZED/4II-4I/section/MASKS/4II_3166SE_mask.png,2,4II-4I,section,4II_3166SE,2,2,1,0.0071589993,0.003415198,0.9705118,0.01615943,0.0027545444
/home/ikk/renal-calculi-classificaction/DATASET/RESIZED/1aI/surface/1aI_COD_sup_1828SE.jpg,/home/ikk/renal-calculi-classificaction/DATASET/RESIZED/1aI/surface/MASKS/1aI_COD_sup_1828SE_mask.png,0,1aI,surface,1aI_COD_sup_1828SE,2,0,1,0.4676774,0.02854173,0.47920784,0.008185198,0.016387781
/home/ikk/renal-calculi-classificaction/DATASET/RESIZED/1aI/surface/1aI_3111SE.png,/home/ikk/renal-calculi-classificaction/DATASET/RESIZED/1aI/surface/MASKS/1aI_3111SE_mask.png,0,1aI,surface,1aI_3111SE,0,0,1,0.967701,0.0067428485,0.008994701,0.014328532,0.0022329194
/home/ikk/renal-calculi-classificaction/DATASET/RESIZED/1aI/surface/1aI_COD_sup_2524SE.png,/home/ikk/renal-calculi-classificaction/DATASET/RESIZED/1aI/surface/MASKS/1aI_COD_sup_2524SE_mask.png,0,1aI,surface,1aI_COD_sup_2524SE,0,0,1,0.82037264,0.05095697,0.1085842,0.0066758916,0.013410305
/home/ikk/renal-calculi-classificaction/DATASET/RESIZED/1aI/surface/1aI_COD_sup_1929SE.jpg,/home/ikk/renal-calculi-classificaction/DATASET/RESIZED/1aI/surface/MASKS/1aI_COD_sup_1929SE_mask.png,0,1aI,surface,1aI_COD_sup_1929SE,0,0,1,0.98468417,0.0027327891,0.009572951,0.0011105224,0.0018996398
/home/ikk/renal-calculi-classificaction/DATASET/RESIZED/1aI/surface/1aI_1992SE_2.jpg,/home/ikk/renal-calculi-classificaction/DATASET/RESIZED/1aI/surface/MASKS/1aI_1992SE_2_mask.png,0,1aI,surface,1aI_1992SE,0,0,1,0.83658826,0.033029217,0.12082074,0.0054845074,0.004077233
/home/ikk/renal-calculi-classificaction/DATASET/RESIZED/1aI/surface/1aI_1794SE.jpg,/home/ikk/renal-calculi-classificaction/DATASET/RESIZED/1aI/surface/MASKS/1aI_1794SE_mask.png,0,1aI,surface,1aI_1794SE,2,0,1,0.28741664,0.024169533,0.49734515,0.012757533,0.17831118
/home/ikk/renal-calculi-classificaction/DATASET/RESIZED/1aI/surface/1aI_2411SE_1.png,/home/ikk/renal-calculi-classificaction/DATASET/RESIZED/1aI/surface/MASKS/1aI_2411SE_1_mask.png,0,1aI,surface,1aI_2411SE,2,0,1,0.09436347,0.039328493,0.80436575,0.045455378,0.016486878
/home/ikk/renal-calculi-classificaction/DATASET/RESIZED/1aI/surface/1aI_1992SE_1.jpg,/home/ikk/renal-calculi-classificaction/DATASET/RESIZED/1aI/surface/MASKS/1aI_1992SE_1_mask.png,0,1aI,surface,1aI_1992SE,0,0,1,0.96510947,0.0035424335,0.027876342,0.0013000603,0.0021717043
/home/ikk/renal-calculi-classificaction/DATASET/RESIZED/1aI/section/1aI_2014SE.jpg,/home/ikk/renal-calculi-classificaction/DATASET/RESIZED/1aI/section/MASKS/1aI_2014SE_mask.png,0,1aI,section,1aI_2014SE,0,0,1,0.6369497,0.02393908,0.32834032,0.0038193024,0.0069515905
/home/ikk/renal-calculi-classificaction/DATASET/RESIZED/1aI/section/1aI_2408SE_1.png,/home/ikk/renal-calculi-classificaction/DATASET/RESIZED/1aI/section/MASKS/1aI_2408SE_1_mask.png,0,1aI,section,1aI_2408SE,0,0,1,0.5804208,0.03792111,0.2898004,0.015185478,0.0766722
/home/ikk/renal-calculi-classificaction/DATASET/RESIZED/1aI/section/1aI_2411SE_2.png,/home/ikk/renal-calculi-classificaction/DATASET/RESIZED/1aI/section/MASKS/1aI_2411SE_2_mask.png,0,1aI,section,1aI_2411SE,2,0,1,0.048804164,0.052999035,0.64911306,0.21987137,0.029212398
/home/ikk/renal-calculi-classificaction/DATASET/RESIZED/1aI/section/1aI_2408SE_2.png,/home/ikk/renal-calculi-classificaction/DATASET/RESIZED/1aI/section/MASKS/1aI_2408SE_2_mask.png,0,1aI,section,1aI_2408SE,0,0,1,0.9718929,0.0044475878,0.019583354,0.0018199432,0.002256145
/home/ikk/renal-calculi-classificaction/DATASET/RESIZED/6/surface/6_3002SE.jpg,/home/ikk/renal-calculi-classificaction/DATASET/RESIZED/6/surface/MASKS/6_3002SE_mask.png,3,6,surface,6_3002SE,3,3,2,0.013434004,0.002089553,0.006315587,0.9735622,0.0045986855
/home/ikk/renal-calculi-classificaction/DATASET/RESIZED/6/surface/6_2023SE_3.jpg,/home/ikk/renal-calculi-classificaction/DATASET/RESIZED/6/surface/MASKS/6_2023SE_3_mask.png,3,6,surface,6_2023SE,3,3,2,0.17767957,0.01161576,0.10624068,0.65543294,0.049031045
/home/ikk/renal-calculi-classificaction/DATASET/RESIZED/6/surface/6_2430SE.png,/home/ikk/renal-calculi-classificaction/DATASET/RESIZED/6/surface/MASKS/6_2430SE_mask.png,3,6,surface,6_2430SE,2,3,2,0.015845342,0.018587165,0.6764603,0.2724743,0.016632846
/home/ikk/renal-calculi-classificaction/DATASET/RESIZED/6/section/6_3001SE.jpg,/home/ikk/renal-calculi-classificaction/DATASET/RESIZED/6/section/MASKS/6_3001SE_mask.png,3,6,section,6_3001SE,3,3,2,0.037098058,0.036823887,0.08129052,0.8051071,0.039680414
/home/ikk/renal-calculi-classificaction/DATASET/RESIZED/6/section/6_3265SE.jpg,/home/ikk/renal-calculi-classificaction/DATASET/RESIZED/6/section/MASKS/6_3265SE_mask.png,3,6,section,6_3265SE,3,3,2,0.019552918,0.005985387,0.19927873,0.76552296,0.009660031
/home/ikk/renal-calculi-classificaction/DATASET/RESIZED/6/section/6_2023SE_1.jpg,/home/ikk/renal-calculi-classificaction/DATASET/RESIZED/6/section/MASKS/6_2023SE_1_mask.png,3,6,section,6_2023SE,2,3,2,0.12124537,0.03562403,0.59440494,0.12481675,0.12390892
/home/ikk/renal-calculi-classificaction/DATASET/RESIZED/6/section/6_2023SE_2.jpg,/home/ikk/renal-calculi-classificaction/DATASET/RESIZED/6/section/MASKS/6_2023SE_2_mask.png,3,6,section,6_2023SE,2,3,2,0.011944851,0.011762002,0.8697286,0.103067756,0.0034968478
/home/ikk/renal-calculi-classificaction/DATASET/RESIZED/6/section/6_2548SE.png,/home/ikk/renal-calculi-classificaction/DATASET/RESIZED/6/section/MASKS/6_2548SE_mask.png,3,6,section,6_2548SE,3,3,2,0.0026329902,0.0010623061,0.003430252,0.98679346,0.0060810177
/home/ikk/renal-calculi-classificaction/DATASET/RESIZED/6/section/6_1860SE.jpg,/home/ikk/renal-calculi-classificaction/DATASET/RESIZED/6/section/MASKS/6_1860SE_mask.png,3,6,section,6_1860SE,2,3,2,0.010765675,0.038433157,0.77940977,0.015414802,0.15597662
/home/ikk/renal-calculi-classificaction/DATASET/RESIZED/8aI - 8aII/surface/8aII_2041SE.jpg,/home/ikk/renal-calculi-classificaction/DATASET/RESIZED/8aI - 8aII/surface/MASKS/8aII_2041SE_mask.png,4,8aI - 8aII,surface,8aII_2041SE,4,4,2,0.07389018,0.2708648,0.031421065,0.0602014,0.56362253
/home/ikk/renal-calculi-classificaction/DATASET/RESIZED/8aI - 8aII/surface/8aII_1866SE.jpg,/home/ikk/renal-calculi-classificaction/DATASET/RESIZED/8aI - 8aII/surface/MASKS/8aII_1866SE_mask.png,4,8aI - 8aII,surface,8aII_1866SE,1,4,2,0.0145668555,0.64587194,0.24769971,0.029910946,0.061950568
/home/ikk/renal-calculi-classificaction/DATASET/RESIZED/8aI - 8aII/section/8aII_and_COM_minim_1977SE_2.jpg,/home/ikk/renal-calculi-classificaction/DATASET/RESIZED/8aI - 8aII/section/MASKS/8aII_and_COM_minim_1977SE_2_mask.png,4,8aI - 8aII,section,8aII_and_COM_minim_1977SE,4,4,2,0.023923222,0.003656699,0.029341731,0.0029206818,0.9401576
/home/ikk/renal-calculi-classificaction/DATASET/RESIZED/8aI - 8aII/section/8aI_1871SE_2.jpg,/home/ikk/renal-calculi-classificaction/DATASET/RESIZED/8aI - 8aII/section/MASKS/8aI_1871SE_2_mask.png,4,8aI - 8aII,section,8aI_1871SE,4,4,2,0.21045548,0.1561113,0.3074937,0.011251333,0.3146882
/home/ikk/renal-calculi-classificaction/DATASET/RESIZED/8aI - 8aII/section/8aII_2796SE.jpg,/home/ikk/renal-calculi-classificaction/DATASET/RESIZED/8aI - 8aII/section/MASKS/8aII_2796SE_mask.png,4,8aI - 8aII,section,8aII_2796SE,4,4,2,0.02023903,0.00319191,0.0076169767,0.0060153906,0.96293676
/home/ikk/renal-calculi-classificaction/DATASET/RESIZED/8aI - 8aII/section/8aII_and_COM_minim_1977SE_1.jpg,/home/ikk/renal-calculi-classificaction/DATASET/RESIZED/8aI - 8aII/section/MASKS/8aII_and_COM_minim_1977SE_1_mask.png,4,8aI - 8aII,section,8aII_and_COM_minim_1977SE,4,4,2,0.2564493,0.026432239,0.22059871,0.016687036,0.4798327
/home/ikk/renal-calculi-classificaction/DATASET/RESIZED/3aII/surface/3aII_1912SE_2.jpg,/home/ikk/renal-calculi-classificaction/DATASET/RESIZED/3aII/surface/MASKS/3aII_1912SE_2_mask.png,1,3aII,surface,3aII_1912SE,2,1,2,0.36948422,0.08971891,0.3697703,0.05352295,0.11750365
/home/ikk/renal-calculi-classificaction/DATASET/RESIZED/3aII/surface/3aII_1913SE.jpg,/home/ikk/renal-calculi-classificaction/DATASET/RESIZED/3aII/surface/MASKS/3aII_1913SE_mask.png,1,3aII,surface,3aII_1913SE,2,1,2,0.020241309,0.015230816,0.94126695,0.019559275,0.003701582
/home/ikk/renal-calculi-classificaction/DATASET/RESIZED/3aII/surface/3aII_1912SE.jpg,/home/ikk/renal-calculi-classificaction/DATASET/RESIZED/3aII/surface/MASKS/3aII_1912SE_mask.png,1,3aII,surface,3aII_1912SE,2,1,2,0.31787863,0.10959287,0.45309985,0.043591734,0.07583692
/home/ikk/renal-calculi-classificaction/DATASET/RESIZED/3aII/surface/3aII_2107SE.jpg,/home/ikk/renal-calculi-classificaction/DATASET/RESIZED/3aII/surface/MASKS/3aII_2107SE_mask.png,1,3aII,surface,3aII_2107SE,2,1,2,0.22230159,0.043801624,0.6339256,0.051387433,0.04858369
/home/ikk/renal-calculi-classificaction/DATASET/RESIZED/3aII/surface/3aII_2354SE.png,/home/ikk/renal-calculi-classificaction/DATASET/RESIZED/3aII/surface/MASKS/3aII_2354SE_mask.png,1,3aII,surface,3aII_2354SE,0,1,2,0.6684648,0.11532911,0.13291724,0.052135997,0.031152844
/home/ikk/renal-calculi-classificaction/DATASET/RESIZED/3aII/surface/3aII_3114SE.png,/home/ikk/renal-calculi-classificaction/DATASET/RESIZED/3aII/surface/MASKS/3aII_3114SE_mask.png,1,3aII,surface,3aII_3114SE,2,1,2,0.00380323,0.011616505,0.8792103,0.10258461,0.0027853528
/home/ikk/renal-calculi-classificaction/DATASET/RESIZED/3bII/surface/3bII_2102SE.jpg,/home/ikk/renal-calculi-classificaction/DATASET/RESIZED/3bII/surface/MASKS/3bII_2102SE_mask.png,2,3bII,surface,3bII_2102SE,2,2,2,0.32046252,0.01940263,0.62840337,0.009275046,0.022456428
/home/ikk/renal-calculi-classificaction/DATASET/RESIZED/3bII/surface/3bII_1819SE.jpg,/home/ikk/renal-calculi-classificaction/DATASET/RESIZED/3bII/surface/MASKS/3bII_1819SE_mask.png,2,3bII,surface,3bII_1819SE,2,2,2,0.28271857,0.14740874,0.44686553,0.0152711375,0.10773605
/home/ikk/renal-calculi-classificaction/DATASET/RESIZED/3bII/surface/3bII_2584SE.png,/home/ikk/renal-calculi-classificaction/DATASET/RESIZED/3bII/surface/MASKS/3bII_2584SE_mask.png,2,3bII,surface,3bII_2584SE,2,2,2,0.13474871,0.021406557,0.7668993,0.06910069,0.007844791
/home/ikk/renal-calculi-classificaction/DATASET/RESIZED/3bII/surface/3bII_3047SE_surface.png,/home/ikk/renal-calculi-classificaction/DATASET/RESIZED/3bII/surface/MASKS/3bII_3047SE_surface_mask.png,2,3bII,surface,3bII_3047SE,0,2,2,0.4423235,0.118431434,0.36187553,0.028455732,0.048913766
/home/ikk/renal-calculi-classificaction/DATASET/RESIZED/3bII/section/3bII_1818SE_2.jpg,/home/ikk/renal-calculi-classificaction/DATASET/RESIZED/3bII/section/MASKS/3bII_1818SE_2_mask.png,2,3bII,section,3bII_1818SE,0,2,2,0.7756467,0.014128074,0.1803778,0.00797702,0.021870442
/home/ikk/renal-calculi-classificaction/DATASET/RESIZED/3bII/section/3bII_3471SE.png,/home/ikk/renal-calculi-classificaction/DATASET/RESIZED/3bII/section/MASKS/3bII_3471SE_mask.png,2,3bII,section,3bII_3471SE,3,2,2,0.010001344,0.004382296,0.051759038,0.92401344,0.009843842
/home/ikk/renal-calculi-classificaction/DATASET/RESIZED/3bII/section/3bII_2850SE.jpg,/home/ikk/renal-calculi-classificaction/DATASET/RESIZED/3bII/section/MASKS/3bII_2850SE_mask.png,2,3bII,section,3bII_2850SE,2,2,2,0.028819926,0.045422774,0.5600227,0.3398995,0.025835048
/home/ikk/renal-calculi-classificaction/DATASET/RESIZED/3bII/section/3bII_3047SE_section.png,/home/ikk/renal-calculi-classificaction/DATASET/RESIZED/3bII/section/MASKS/3bII_3047SE_section_mask.png,2,3bII,section,3bII_3047SE,1,2,2,0.062018804,0.3474819,0.3078045,0.07354263,0.20915218
/home/ikk/renal-calculi-classificaction/DATASET/RESIZED/3bII/section/3bII_2492SE.png,/home/ikk/renal-calculi-classificaction/DATASET/RESIZED/3bII/section/MASKS/3bII_2492SE_mask.png,2,3bII,section,3bII_2492SE,2,2,2,0.3960899,0.030213067,0.55448353,0.008806965,0.010406501
/home/ikk/renal-calculi-classificaction/DATASET/RESIZED/3bII/section/3bII_1961SE.jpg,/home/ikk/renal-calculi-classificaction/DATASET/RESIZED/3bII/section/MASKS/3bII_1961SE_mask.png,2,3bII,section,3bII_1961SE,2,2,2,0.37373728,0.015541064,0.60005265,0.006603447,0.004065589
/home/ikk/renal-calculi-classificaction/DATASET/RESIZED/3bII/section/3bII_5.jpg,/home/ikk/renal-calculi-classificaction/DATASET/RESIZED/3bII/section/MASKS/3bII_5_mask.png,2,3bII,section,3bII_5,2,2,2,0.05330487,0.010164898,0.8802584,0.050491154,0.0057807094
/home/ikk/renal-calculi-classificaction/DATASET/RESIZED/3bII/section/3bII_1959SE.jpg,/home/ikk/renal-calculi-classificaction/DATASET/RESIZED/3bII/section/MASKS/3bII_1959SE_mask.png,2,3bII,section,3bII_1959SE,2,2,2,0.081878796,0.058349755,0.7807284,0.069452494,0.0095905885
/home/ikk/renal-calculi-classificaction/DATASET/RESIZED/3bII/section/3bII_2071SE.jpg,/home/ikk/renal-calculi-classificaction/DATASET/RESIZED/3bII/section/MASKS/3bII_2071SE_mask.png,2,3bII,section,3bII_2071SE,2,2,2,0.024306554,0.010046334,0.94661963,0.013022265,0.006005253
/home/ikk/renal-calculi-classificaction/DATASET/RESIZED/2a/surface/2a_2145SE.jpg,/home/ikk/renal-calculi-classificaction/DATASET/RESIZED/2a/surface/MASKS/2a_2145SE_mask.png,0,2a,surface,2a_2145SE,0,0,2,0.99027073,0.0014196333,0.0050991075,0.0007762434,0.0024343121
/home/ikk/renal-calculi-classificaction/DATASET/RESIZED/2a/surface/2aCOD_sup_1783SE.jpg,/home/ikk/renal-calculi-classificaction/DATASET/RESIZED/2a/surface/MASKS/2aCOD_sup_1783SE_mask.png,0,2a,surface,2aCOD_sup_1783SE,2,0,2,0.035621934,0.024906786,0.47678393,0.006731292,0.4559561
/home/ikk/renal-calculi-classificaction/DATASET/RESIZED/2a/surface/2aCOD_sup_3187SE_1.jpg,/home/ikk/renal-calculi-classificaction/DATASET/RESIZED/2a/surface/MASKS/2aCOD_sup_3187SE_1_mask.png,0,2a,surface,2aCOD_sup_3187SE,0,0,2,0.9762457,0.0013870716,0.020780738,0.0010130521,0.0005734076
/home/ikk/renal-calculi-classificaction/DATASET/RESIZED/2a/surface/2a_1964SE.jpg,/home/ikk/renal-calculi-classificaction/DATASET/RESIZED/2a/surface/MASKS/2a_1964SE_mask.png,0,2a,surface,2a_1964SE,0,0,2,0.99353504,0.0013787495,0.0027786903,0.0006526281,0.0016549041
/home/ikk/renal-calculi-classificaction/DATASET/RESIZED/2a/surface/2aCOD_sup_3187SE_2.jpg,/home/ikk/renal-calculi-classificaction/DATASET/RESIZED/2a/surface/MASKS/2aCOD_sup_3187SE_2_mask.png,0,2a,surface,2aCOD_sup_3187SE,0,0,2,0.9682092,0.0015520232,0.02804806,0.0012108289,0.0009798403
/home/ikk/renal-calculi-classificaction/DATASET/RESIZED/2a/surface/2aCOD_sup_2247SE.jpg,/home/ikk/renal-calculi-classificaction/DATASET/RESIZED/2a/surface/MASKS/2aCOD_sup_2247SE_mask.png,0,2a,surface,2aCOD_sup_2247SE,0,0,2,0.98743874,0.003283685,0.0030900808,0.003016997,0.0031705147
/home/ikk/renal-calculi-classificaction/DATASET/RESIZED/2a/surface/2a_3441SE.jpg,/home/ikk/renal-calculi-classificaction/DATASET/RESIZED/2a/surface/MASKS/2a_3441SE_mask.png,0,2a,surface,2a_3441SE,0,0,2,0.9494616,0.006111721,0.03278745,0.00799074,0.0036484972
/home/ikk/renal-calculi-classificaction/DATASET/RESIZED/2a/surface/2a_1942SE.jpg,/home/ikk/renal-calculi-classificaction/DATASET/RESIZED/2a/surface/MASKS/2a_1942SE_mask.png,0,2a,surface,2a_1942SE,0,0,2,0.9945403,0.00082964264,0.0024665217,0.00091733155,0.0012462188
/home/ikk/renal-calculi-classificaction/DATASET/RESIZED/2a/surface/2a_3169SE_1.jpg,/home/ikk/renal-calculi-classificaction/DATASET/RESIZED/2a/surface/MASKS/2a_3169SE_1_mask.png,0,2a,surface,2a_3169SE,2,0,2,0.10957479,0.014004276,0.7760798,0.025871934,0.07446924
/home/ikk/renal-calculi-classificaction/DATASET/RESIZED/2a/surface/2a_2348SE.png,/home/ikk/renal-calculi-classificaction/DATASET/RESIZED/2a/surface/MASKS/2a_2348SE_mask.png,0,2a,surface,2a_2348SE,0,0,2,0.6363806,0.042879425,0.1636617,0.11097047,0.04610782
/home/ikk/renal-calculi-classificaction/DATASET/RESIZED/2a/surface/2a_1_surface.jpg,/home/ikk/renal-calculi-classificaction/DATASET/RESIZED/2a/surface/MASKS/2a_1_surface_mask.png,0,2a,surface,2a_1,0,0,2,0.69402945,0.016067186,0.1506204,0.10544329,0.033839628
/home/ikk/renal-calculi-classificaction/DATASET/RESIZED/2a/section/2a_3103SE_2.png,/home/ikk/renal-calculi-classificaction/DATASET/RESIZED/2a/section/MASKS/2a_3103SE_2_mask.png,0,2a,section,2a_3103SE,0,0,2,0.90858144,0.011485041,0.06608719,0.010362807,0.0034835646
/home/ikk/renal-calculi-classificaction/DATASET/RESIZED/2a/section/2a_3169SE_2.jpg,/home/ikk/renal-calculi-classificaction/DATASET/RESIZED/2a/section/MASKS/2a_3169SE_2_mask.png,0,2a,section,2a_3169SE,2,0,2,0.33524877,0.022643574,0.60257715,0.026961347,0.012569132
/home/ikk/renal-calculi-classificaction/DATASET/RESIZED/2a/section/2a_2335SE.png,/home/ikk/renal-calculi-classificaction/DATASET/RESIZED/2a/section/MASKS/2a_2335SE_mask.png,0,2a,section,2a_2335SE,0,0,2,0.9611506,0.0053083976,0.026160153,0.0042303754,0.003150501
/home/ikk/renal-calculi-classificaction/DATASET/RESIZED/2a/section/2aCOD_sup_3187SE_4.jpg,/home/ikk/renal-calculi-classificaction/DATASET/RESIZED/2a/section/MASKS/2aCOD_sup_3187SE_4_mask.png,0,2a,section,2aCOD_sup_3187SE,0,0,2,0.9383689,0.0054284283,0.050548986,0.002612188,0.0030414823
/home/ikk/renal-calculi-classificaction/DATASET/RESIZED/2a/section/2a_2703SE.jpg,/home/ikk/renal-calculi-classificaction/DATASET/RESIZED/2a/section/MASKS/2a_2703SE_mask.png,0,2a,section,2a_2703SE,2,0,2,0.10259876,0.02137414,0.8317009,0.035101455,0.009224734
/home/ikk/renal-calculi-classificaction/DATASET/RESIZED/2a/section/2a_1_section.jpg,/home/ikk/renal-calculi-classificaction/DATASET/RESIZED/2a/section/MASKS/2a_1_section_mask.png,0,2a,section,2a_1,0,0,2,0.97233814,0.0032610272,0.01633653,0.0063279965,0.0017363639
/home/ikk/renal-calculi-classificaction/DATASET/RESIZED/2a/section/2a_2668SE.png,/home/ikk/renal-calculi-classificaction/DATASET/RESIZED/2a/section/MASKS/2a_2668SE_mask.png,0,2a,section,2a_2668SE,2,0,2,0.09013122,0.053407796,0.81498194,0.018274259,0.023204846
/home/ikk/renal-calculi-classificaction/DATASET/RESIZED/2a/section/2aCOD_sup_3187SE_3.jpg,/home/ikk/renal-calculi-classificaction/DATASET/RESIZED/2a/section/MASKS/2aCOD_sup_3187SE_3_mask.png,0,2a,section,2aCOD_sup_3187SE,0,0,2,0.9752235,0.0020021405,0.020271963,0.0014073496,0.0010950252
/home/ikk/renal-calculi-classificaction/DATASET/RESIZED/2a/section/2a_1942SE_2.jpg,/home/ikk/renal-calculi-classificaction/DATASET/RESIZED/2a/section/MASKS/2a_1942SE_2_mask.png,0,2a,section,2a_1942SE,0,0,2,0.97753704,0.0027338408,0.015790435,0.001426706,0.0025119786
/home/ikk/renal-calculi-classificaction/DATASET/RESIZED/2a/section/2aCOD_sup_1783SE_2.jpg,/home/ikk/renal-calculi-classificaction/DATASET/RESIZED/2a/section/MASKS/2aCOD_sup_1783SE_2_mask.png,0,2a,section,2aCOD_sup_1783SE,2,0,2,0.043178625,0.026596336,0.83028865,0.005008487,0.094927914
/home/ikk/renal-calculi-classificaction/DATASET/RESIZED/2a/section/2aCOD_sup_2578SE.png,/home/ikk/renal-calculi-classificaction/DATASET/RESIZED/2a/section/MASKS/2aCOD_sup_2578SE_mask.png,0,2a,section,2aCOD_sup_2578SE,3,0,2,0.007009723,0.001817362,0.014041611,0.9736048,0.0035265796
/home/ikk/renal-calculi-classificaction/DATASET/RESIZED/2a/section/2a_3103SE_1.png,/home/ikk/renal-calculi-classificaction/DATASET/RESIZED/2a/section/MASKS/2a_3103SE_1_mask.png,0,2a,section,2a_3103SE,0,0,2,0.92735505,0.009492859,0.022597358,0.036821857,0.003732888
/home/ikk/renal-calculi-classificaction/DATASET/RESIZED/2a/section/2aCOD_sup_3207SE.jpg,/home/ikk/renal-calculi-classificaction/DATASET/RESIZED/2a/section/MASKS/2aCOD_sup_3207SE_mask.png,0,2a,section,2aCOD_sup_3207SE,0,0,2,0.962741,0.0066252607,0.017439255,0.0010634474,0.012130967
/home/ikk/renal-calculi-classificaction/DATASET/RESIZED/4II-4I/surface/4I_1879SE.jpg,/home/ikk/renal-calculi-classificaction/DATASET/RESIZED/4II-4I/surface/MASKS/4I_1879SE_mask.png,2,4II-4I,surface,4I_1879SE,2,2,2,0.07813422,0.40080288,0.47497487,0.017386083,0.028701963
/home/ikk/renal-calculi-classificaction/DATASET/RESIZED/4II-4I/surface/4II_2.jpg,/home/ikk/renal-calculi-classificaction/DATASET/RESIZED/4II-4I/surface/MASKS/4II_2_mask.png,2,4II-4I,surface,4II_2,2,2,2,0.010647985,0.010510271,0.7564253,0.19877025,0.023646181
/home/ikk/renal-calculi-classificaction/DATASET/RESIZED/4II-4I/section/4I_3373SE.jpg,/home/ikk/renal-calculi-classificaction/DATASET/RESIZED/4II-4I/section/MASKS/4I_3373SE_mask.png,2,4II-4I,section,4I_3373SE,2,2,2,0.05210469,0.016384363,0.87008023,0.052399393,0.009031325
/home/ikk/renal-calculi-classificaction/DATASET/RESIZED/4II-4I/section/4II_6.jpg,/home/ikk/renal-calculi-classificaction/DATASET/RESIZED/4II-4I/section/MASKS/4II_6_mask.png,2,4II-4I,section,4II_6,2,2,2,0.010378591,0.00726014,0.7607263,0.21592075,0.005714271
/home/ikk/renal-calculi-classificaction/DATASET/RESIZED/4II-4I/section/4II_2705SE.jpg,/home/ikk/renal-calculi-classificaction/DATASET/RESIZED/4II-4I/section/MASKS/4II_2705SE_mask.png,2,4II-4I,section,4II_2705SE,2,2,2,0.013275101,0.0008148974,0.9783061,0.005695467,0.001908423
/home/ikk/renal-calculi-classificaction/DATASET/RESIZED/4II-4I/section/4II_3.jpg,/home/ikk/renal-calculi-classificaction/DATASET/RESIZED/4II-4I/section/MASKS/4II_3_mask.png,2,4II-4I,section,4II_3,0,2,2,0.65146637,0.039967842,0.29545164,0.0065736216,0.0065405476
/home/ikk/renal-calculi-classificaction/DATASET/RESIZED/4II-4I/section/4II_3338SE.jpg,/home/ikk/renal-calculi-classificaction/DATASET/RESIZED/4II-4I/section/MASKS/4II_3338SE_mask.png,2,4II-4I,section,4II_3338SE,0,2,2,0.87445503,0.015749695,0.09541272,0.0058391425,0.008543384
/home/ikk/renal-calculi-classificaction/DATASET/RESIZED/1aI/surface/1aI_COD_sup_2088SE.jpg,/home/ikk/renal-calculi-classificaction/DATASET/RESIZED/1aI/surface/MASKS/1aI_COD_sup_2088SE_mask.png,0,1aI,surface,1aI_COD_sup_2088SE,0,0,2,0.9634861,0.009563356,0.009205584,0.0037567108,0.013988317
/home/ikk/renal-calculi-classificaction/DATASET/RESIZED/1aI/surface/1aI_1784SE_2.jpg,/home/ikk/renal-calculi-classificaction/DATASET/RESIZED/1aI/surface/MASKS/1aI_1784SE_2_mask.png,0,1aI,surface,1aI_1784SE,0,0,2,0.96260655,0.0070380075,0.024216248,0.0021888125,0.003950386
/home/ikk/renal-calculi-classificaction/DATASET/RESIZED/1aI/surface/1aI_2781SE.jpg,/home/ikk/renal-calculi-classificaction/DATASET/RESIZED/1aI/surface/MASKS/1aI_2781SE_mask.png,0,1aI,surface,1aI_2781SE,0,0,2,0.9380383,0.022730503,0.033380248,0.0021094522,0.0037415759
/home/ikk/renal-calculi-classificaction/DATASET/RESIZED/1aI/surface/1aI_2913SE.jpg,/home/ikk/renal-calculi-classificaction/DATASET/RESIZED/1aI/surface/MASKS/1aI_2913SE_mask.png,0,1aI,surface,1aI_2913SE,0,0,2,0.9561453,0.003650739,0.033186685,0.0032660458,0.0037512023
/home/ikk/renal-calculi-classificaction/DATASET/RESIZED/1aI/surface/1aI_COD_sup_2111SE_1.jpg,/home/ikk/renal-calculi-classificaction/DATASET/RESIZED/1aI/surface/MASKS/1aI_COD_sup_2111SE_1_mask.png,0,1aI,surface,1aI_COD_sup_2111SE,0,0,2,0.9824066,0.0023780272,0.012243609,0.0012159705,0.0017557397
/home/ikk/renal-calculi-classificaction/DATASET/RESIZED/1aI/surface/1aI_3081SE_2_LB.png,/home/ikk/renal-calculi-classificaction/DATASET/RESIZED/1aI/surface/MASKS/1aI_3081SE_2_LB_mask.png,0,1aI,surface,1aI_3081SE,0,0,2,0.9535383,0.032439504,0.0062600495,0.00383418,0.003928004
/home/ikk/renal-calculi-classificaction/DATASET/RESIZED/1aI/surface/1aI_3302SE.jpg,/home/ikk/renal-calculi-classificaction/DATASET/RESIZED/1aI/surface/MASKS/1aI_3302SE_mask.png,0,1aI,surface,1aI_3302SE,0,0,2,0.8413577,0.0808151,0.048270524,0.023503395,0.006053299
/home/ikk/renal-calculi-classificaction/DATASET/RESIZED/1aI/surface/1aI_1937SE.jpg,/home/ikk/renal-calculi-classificaction/DATASET/RESIZED/1aI/surface/MASKS/1aI_1937SE_mask.png,0,1aI,surface,1aI_1937SE,0,0,2,0.93709934,0.02343931,0.022177935,0.008663727,0.008619632
/home/ikk/renal-calculi-classificaction/DATASET/RESIZED/1aI/surface/1aI_2366SE_1.png,/home/ikk/renal-calculi-classificaction/DATASET/RESIZED/1aI/surface/MASKS/1aI_2366SE_1_mask.png,0,1aI,surface,1aI_2366SE,0,0,2,0.9768499,0.009541993,0.006951196,0.0032502436,0.0034066727
/home/ikk/renal-calculi-classificaction/DATASET/RESIZED/1aI/surface/1aI_1917SE.jpg,/home/ikk/renal-calculi-classificaction/DATASET/RESIZED/1aI/surface/MASKS/1aI_1917SE_mask.png,0,1aI,surface,1aI_1917SE,0,0,2,0.86272305,0.013980518,0.09918206,0.009131304,0.014983088
/home/ikk/renal-calculi-classificaction/DATASET/RESIZED/1aI/surface/1a_3366SE_1.jpg,/home/ikk/renal-calculi-classificaction/DATASET/RESIZED/1aI/surface/MASKS/1a_3366SE_1_mask.png,0,1aI,surface,1a_3366SE,0,0,2,0.7759409,0.018698445,0.11598051,0.080861025,0.008519122
/home/ikk/renal-calculi-classificaction/DATASET/RESIZED/1aI/surface/1aI_3081SE_3_LB.png,/home/ikk/renal-calculi-classificaction/DATASET/RESIZED/1aI/surface/MASKS/1aI_3081SE_3_LB_mask.png,0,1aI,surface,1aI_3081SE,0,0,2,0.97387946,0.0119303595,0.0074426704,0.004550757,0.0021967713
/home/ikk/renal-calculi-classificaction/DATASET/RESIZED/1aI/surface/1aI_3081SE_4_LB.png,/home/ikk/renal-calculi-classificaction/DATASET/RESIZED/1aI/surface/MASKS/1aI_3081SE_4_LB_mask.png,0,1aI,surface,1aI_3081SE,0,0,2,0.92845213,0.039721772,0.01643405,0.0060499767,0.009342085
/home/ikk/renal-calculi-classificaction/DATASET/RESIZED/1aI/surface/1aI_3081SE_5_LB.png,/home/ikk/renal-calculi-classificaction/DATASET/RESIZED/1aI/surface/MASKS/1aI_3081SE_5_LB_mask.png,0,1aI,surface,1aI_3081SE,0,0,2,0.9776349,0.014176954,0.0044142087,0.002243338,0.0015305605
/home/ikk/renal-calculi-classificaction/DATASET/RESIZED/1aI/surface/1aI_1784SE_1.jpg,/home/ikk/renal-calculi-classificaction/DATASET/RESIZED/1aI/surface/MASKS/1aI_1784SE_1_mask.png,0,1aI,surface,1aI_1784SE,0,0,2,0.98598564,0.0030768004,0.0074977786,0.0009584259,0.0024813453
/home/ikk/renal-calculi-classificaction/DATASET/RESIZED/1aI/surface/1aI_3081SE_1_LB.png,/home/ikk/renal-calculi-classificaction/DATASET/RESIZED/1aI/surface/MASKS/1aI_3081SE_1_LB_mask.png,0,1aI,surface,1aI_3081SE,0,0,2,0.9767036,0.004183506,0.009806655,0.0072669294,0.0020393818
/home/ikk/renal-calculi-classificaction/DATASET/RESIZED/1aI/section/1aI_COD_sup_2111SE_2.jpg,/home/ikk/renal-calculi-classificaction/DATASET/RESIZED/1aI/section/MASKS/1aI_COD_sup_2111SE_2_mask.png,0,1aI,section,1aI_COD_sup_2111SE,0,0,2,0.9842181,0.0016252528,0.012254271,0.0007693979,0.0011330057
/home/ikk/renal-calculi-classificaction/DATASET/RESIZED/1aI/section/1aI_3081SE_6_LB.png,/home/ikk/renal-calculi-classificaction/DATASET/RESIZED/1aI/section/MASKS/1aI_3081SE_6_LB_mask.png,0,1aI,section,1aI_3081SE,0,0,2,0.5376007,0.015685815,0.36144307,0.07239056,0.012879849
/home/ikk/renal-calculi-classificaction/DATASET/RESIZED/1aI/section/1aI_3081SE_8_LB.png,/home/ikk/renal-calculi-classificaction/DATASET/RESIZED/1aI/section/MASKS/1aI_3081SE_8_LB_mask.png,0,1aI,section,1aI_3081SE,0,0,2,0.707174,0.021272356,0.25687984,0.00680211,0.007871686
/home/ikk/renal-calculi-classificaction/DATASET/RESIZED/1aI/section/1aI_2366SE_3.png,/home/ikk/renal-calculi-classificaction/DATASET/RESIZED/1aI/section/MASKS/1aI_2366SE_3_mask.png,0,1aI,section,1aI_2366SE,0,0,2,0.9778551,0.004545263,0.0135632185,0.0016734138,0.0023630422
/home/ikk/renal-calculi-classificaction/DATASET/RESIZED/1aI/section/1a_3366SE_2.jpg,/home/ikk/renal-calculi-classificaction/DATASET/RESIZED/1aI/section/MASKS/1a_3366SE_2_mask.png,0,1aI,section,1a_3366SE,0,0,2,0.59806156,0.0072236783,0.36710414,0.021158047,0.006452615
/home/ikk/renal-calculi-classificaction/DATASET/RESIZED/1aI/section/1aI_2366SE_2.png,/home/ikk/renal-calculi-classificaction/DATASET/RESIZED/1aI/section/MASKS/1aI_2366SE_2_mask.png,0,1aI,section,1aI_2366SE,0,0,2,0.9144985,0.023342662,0.034294445,0.009972084,0.017892268
/home/ikk/renal-calculi-classificaction/DATASET/RESIZED/1aI/section/1aI_3081SE_7_LB.png,/home/ikk/renal-calculi-classificaction/DATASET/RESIZED/1aI/section/MASKS/1aI_3081SE_7_LB_mask.png,0,1aI,section,1aI_3081SE,0,0,2,0.84889233,0.011824177,0.11932152,0.008224396,0.011737549
/home/ikk/renal-calculi-classificaction/DATASET/RESIZED/1aI/section/1aI_1784SE_3.jpg,/home/ikk/renal-calculi-classificaction/DATASET/RESIZED/1aI/section/MASKS/1aI_1784SE_3_mask.png,0,1aI,section,1aI_1784SE,0,0,2,0.90776163,0.012706629,0.05254751,0.0016096121,0.025374614
/home/ikk/renal-calculi-classificaction/DATASET/RESIZED/1aI/section/1aI_1784SE_4.jpg,/home/ikk/renal-calculi-classificaction/DATASET/RESIZED/1aI/section/MASKS/1aI_1784SE_4_mask.png,0,1aI,section,1aI_1784SE,0,0,2,0.85551894,0.013688987,0.07701954,0.0024230918,0.051349424
/home/ikk/renal-calculi-classificaction/DATASET/RESIZED/6/surface/6_2031SE.jpg,/home/ikk/renal-calculi-classificaction/DATASET/RESIZED/6/surface/MASKS/6_2031SE_mask.png,3,6,surface,6_2031SE,3,3,3,0.0070653213,0.0034497837,0.030694734,0.9543917,0.004398468
/home/ikk/renal-calculi-classificaction/DATASET/RESIZED/6/section/6_2009SE.jpg,/home/ikk/renal-calculi-classificaction/DATASET/RESIZED/6/section/MASKS/6_2009SE_mask.png,3,6,section,6_2009SE,3,3,3,0.07557725,0.014146657,0.18916205,0.6263003,0.09481376
/home/ikk/renal-calculi-classificaction/DATASET/RESIZED/6/section/6_3229SE.jpg,/home/ikk/renal-calculi-classificaction/DATASET/RESIZED/6/section/MASKS/6_3229SE_mask.png,3,6,section,6_3229SE,2,3,3,0.028218206,0.009122688,0.9363114,0.020502768,0.0058449074
/home/ikk/renal-calculi-classificaction/DATASET/RESIZED/6/section/6_3186SE_3.jpg,/home/ikk/renal-calculi-classificaction/DATASET/RESIZED/6/section/MASKS/6_3186SE_3_mask.png,3,6,section,6_3186SE,2,3,3,0.036094815,0.11434984,0.7721383,0.06919086,0.008226165
/home/ikk/renal-calculi-classificaction/DATASET/RESIZED/6/section/6_2278SE.png,/home/ikk/renal-calculi-classificaction/DATASET/RESIZED/6/section/MASKS/6_2278SE_mask.png,3,6,section,6_2278SE,0,3,3,0.52970296,0.060034428,0.28376994,0.07209895,0.054393742
/home/ikk/renal-calculi-classificaction/DATASET/RESIZED/6/section/6_3186SE_1.jpg,/home/ikk/renal-calculi-classificaction/DATASET/RESIZED/6/section/MASKS/6_3186SE_1_mask.png,3,6,section,6_3186SE,3,3,3,0.014140019,0.0016414806,0.013962688,0.9658749,0.0043809274
/home/ikk/renal-calculi-classificaction/DATASET/RESIZED/6/section/6_3088SE.png,/home/ikk/renal-calculi-classificaction/DATASET/RESIZED/6/section/MASKS/6_3088SE_mask.png,3,6,section,6_3088SE,0,3,3,0.7627672,0.029759223,0.055902988,0.14601211,0.0055584256
/home/ikk/renal-calculi-classificaction/DATASET/RESIZED/6/section/6_3186SE_2.jpg,/home/ikk/renal-calculi-classificaction/DATASET/RESIZED/6/section/MASKS/6_3186SE_2_mask.png,3,6,section,6_3186SE,0,3,3,0.41062823,0.1546379,0.15969972,0.24704066,0.027993511
/home/ikk/renal-calculi-classificaction/DATASET/RESIZED/6/section/6_2616SE.png,/home/ikk/renal-calculi-classificaction/DATASET/RESIZED/6/section/MASKS/6_2616SE_mask.png,3,6,section,6_2616SE,3,3,3,0.0065802345,0.0010051933,0.006179996,0.9844355,0.0017990535
/home/ikk/renal-calculi-classificaction/DATASET/RESIZED/8aI - 8aII/section/8aII_1951SE.jpg,/home/ikk/renal-calculi-classificaction/DATASET/RESIZED/8aI - 8aII/section/MASKS/8aII_1951SE_mask.png,4,8aI - 8aII,section,8aII_1951SE,4,4,3,0.00872216,0.082280815,0.006785017,0.020679422,0.8815326
/home/ikk/renal-calculi-classificaction/DATASET/RESIZED/8aI - 8aII/section/8aII_2279SE.png,/home/ikk/renal-calculi-classificaction/DATASET/RESIZED/8aI - 8aII/section/MASKS/8aII_2279SE_mask.png,4,8aI - 8aII,section,8aII_2279SE,4,4,3,0.044442896,0.06003974,0.0137326205,0.22804105,0.6537437
/home/ikk/renal-calculi-classificaction/DATASET/RESIZED/8aI - 8aII/section/8aII_3332SE.jpg,/home/ikk/renal-calculi-classificaction/DATASET/RESIZED/8aI - 8aII/section/MASKS/8aII_3332SE_mask.png,4,8aI - 8aII,section,8aII_3332SE,4,4,3,0.0073282192,0.0011075806,0.004485591,0.005187407,0.9818912
/home/ikk/renal-calculi-classificaction/DATASET/RESIZED/3aII/surface/3aII_3117SE_2.png,/home/ikk/renal-calculi-classificaction/DATASET/RESIZED/3aII/surface/MASKS/3aII_3117SE_2_mask.png,1,3aII,surface,3aII_3117SE,1,1,3,0.039372068,0.66205496,0.27756053,0.018329801,0.0026826996
/home/ikk/renal-calculi-classificaction/DATASET/RESIZED/3aII/surface/3aII_1976SE.jpg,/home/ikk/renal-calculi-classificaction/DATASET/RESIZED/3aII/surface/MASKS/3aII_1976SE_mask.png,1,3aII,surface,3aII_1976SE,2,1,3,0.27264667,0.07647441,0.613818,0.025629979,0.01143095
/home/ikk/renal-calculi-classificaction/DATASET/RESIZED/3aII/surface/3aII_3044SE.png,/home/ikk/renal-calculi-classificaction/DATASET/RESIZED/3aII/surface/MASKS/3aII_3044SE_mask.png,1,3aII,surface,3aII_3044SE,2,1,3,0.07364402,0.16943626,0.72741145,0.013038734,0.01646953
/home/ikk/renal-calculi-classificaction/DATASET/RESIZED/3aII/surface/3aII_2530SE.png,/home/ikk/renal-calculi-classificaction/DATASET/RESIZED/3aII/surface/MASKS/3aII_2530SE_mask.png,1,3aII,surface,3aII_2530SE,2,1,3,0.111130804,0.09611487,0.7641911,0.018148221,0.0104150735
/home/ikk/renal-calculi-classificaction/DATASET/RESIZED/3aII/surface/3aII_3117SE_1.png,/home/ikk/renal-calculi-classificaction/DATASET/RESIZED/3aII/surface/MASKS/3aII_3117SE_1_mask.png,1,3aII,surface,3aII_3117SE,1,1,3,0.01571828,0.76474446,0.05697432,0.013427296,0.14913563
/home/ikk/renal-calculi-classificaction/DATASET/RESIZED/3aII/section/3aII_2536SE.png,/home/ikk/renal-calculi-classificaction/DATASET/RESIZED/3aII/section/MASKS/3aII_2536SE_mask.png,1,3aII,section,3aII_2536SE,2,1,3,0.31605417,0.032883853,0.529307,0.016616963,0.105138056
/home/ikk/renal-calculi-classificaction/DATASET/RESIZED/3bII/surface/3bII_1973SE.jpg,/home/ikk/renal-calculi-classificaction/DATASET/RESIZED/3bII/surface/MASKS/3bII_1973SE_mask.png,2,3bII,surface,3bII_1973SE,2,2,3,0.052187324,0.015985906,0.8356205,0.088155665,0.008050596
/home/ikk/renal-calculi-classificaction/DATASET/RESIZED/3bII/surface/3bII_2663SE.png,/home/ikk/renal-calculi-classificaction/DATASET/RESIZED/3bII/surface/MASKS/3bII_2663SE_mask.png,2,3bII,surface,3bII_2663SE,1,2,3,0.009026254,0.63128895,0.28537765,0.06999579,0.004311364
/home/ikk/renal-calculi-classificaction/DATASET/RESIZED/3bII/surface/3bII_2419SE.png,/home/ikk/renal-calculi-classificaction/DATASET/RESIZED/3bII/surface/MASKS/3bII_2419SE_mask.png,2,3bII,surface,3bII_2419SE,0,2,3,0.67447734,0.076563254,0.22865278,0.014355761,0.0059509184
/home/ikk/renal-calculi-classificaction/DATASET/RESIZED/3bII/surface/3bII_2305SE.png,/home/ikk/renal-calculi-classificaction/DATASET/RESIZED/3bII/surface/MASKS/3bII_2305SE_mask.png,2,3bII,surface,3bII_2305SE,1,2,3,0.09039769,0.48144317,0.41349855,0.009150058,0.005510571
/home/ikk/renal-calculi-classificaction/DATASET/RESIZED/3bII/section/3bII_1862SE.jpg,/home/ikk/renal-calculi-classificaction/DATASET/RESIZED/3bII/section/MASKS/3bII_1862SE_mask.png,2,3bII,section,3bII_1862SE,0,2,3,0.7490579,0.013977684,0.16894808,0.005756501,0.06225981
/home/ikk/renal-calculi-classificaction/DATASET/RESIZED/3bII/section/3bII_2450SE.png,/home/ikk/renal-calculi-classificaction/DATASET/RESIZED/3bII/section/MASKS/3bII_2450SE_mask.png,2,3bII,section,3bII_2450SE,0,2,3,0.7346776,0.010688415,0.23214908,0.011801371,0.0106835235
/home/ikk/renal-calculi-classificaction/DATASET/RESIZED/3bII/section/3bII_3364SE.jpg,/home/ikk/renal-calculi-classificaction/DATASET/RESIZED/3bII/section/MASKS/3bII_3364SE_mask.png,2,3bII,section,3bII_3364SE,2,2,3,0.11637139,0.0044548823,0.8532619,0.015572737,0.010339077
/home/ikk/renal-calculi-classificaction/DATASET/RESIZED/3bII/section/3bII_2187SE.jpg,/home/ikk/renal-calculi-classificaction/DATASET/RESIZED/3bII/section/MASKS/3bII_2187SE_mask.png,2,3bII,section,3bII_2187SE,0,2,3,0.7766733,0.009861833,0.15620215,0.020133493,0.037129223
/home/ikk/renal-calculi-classificaction/DATASET/RESIZED/3bII/section/3bII_2871SE.jpg,/home/ikk/renal-calculi-classificaction/DATASET/RESIZED/3bII/section/MASKS/3bII_2871SE_mask.png,2,3bII,section,3bII_2871SE,0,2,3,0.59318334,0.008978074,0.39085242,0.0021397104,0.0048464336
/home/ikk/renal-calculi-classificaction/DATASET/RESIZED/3bII/section/3bII_4.jpg,/home/ikk/renal-calculi-classificaction/DATASET/RESIZED/3bII/section/MASKS/3bII_4_mask.png,2,3bII,section,3bII_4,2,2,3,0.025906239,0.032935906,0.92749786,0.0072724842,0.0063875127
/home/ikk/renal-calculi-classificaction/DATASET/RESIZED/2a/surface/2a_1800SE.jpg,/home/ikk/renal-calculi-classificaction/DATASET/RESIZED/2a/surface/MASKS/2a_1800SE_mask.png,0,2a,surface,2a_1800SE,0,0,3,0.73299575,0.0081433095,0.087978765,0.011165003,0.15971716
/home/ikk/renal-calculi-classificaction/DATASET/RESIZED/2a/surface/2a_583CP.jpg,/home/ikk/renal-calculi-classificaction/DATASET/RESIZED/2a/surface/MASKS/2a_583CP_mask.png,0,2a,surface,2a_583CP,0,0,3,0.94665533,0.010630161,0.015930505,0.012786887,0.01399713
/home/ikk/renal-calculi-classificaction/DATASET/RESIZED/2a/surface/2a_1802SE.jpg,/home/ikk/renal-calculi-classificaction/DATASET/RESIZED/2a/surface/MASKS/2a_1802SE_mask.png,0,2a,surface,2a_1802SE,0,0,3,0.6565279,0.030020963,0.17178975,0.03017165,0.111489795
/home/ikk/renal-calculi-classificaction/DATASET/RESIZED/2a/surface/2a_2169SE.jpg,/home/ikk/renal-calculi-classificaction/DATASET/RESIZED/2a/surface/MASKS/2a_2169SE_mask.png,0,2a,surface,2a_2169SE,0,0,3,0.9823651,0.0014070863,0.012054975,0.0014635612,0.002709301
/home/ikk/renal-calculi-classificaction/DATASET/RESIZED/2a/surface/2a_3367SE.jpg,/home/ikk/renal-calculi-classificaction/DATASET/RESIZED/2a/surface/MASKS/2a_3367SE_mask.png,0,2a,surface,2a_3367SE,0,0,3,0.92530453,0.033208594,0.03616423,0.0027718302,0.0025508874
/home/ikk/renal-calculi-classificaction/DATASET/RESIZED/2a/surface/2a_2412SE_1.png,/home/ikk/renal-calculi-classificaction/DATASET/RESIZED/2a/surface/MASKS/2a_2412SE_1_mask.png,0,2a,surface,2a_2412SE,0,0,3,0.9744889,0.0019795657,0.011899713,0.0054285275,0.0062032696
/home/ikk/renal-calculi-classificaction/DATASET/RESIZED/2a/surface/2a_1787SE.jpg,/home/ikk/renal-calculi-classificaction/DATASET/RESIZED/2a/surface/MASKS/2a_1787SE_mask.png,0,2a,surface,2a_1787SE,0,0,3,0.7908669,0.023380244,0.024722109,0.0062876916,0.15474306
/home/ikk/renal-calculi-classificaction/DATASET/RESIZED/2a/surface/2a_1991SE_1.jpg,/home/ikk/renal-calculi-classificaction/DATASET/RESIZED/2a/surface/MASKS/2a_1991SE_1_mask.png,0,2a,surface,2a_1991SE,0,0,3,0.9733574,0.001904986,0.020377683,0.0020825313,0.0022774707
/home/ikk/renal-calculi-classificaction/DATASET/RESIZED/2a/surface/2a_1918SE.jpg,/home/ikk/renal-calculi-classificaction/DATASET/RESIZED/2a/surface/MASKS/2a_1918SE_mask.png,0,2a,surface,2a_1918SE,0,0,3,0.895695,0.007721988,0.009383848,0.010971949,0.076227225
/home/ikk/renal-calculi-classificaction/DATASET/RESIZED/2a/section/2a_1802SE_2.jpg,/home/ikk/renal-calculi-classificaction/DATASET/RESIZED/2a/section/MASKS/2a_1802SE_2_mask.png,0,2a,section,2a_1802SE,0,0,3,0.9266993,0.004255144,0.05100184,0.0011140329,0.016929733
/home/ikk/renal-calculi-classificaction/DATASET/RESIZED/2a/section/2a_2867SE.jpg,/home/ikk/renal-calculi-classificaction/DATASET/RESIZED/2a/section/MASKS/2a_2867SE_mask.png,0,2a,section,2a_2867SE,0,0,3,0.9267988,0.011594457,0.043757588,0.007800038,0.010049062
/home/ikk/renal-calculi-classificaction/DATASET/RESIZED/2a/section/2a_3157SE.png,/home/ikk/renal-calculi-classificaction/DATASET/RESIZED/2a/section/MASKS/2a_3157SE_mask.png,0,2a,section,2a_3157SE,2,0,3,0.30501893,0.32685366,0.3373926,0.01617629,0.014558488
/home/ikk/renal-calculi-classificaction/DATASET/RESIZED/2a/section/2a_2179SE.jpg,/home/ikk/renal-calculi-classificaction/DATASET/RESIZED/2a/section/MASKS/2a_2179SE_mask.png,0,2a,section,2a_2179SE,0,0,3,0.9771475,0.0012066005,0.013045392,0.0010113455,0.0075892205
/home/ikk/renal-calculi-classificaction/DATASET/RESIZED/2a/section/2a_2.png,/home/ikk/renal-calculi-classificaction/DATASET/RESIZED/2a/section/MASKS/2a_2_mask.png,0,2a,section,2a_2,0,0,3,0.80217403,0.091130234,0.0776383,0.014588375,0.014469043
/home/ikk/renal-calculi-classificaction/DATASET/RESIZED/2a/section/2a_HAP_sup_3296SE.jpg,/home/ikk/renal-calculi-classificaction/DATASET/RESIZED/2a/section/MASKS/2a_HAP_sup_3296SE_mask.png,0,2a,section,2a_HAP_sup_3296SE,0,0,3,0.6184556,0.067865446,0.3047094,0.0050103026,0.003959282
/home/ikk/renal-calculi-classificaction/DATASET/RESIZED/2a/section/2a_2148SE.jpg,/home/ikk/renal-calculi-classificaction/DATASET/RESIZED/2a/section/MASKS/2a_2148SE_mask.png,0,2a,section,2a_2148SE,0,0,3,0.98719376,0.0013729794,0.0090509895,0.0011816024,0.001200662
/home/ikk/renal-calculi-classificaction/DATASET/RESIZED/2a/section/2a_2412SE_2.png,/home/ikk/renal-calculi-classificaction/DATASET/RESIZED/2a/section/MASKS/2a_2412SE_2_mask.png,0,2a,section,2a_2412SE,0,0,3,0.7977975,0.005261977,0.18605804,0.0039567654,0.006925695
/home/ikk/renal-calculi-classificaction/DATASET/RESIZED/2a/section/2a_2091SE.jpg,/home/ikk/renal-calculi-classificaction/DATASET/RESIZED/2a/section/MASKS/2a_2091SE_mask.png,0,2a,section,2a_2091SE,2,0,3,0.2335827,0.06959713,0.64017034,0.026617592,0.030032275
/home/ikk/renal-calculi-classificaction/DATASET/RESIZED/2a/section/2a_1991SE_2.jpg,/home/ikk/renal-calculi-classificaction/DATASET/RESIZED/2a/section/MASKS/2a_1991SE_2_mask.png,0,2a,section,2a_1991SE,0,0,3,0.98045725,0.0032631392,0.01059172,0.0014871458,0.00420077
/home/ikk/renal-calculi-classificaction/DATASET/RESIZED/2a/section/2a_2513SE.png,/home/ikk/renal-calculi-classificaction/DATASET/RESIZED/2a/section/MASKS/2a_2513SE_mask.png,0,2a,section,2a_2513SE,0,0,3,0.86759853,0.009496341,0.10039703,0.0017395519,0.020768598
/home/ikk/renal-calculi-classificaction/DATASET/RESIZED/4II-4I/surface/4I_3179SE.jpg,/home/ikk/renal-calculi-classificaction/DATASET/RESIZED/4II-4I/surface/MASKS/4I_3179SE_mask.png,2,4II-4I,surface,4I_3179SE,2,2,3,0.050865866,0.005905057,0.93653756,0.004687721,0.0020038122
/home/ikk/renal-calculi-classificaction/DATASET/RESIZED/4II-4I/surface/4I_111111_inventado.jpg,/home/ikk/renal-calculi-classificaction/DATASET/RESIZED/4II-4I/surface/MASKS/4I_111111_inventado_mask.png,2,4II-4I,surface,4I_111111,4,2,3,0.06841649,0.01408029,0.036834158,0.0045247185,0.87614435
/home/ikk/renal-calculi-classificaction/DATASET/RESIZED/4II-4I/surface/4II_2026SE.jpg,/home/ikk/renal-calculi-classificaction/DATASET/RESIZED/4II-4I/surface/MASKS/4II_2026SE_mask.png,2,4II-4I,surface,4II_2026SE,2,2,3,0.07862754,0.031211624,0.8530473,0.027070671,0.0100428015
/home/ikk/renal-calculi-classificaction/DATASET/RESIZED/4II-4I/surface/4II_1.jpg,/home/ikk/renal-calculi-classificaction/DATASET/RESIZED/4II-4I/surface/MASKS/4II_1_mask.png,2,4II-4I,surface,4II_1,2,2,3,0.009018216,0.08789681,0.7857948,0.1099129,0.007377277
/home/ikk/renal-calculi-classificaction/DATASET/RESIZED/4II-4I/section/4I_1872SE.jpg,/home/ikk/renal-calculi-classificaction/DATASET/RESIZED/4II-4I/section/MASKS/4I_1872SE_mask.png,2,4II-4I,section,4I_1872SE,2,2,3,0.05278949,0.006155172,0.9260651,0.0034712474,0.011518928
/home/ikk/renal-calculi-classificaction/DATASET/RESIZED/4II-4I/section/4II_3046SE.png,/home/ikk/renal-calculi-classificaction/DATASET/RESIZED/4II-4I/section/MASKS/4II_3046SE_mask.png,2,4II-4I,section,4II_3046SE,3,2,3,0.018106822,0.08989818,0.35756046,0.5239283,0.01050626
/home/ikk/renal-calculi-classificaction/DATASET/RESIZED/4II-4I/section/4II_1993SE.jpg,/home/ikk/renal-calculi-classificaction/DATASET/RESIZED/4II-4I/section/MASKS/4II_1993SE_mask.png,2,4II-4I,section,4II_1993SE,2,2,3,0.03510124,0.009394259,0.7209598,0.21214683,0.022397919
/home/ikk/renal-calculi-classificaction/DATASET/RESIZED/4II-4I/section/4II_2168SE.jpg,/home/ikk/renal-calculi-classificaction/DATASET/RESIZED/4II-4I/section/MASKS/4II_2168SE_mask.png,2,4II-4I,section,4II_2168SE,2,2,3,0.0817972,0.056330074,0.7080463,0.031129751,0.122696675
/home/ikk/renal-calculi-classificaction/DATASET/RESIZED/4II-4I/section/4II_7.jpg,/home/ikk/renal-calculi-classificaction/DATASET/RESIZED/4II-4I/section/MASKS/4II_7_mask.png,2,4II-4I,section,4II_7,3,2,3,0.14873543,0.080597684,0.27564982,0.3558732,0.1391439
/home/ikk/renal-calculi-classificaction/DATASET/RESIZED/4II-4I/section/4II_2439SE.png,/home/ikk/renal-calculi-classificaction/DATASET/RESIZED/4II-4I/section/MASKS/4II_2439SE_mask.png,2,4II-4I,section,4II_2439SE,2,2,3,0.021173747,0.011571228,0.9571333,0.0070549813,0.0030667367
/home/ikk/renal-calculi-classificaction/DATASET/RESIZED/4II-4I/section/4I_COM_1892SE_2.jpg,/home/ikk/renal-calculi-classificaction/DATASET/RESIZED/4II-4I/section/MASKS/4I_COM_1892SE_2_mask.png,2,4II-4I,section,4I_COM_1892SE,0,2,3,0.7648352,0.01770542,0.19486128,0.011290166,0.011308015
/home/ikk/renal-calculi-classificaction/DATASET/RESIZED/1aI/surface/1aI_2110SE_5_LB.png,/home/ikk/renal-calculi-classificaction/DATASET/RESIZED/1aI/surface/MASKS/1aI_2110SE_5_LB_mask.png,0,1aI,surface,1aI_2110SE,0,0,3,0.8294997,0.026941074,0.116990514,0.015533939,0.0110347625
/home/ikk/renal-calculi-classificaction/DATASET/RESIZED/1aI/surface/1aI_2110SE_1_LB.png,/home/ikk/renal-calculi-classificaction/DATASET/RESIZED/1aI/surface/MASKS/1aI_2110SE_1_LB_mask.png,0,1aI,surface,1aI_2110SE,0,0,3,0.9503167,0.0042598625,0.036568306,0.0059212768,0.0029338005
/home/ikk/renal-calculi-classificaction/DATASET/RESIZED/1aI/surface/1aI_2110SE_4_LB.png,/home/ikk/renal-calculi-classificaction/DATASET/RESIZED/1aI/surface/MASKS/1aI_2110SE_4_LB_mask.png,0,1aI,surface,1aI_2110SE,0,0,3,0.9224166,0.007381757,0.057192028,0.009431309,0.003578257
/home/ikk/renal-calculi-classificaction/DATASET/RESIZED/1aI/surface/1aI_2109SE.jpg,/home/ikk/renal-calculi-classificaction/DATASET/RESIZED/1aI/surface/MASKS/1aI_2109SE_mask.png,0,1aI,surface,1aI_2109SE,0,0,3,0.55639976,0.028704023,0.067928605,0.038579654,0.30838796
/home/ikk/renal-calculi-classificaction/DATASET/RESIZED/1aI/surface/1aI_COD_sup_2147SE_2.jpg,/home/ikk/renal-calculi-classificaction/DATASET/RESIZED/1aI/surface/MASKS/1aI_COD_sup_2147SE_2_mask.png,0,1aI,surface,1aI_COD_sup_2147SE,0,0,3,0.8727714,0.035411347,0.032572504,0.00824683,0.05099798
/home/ikk/renal-calculi-classificaction/DATASET/RESIZED/1aI/surface/1aI_COD_sup_1928SE.jpg,/home/ikk/renal-calculi-classificaction/DATASET/RESIZED/1aI/surface/MASKS/1aI_COD_sup_1928SE_mask.png,0,1aI,surface,1aI_COD_sup_1928SE,0,0,3,0.95860493,0.0041674837,0.02626781,0.0035713206,0.007388419
/home/ikk/renal-calculi-classificaction/DATASET/RESIZED/1aI/surface/1aI_2110SE_3_LB.png,/home/ikk/renal-calculi-classificaction/DATASET/RESIZED/1aI/surface/MASKS/1aI_2110SE_3_LB_mask.png,0,1aI,surface,1aI_2110SE,0,0,3,0.9452206,0.008559083,0.014349132,0.024707284,0.0071639377
/home/ikk/renal-calculi-classificaction/DATASET/RESIZED/1aI/surface/1aI_3196SE_1.jpg,/home/ikk/renal-calculi-classificaction/DATASET/RESIZED/1aI/surface/MASKS/1aI_3196SE_1_mask.png,0,1aI,surface,1aI_3196SE,0,0,3,0.87051344,0.008363343,0.09546388,0.017191635,0.008467735
/home/ikk/renal-calculi-classificaction/DATASET/RESIZED/1aI/surface/1aI_COD_sup_1928SE_2.jpg,/home/ikk/renal-calculi-classificaction/DATASET/RESIZED/1aI/surface/MASKS/1aI_COD_sup_1928SE_2_mask.png,0,1aI,surface,1aI_COD_sup_1928SE,0,0,3,0.9903638,0.0016543829,0.005159921,0.0011212898,0.001700673
/home/ikk/renal-calculi-classificaction/DATASET/RESIZED/1aI/surface/1aI_2110SE_2_LB.png,/home/ikk/renal-calculi-classificaction/DATASET/RESIZED/1aI/surface/MASKS/1aI_2110SE_2_LB_mask.png,0,1aI,surface,1aI_2110SE,0,0,3,0.91555583,0.009337311,0.06254454,0.009476508,0.0030858763
/home/ikk/renal-calculi-classificaction/DATASET/RESIZED/1aI/surface/1aI_2225SE_1.jpg,/home/ikk/renal-calculi-classificaction/DATASET/RESIZED/1aI/surface/MASKS/1aI_2225SE_1_mask.png,0,1aI,surface,1aI_2225SE,0,0,3,0.6809877,0.028837759,0.02846664,0.041324615,0.22038329
/home/ikk/renal-calculi-classificaction/DATASET/RESIZED/1aI/surface/1aI_1797SE.jpg,/home/ikk/renal-calculi-classificaction/DATASET/RESIZED/1aI/surface/MASKS/1aI_1797SE_mask.png,0,1aI,surface,1aI_1797SE,0,0,3,0.8594237,0.012561872,0.09471518,0.0056660627,0.02763314
/home/ikk/renal-calculi-classificaction/DATASET/RESIZED/1aI/surface/1aI_COD_sup_2147SE_1.jpg,/home/ikk/renal-calculi-classificaction/DATASET/RESIZED/1aI/surface/MASKS/1aI_COD_sup_2147SE_1_mask.png,0,1aI,surface,1aI_COD_sup_2147SE,0,0,3,0.6766414,0.019826146,0.22899641,0.008052917,0.066483065
/home/ikk/renal-calculi-classificaction/DATASET/RESIZED/1aI/surface/1aI_1934SE.jpg,/home/ikk/renal-calculi-classificaction/DATASET/RESIZED/1aI/surface/MASKS/1aI_1934SE_mask.png,0,1aI,surface,1aI_1934SE,0,0,3,0.73486793,0.032943793,0.20685579,0.0046619037,0.02067057
/home/ikk/renal-calculi-classificaction/DATASET/RESIZED/1aI/surface/1aI_2676SE.png,/home/ikk/renal-calculi-classificaction/DATASET/RESIZED/1aI/surface/MASKS/1aI_2676SE_mask.png,0,1aI,surface,1aI_2676SE,0,0,3,0.92900884,0.008365669,0.010085819,0.048054192,0.004485531
/home/ikk/renal-calculi-classificaction/DATASET/RESIZED/1aI/section/1aI_3196SE_2.jpg,/home/ikk/renal-calculi-classificaction/DATASET/RESIZED/1aI/section/MASKS/1aI_3196SE_2_mask.png,0,1aI,section,1aI_3196SE,0,0,3,0.96219164,0.0040080133,0.02879026,0.0027508843,0.0022592093
/home/ikk/renal-calculi-classificaction/DATASET/RESIZED/1aI/section/1aI_2110SE_7_LB.png,/home/ikk/renal-calculi-classificaction/DATASET/RESIZED/1aI/section/MASKS/1aI_2110SE_7_LB_mask.png,0,1aI,section,1aI_2110SE,0,0,3,0.9578354,0.004678202,0.01603572,0.0025906072,0.018860167
/home/ikk/renal-calculi-classificaction/DATASET/RESIZED/1aI/section/1aI_2110SE_6_LB.png,/home/ikk/renal-calculi-classificaction/DATASET/RESIZED/1aI/section/MASKS/1aI_2110SE_6_LB_mask.png,0,1aI,section,1aI_2110SE,0,0,3,0.65992755,0.045396443,0.07879145,0.17914231,0.0367422
/home/ikk/renal-calculi-classificaction/DATASET/RESIZED/1aI/section/1aI_1934SE_2.jpg,/home/ikk/renal-calculi-classificaction/DATASET/RESIZED/1aI/section/MASKS/1aI_1934SE_2_mask.png,0,1aI,section,1aI_1934SE,0,0,3,0.98135537,0.0016037596,0.013067136,0.0011355462,0.0028382228
/home/ikk/renal-calculi-classificaction/DATASET/RESIZED/1aI/section/1aI_2225SE_2.jpg,/home/ikk/renal-calculi-classificaction/DATASET/RESIZED/1aI/section/MASKS/1aI_2225SE_2_mask.png,0,1aI,section,1aI_2225SE,0,0,3,0.9368016,0.0023016413,0.049082845,0.0014959079,0.010317965
/home/ikk/renal-calculi-classificaction/DATASET/RESIZED/6/section/6_3230SE.jpg,/home/ikk/renal-calculi-classificaction/DATASET/RESIZED/6/section/MASKS/6_3230SE_mask.png,3,6,section,6_3230SE,2,3,4,0.06983328,0.035721347,0.7621377,0.09560774,0.036699932
/home/ikk/renal-calculi-classificaction/DATASET/RESIZED/6/section/6_2770SE.jpg,/home/ikk/renal-calculi-classificaction/DATASET/RESIZED/6/section/MASKS/6_2770SE_mask.png,3,6,section,6_2770SE,2,3,4,0.09327095,0.05744299,0.3856415,0.31367388,0.14997064
/home/ikk/renal-calculi-classificaction/DATASET/RESIZED/6/section/6_2274SE.png,/home/ikk/renal-calculi-classificaction/DATASET/RESIZED/6/section/MASKS/6_2274SE_mask.png,3,6,section,6_2274SE,3,3,4,0.04063824,0.0044911425,0.035646405,0.9162822,0.0029421037
/home/ikk/renal-calculi-classificaction/DATASET/RESIZED/6/section/6_3059SE.png,/home/ikk/renal-calculi-classificaction/DATASET/RESIZED/6/section/MASKS/6_3059SE_mask.png,3,6,section,6_3059SE,2,3,4,0.019266127,0.017602278,0.48400846,0.4732792,0.005843924
/home/ikk/renal-calculi-classificaction/DATASET/RESIZED/8aI - 8aII/surface/8aII_2163SE.jpg,/home/ikk/renal-calculi-classificaction/DATASET/RESIZED/8aI - 8aII/surface/MASKS/8aII_2163SE_mask.png,4,8aI - 8aII,surface,8aII_2163SE,2,4,4,0.15368782,0.03105824,0.6950153,0.03245827,0.08778039
/home/ikk/renal-calculi-classificaction/DATASET/RESIZED/8aI - 8aII/surface/8aII_3026SE.jpg,/home/ikk/renal-calculi-classificaction/DATASET/RESIZED/8aI - 8aII/surface/MASKS/8aII_3026SE_mask.png,4,8aI - 8aII,surface,8aII_3026SE,4,4,4,0.01128342,0.006901845,0.0087518,0.010250134,0.96281284
/home/ikk/renal-calculi-classificaction/DATASET/RESIZED/8aI - 8aII/surface/8aII_1874SE.jpg,/home/ikk/renal-calculi-classificaction/DATASET/RESIZED/8aI - 8aII/surface/MASKS/8aII_1874SE_mask.png,4,8aI - 8aII,surface,8aII_1874SE,0,4,4,0.4706478,0.05073726,0.23235448,0.036926053,0.20933434
/home/ikk/renal-calculi-classificaction/DATASET/RESIZED/8aI - 8aII/section/8aI_2316SE.png,/home/ikk/renal-calculi-classificaction/DATASET/RESIZED/8aI - 8aII/section/MASKS/8aI_2316SE_mask.png,4,8aI - 8aII,section,8aI_2316SE,4,4,4,0.15294471,0.023252307,0.015438253,0.008155146,0.8002096
/home/ikk/renal-calculi-classificaction/DATASET/RESIZED/8aI - 8aII/section/8aII_2146SE.jpg,/home/ikk/renal-calculi-classificaction/DATASET/RESIZED/8aI - 8aII/section/MASKS/8aII_2146SE_mask.png,4,8aI - 8aII,section,8aII_2146SE,4,4,4,0.042419154,0.009245166,0.013735921,0.015987853,0.91861194
/home/ikk/renal-calculi-classificaction/DATASET/RESIZED/8aI - 8aII/section/8aII_1874SE_2.jpg,/home/ikk/renal-calculi-classificaction/DATASET/RESIZED/8aI - 8aII/section/MASKS/8aII_1874SE_2_mask.png,4,8aI - 8aII,section,8aII_1874SE,4,4,4,0.009716482,0.0017582164,0.048288804,0.0023774197,0.93785906
/home/ikk/renal-calculi-classificaction/DATASET/RESIZED/3aII/surface/3aII_1786SE.jpg,/home/ikk/renal-calculi-classificaction/DATASET/RESIZED/3aII/surface/MASKS/3aII_1786SE_mask.png,1,3aII,surface,3aII_1786SE,2,1,4,0.044398412,0.025830934,0.69802576,0.018437505,0.21330738
/home/ikk/renal-calculi-classificaction/DATASET/RESIZED/3aII/surface/3aII_3049SE.png,/home/ikk/renal-calculi-classificaction/DATASET/RESIZED/3aII/surface/MASKS/3aII_3049SE_mask.png,1,3aII,surface,3aII_3049SE,2,1,4,0.039675202,0.32220727,0.3246828,0.28050762,0.03292706
/home/ikk/renal-calculi-classificaction/DATASET/RESIZED/3aII/surface/3aII_1969SE_2.jpg,/home/ikk/renal-calculi-classificaction/DATASET/RESIZED/3aII/surface/MASKS/3aII_1969SE_2_mask.png,1,3aII,surface,3aII_1969SE,3,1,4,0.042205144,0.04253006,0.34435666,0.53893477,0.031973336
/home/ikk/renal-calculi-classificaction/DATASET/RESIZED/3aII/surface/3aII_1969SE_1.jpg,/home/ikk/renal-calculi-classificaction/DATASET/RESIZED/3aII/surface/MASKS/3aII_1969SE_1_mask.png,1,3aII,surface,3aII_1969SE,3,1,4,0.012575167,0.21816596,0.3561306,0.40858263,0.0045456747
/home/ikk/renal-calculi-classificaction/DATASET/RESIZED/3aII/surface/3aII_1820SE.jpg,/home/ikk/renal-calculi-classificaction/DATASET/RESIZED/3aII/surface/MASKS/3aII_1820SE_mask.png,1,3aII,surface,3aII_1820SE,2,1,4,0.1088363,0.031804588,0.7124698,0.042511106,0.104378186
/home/ikk/renal-calculi-classificaction/DATASET/RESIZED/3aII/section/3aII_2654SE.png,/home/ikk/renal-calculi-classificaction/DATASET/RESIZED/3aII/section/MASKS/3aII_2654SE_mask.png,1,3aII,section,3aII_2654SE,0,1,4,0.70517683,0.015116254,0.24632417,0.022564558,0.010818146
/home/ikk/renal-calculi-classificaction/DATASET/RESIZED/3bII/surface/3bII_2243SE.jpg,/home/ikk/renal-calculi-classificaction/DATASET/RESIZED/3bII/surface/MASKS/3bII_2243SE_mask.png,2,3bII,surface,3bII_2243SE,1,2,4,0.02880657,0.40670004,0.246243,0.20078321,0.1174672
/home/ikk/renal-calculi-classificaction/DATASET/RESIZED/3bII/surface/3bII_3262SE.jpg,/home/ikk/renal-calculi-classificaction/DATASET/RESIZED/3bII/surface/MASKS/3bII_3262SE_mask.png,2,3bII,surface,3bII_3262SE,0,2,4,0.88959277,0.0026342093,0.09963066,0.005534131,0.0026082566
/home/ikk/renal-calculi-classificaction/DATASET/RESIZED/3bII/surface/3bII_2768SE.jpg,/home/ikk/renal-calculi-classificaction/DATASET/RESIZED/3bII/surface/MASKS/3bII_2768SE_mask.png,2,3bII,surface,3bII_2768SE,0,2,4,0.94435495,0.0052004424,0.04769036,0.0012828866,0.0014713762
/home/ikk/renal-calculi-classificaction/DATASET/RESIZED/3bII/surface/3bII_1958SE.jpg,/home/ikk/renal-calculi-classificaction/DATASET/RESIZED/3bII/surface/MASKS/3bII_1958SE_mask.png,2,3bII,surface,3bII_1958SE,2,2,4,0.2683148,0.007994767,0.69541836,0.015477627,0.012794403
/home/ikk/renal-calculi-classificaction/DATASET/RESIZED/3bII/surface/3bII_1888SE.jpg,/home/ikk/renal-calculi-classificaction/DATASET/RESIZED/3bII/surface/MASKS/3bII_1888SE_mask.png,2,3bII,surface,3bII_1888SE,2,2,4,0.2570191,0.036537025,0.6585698,0.020216016,0.027658032
/home/ikk/renal-calculi-classificaction/DATASET/RESIZED/3bII/surface/3bII_MO_1895SE.jpg,/home/ikk/renal-calculi-classificaction/DATASET/RESIZED/3bII/surface/MASKS/3bII_MO_1895SE_mask.png,2,3bII,surface,3bII_MO_1895SE,0,2,4,0.47673327,0.038765635,0.21538413,0.028635062,0.24048194
/home/ikk/renal-calculi-classificaction/DATASET/RESIZED/3bII/section/3bII_1.jpg,/home/ikk/renal-calculi-classificaction/DATASET/RESIZED/3bII/section/MASKS/3bII_1_mask.png,2,3bII,section,3bII_1,2,2,4,0.04482737,0.12973526,0.6060158,0.20207404,0.017347524
/home/ikk/renal-calculi-classificaction/DATASET/RESIZED/3bII/section/3bII_2065SE.jpg,/home/ikk/renal-calculi-classificaction/DATASET/RESIZED/3bII/section/MASKS/3bII_2065SE_mask.png,2,3bII,section,3bII_2065SE,2,2,4,0.06369394,0.010806883,0.8332305,0.05069068,0.041578032
/home/ikk/renal-calculi-classificaction/DATASET/RESIZED/3bII/section/3bII_2451SE.png,/home/ikk/renal-calculi-classificaction/DATASET/RESIZED/3bII/section/MASKS/3bII_2451SE_mask.png,2,3bII,section,3bII_2451SE,1,2,4,0.3879711,0.4214014,0.09708747,0.02928542,0.0642546
/home/ikk/renal-calculi-classificaction/DATASET/RESIZED/3bII/section/3bII_6.jpg,/home/ikk/renal-calculi-classificaction/DATASET/RESIZED/3bII/section/MASKS/3bII_6_mask.png,2,3bII,section,3bII_6,2,2,4,0.017631074,0.08118025,0.76825565,0.12397897,0.008954014
/home/ikk/renal-calculi-classificaction/DATASET/RESIZED/3bII/section/3bII_3.jpg,/home/ikk/renal-calculi-classificaction/DATASET/RESIZED/3bII/section/MASKS/3bII_3_mask.png,2,3bII,section,3bII_3,3,2,4,0.03535589,0.022738697,0.33343497,0.54980546,0.058664944
/home/ikk/renal-calculi-classificaction/DATASET/RESIZED/2a/surface/2a_1940SE.jpg,/home/ikk/renal-calculi-classificaction/DATASET/RESIZED/2a/surface/MASKS/2a_1940SE_mask.png,0,2a,surface,2a_1940SE,4,0,4,0.06726058,0.012820973,0.0031216706,0.007550435,0.9092464
/home/ikk/renal-calculi-classificaction/DATASET/RESIZED/2a/surface/2a_3346SE_surface.jpg,/home/ikk/renal-calculi-classificaction/DATASET/RESIZED/2a/surface/MASKS/2a_3346SE_surface_mask.png,0,2a,surface,2a_3346SE,1,0,4,0.13543797,0.56152487,0.2318128,0.03613644,0.035087883
/home/ikk/renal-calculi-classificaction/DATASET/RESIZED/2a/surface/2a_3351SE_1._Imagen_general.jpg,/home/ikk/renal-calculi-classificaction/DATASET/RESIZED/2a/surface/MASKS/2a_3351SE_1._Imagen_general_mask.png,0,2a,surface,2a_3351SE,2,0,4,0.17040502,0.021784378,0.7633619,0.03719596,0.0072528217
/home/ikk/renal-calculi-classificaction/DATASET/RESIZED/2a/surface/2a_2073SE.jpg,/home/ikk/renal-calculi-classificaction/DATASET/RESIZED/2a/surface/MASKS/2a_2073SE_mask.png,0,2a,surface,2a_2073SE,0,0,4,0.7219228,0.0972728,0.04530552,0.023014404,0.11248445
/home/ikk/renal-calculi-classificaction/DATASET/RESIZED/2a/surface/2a_2015SE.jpg,/home/ikk/renal-calculi-classificaction/DATASET/RESIZED/2a/surface/MASKS/2a_2015SE_mask.png,0,2a,surface,2a_2015SE,0,0,4,0.9823099,0.0018965999,0.012066456,0.00085423293,0.002872858
/home/ikk/renal-calculi-classificaction/DATASET/RESIZED/2a/surface/2a_2087SE.jpg,/home/ikk/renal-calculi-classificaction/DATASET/RESIZED/2a/surface/MASKS/2a_2087SE_mask.png,0,2a,surface,2a_2087SE,0,0,4,0.99468553,0.0010666492,0.002539713,0.0005418527,0.0011662826
/home/ikk/renal-calculi-classificaction/DATASET/RESIZED/2a/section/2a_2749SE.jpg,/home/ikk/renal-calculi-classificaction/DATASET/RESIZED/2a/section/MASKS/2a_2749SE_mask.png,0,2a,section,2a_2749SE,0,0,4,0.87020147,0.010813453,0.077964194,0.013873909,0.027146947
/home/ikk/renal-calculi-classificaction/DATASET/RESIZED/2a/section/2a_2133SE.jpg,/home/ikk/renal-calculi-classificaction/DATASET/RESIZED/2a/section/MASKS/2a_2133SE_mask.png,0,2a,section,2a_2133SE,0,0,4,0.9800685,0.0018500886,0.014441673,0.0010147743,0.00262494
/home/ikk/renal-calculi-classificaction/DATASET/RESIZED/2a/section/2a_1940SE_2.jpg,/home/ikk/renal-calculi-classificaction/DATASET/RESIZED/2a/section/MASKS/2a_1940SE_2_mask.png,0,2a,section,2a_1940SE,2,0,4,0.058062118,0.009297556,0.8904085,0.020286243,0.021945607
/home/ikk/renal-calculi-classificaction/DATASET/RESIZED/2a/section/2a_3346SE_section.jpg,/home/ikk/renal-calculi-classificaction/DATASET/RESIZED/2a/section/MASKS/2a_3346SE_section_mask.png,0,2a,section,2a_3346SE,0,0,4,0.7891278,0.007656991,0.194774,0.0034935626,0.004947583
/home/ikk/renal-calculi-classificaction/DATASET/RESIZED/2a/section/2a_3351SE_3._Seccion_2.jpg,/home/ikk/renal-calculi-classificaction/DATASET/RESIZED/2a/section/MASKS/2a_3351SE_3._Seccion_2_mask.png,0,2a,section,2a_3351SE,2,0,4,0.20217215,0.031401444,0.74923277,0.010712329,0.0064813234
/home/ikk/renal-calculi-classificaction/DATASET/RESIZED/2a/section/2a_3266SE.jpg,/home/ikk/renal-calculi-classificaction/DATASET/RESIZED/2a/section/MASKS/2a_3266SE_mask.png,0,2a,section,2a_3266SE,0,0,4,0.92504716,0.0072226697,0.05681091,0.0027606443,0.008158629
/home/ikk/renal-calculi-classificaction/DATASET/RESIZED/2a/section/2a_2580SE.png,/home/ikk/renal-calculi-classificaction/DATASET/RESIZED/2a/section/MASKS/2a_2580SE_mask.png,0,2a,section,2a_2580SE,0,0,4,0.8400246,0.02527934,0.11640559,0.003150152,0.015140311
/home/ikk/renal-calculi-classificaction/DATASET/RESIZED/2a/section/2a_2327SE.png,/home/ikk/renal-calculi-classificaction/DATASET/RESIZED/2a/section/MASKS/2a_2327SE_mask.png,0,2a,section,2a_2327SE,1,0,4,0.21693559,0.44086164,0.14056231,0.05426365,0.14737685
/home/ikk/renal-calculi-classificaction/DATASET/RESIZED/2a/section/2a_3351SE_2._Seccion_1.jpg,/home/ikk/renal-calculi-classificaction/DATASET/RESIZED/2a/section/MASKS/2a_3351SE_2._Seccion_1_mask.png,0,2a,section,2a_3351SE,0,0,4,0.6299857,0.08294189,0.15348653,0.09649008,0.03709581
/home/ikk/renal-calculi-classificaction/DATASET/RESIZED/2a/section/2a_1830SE.jpg,/home/ikk/renal-calculi-classificaction/DATASET/RESIZED/2a/section/MASKS/2a_1830SE_mask.png,0,2a,section,2a_1830SE,0,0,4,0.658347,0.0068398323,0.3259981,0.0026742914,0.0061407653
/home/ikk/renal-calculi-classificaction/DATASET/RESIZED/2a/section/2a_3025SE.jpg,/home/ikk/renal-calculi-classificaction/DATASET/RESIZED/2a/section/MASKS/2a_3025SE_mask.png,0,2a,section,2a_3025SE,4,0,4,0.097690135,0.10862022,0.11462003,0.07383512,0.6052345
/home/ikk/renal-calculi-classificaction/DATASET/RESIZED/2a/section/2a_2872SE.jpg,/home/ikk/renal-calculi-classificaction/DATASET/RESIZED/2a/section/MASKS/2a_2872SE_mask.png,0,2a,section,2a_2872SE,2,0,4,0.47588038,0.0030719226,0.50677353,0.0054534203,0.00882078
/home/ikk/renal-calculi-classificaction/DATASET/RESIZED/4II-4I/surface/4I_1853SE.jpg,/home/ikk/renal-calculi-classificaction/DATASET/RESIZED/4II-4I/surface/MASKS/4I_1853SE_mask.png,2,4II-4I,surface,4I_1853SE,2,2,4,0.14038101,0.3551882,0.47413987,0.009252388,0.021038504
/home/ikk/renal-calculi-classificaction/DATASET/RESIZED/4II-4I/surface/4II_5.jpg,/home/ikk/renal-calculi-classificaction/DATASET/RESIZED/4II-4I/surface/MASKS/4II_5_mask.png,2,4II-4I,surface,4II_5,2,2,4,0.041263226,0.08815223,0.5218274,0.32672626,0.022030864
/home/ikk/renal-calculi-classificaction/DATASET/RESIZED/4II-4I/surface/4II_2201SE.jpg,/home/ikk/renal-calculi-classificaction/DATASET/RESIZED/4II-4I/surface/MASKS/4II_2201SE_mask.png,2,4II-4I,surface,4II_2201SE,2,2,4,0.008049514,0.009505567,0.4147447,0.412074,0.15562627
/home/ikk/renal-calculi-classificaction/DATASET/RESIZED/4II-4I/section/4II_1920SE.jpg,/home/ikk/renal-calculi-classificaction/DATASET/RESIZED/4II-4I/section/MASKS/4II_1920SE_mask.png,2,4II-4I,section,4II_1920SE,2,2,4,0.045986384,0.005271401,0.9276184,0.009122307,0.012001538
/home/ikk/renal-calculi-classificaction/DATASET/RESIZED/4II-4I/section/4I_1853SE_2.jpg,/home/ikk/renal-calculi-classificaction/DATASET/RESIZED/4II-4I/section/MASKS/4I_1853SE_2_mask.png,2,4II-4I,section,4I_1853SE,2,2,4,0.34936002,0.048826262,0.5307481,0.009531752,0.061533812
/home/ikk/renal-calculi-classificaction/DATASET/RESIZED/4II-4I/section/4I_COM_2150SE.jpg,/home/ikk/renal-calculi-classificaction/DATASET/RESIZED/4II-4I/section/MASKS/4I_COM_2150SE_mask.png,2,4II-4I,section,4I_COM_2150SE,2,2,4,0.0522986,0.0048658005,0.6692257,0.25826877,0.015341173
/home/ikk/renal-calculi-classificaction/DATASET/RESIZED/4II-4I/section/4II_2659SE.png,/home/ikk/renal-calculi-classificaction/DATASET/RESIZED/4II-4I/section/MASKS/4II_2659SE_mask.png,2,4II-4I,section,4II_2659SE,2,2,4,0.02873426,0.052780066,0.85160774,0.062857725,0.004020175
/home/ikk/renal-calculi-classificaction/DATASET/RESIZED/4II-4I/section/4I_1931SE.jpg,/home/ikk/renal-calculi-classificaction/DATASET/RESIZED/4II-4I/section/MASKS/4I_1931SE_mask.png,2,4II-4I,section,4I_1931SE,0,2,4,0.37475175,0.019421257,0.290021,0.0887608,0.2270452
/home/ikk/renal-calculi-classificaction/DATASET/RESIZED/4II-4I/section/4I_2531SE.png,/home/ikk/renal-calculi-classificaction/DATASET/RESIZED/4II-4I/section/MASKS/4I_2531SE_mask.png,2,4II-4I,section,4I_2531SE,3,2,4,0.020490943,0.005477161,0.2806868,0.68971395,0.0036311557
/home/ikk/renal-calculi-classificaction/DATASET/RESIZED/4II-4I/section/4I_1931SE_2.jpg,/home/ikk/renal-calculi-classificaction/DATASET/RESIZED/4II-4I/section/MASKS/4I_1931SE_2_mask.png,2,4II-4I,section,4I_1931SE,2,2,4,0.32917818,0.0150053445,0.48829868,0.11846693,0.04905084
/home/ikk/renal-calculi-classificaction/DATASET/RESIZED/4II-4I/section/4I_3271SE.jpg,/home/ikk/renal-calculi-classificaction/DATASET/RESIZED/4II-4I/section/MASKS/4I_3271SE_mask.png,2,4II-4I,section,4I_3271SE,2,2,4,0.03256541,0.019657565,0.7207998,0.21396872,0.013008516
/home/ikk/renal-calculi-classificaction/DATASET/RESIZED/4II-4I/section/4I_2761SE.jpg,/home/ikk/renal-calculi-classificaction/DATASET/RESIZED/4II-4I/section/MASKS/4I_2761SE_mask.png,2,4II-4I,section,4I_2761SE,3,2,4,0.008368928,0.063156776,0.15144284,0.77220255,0.0048288926
/home/ikk/renal-calculi-classificaction/DATASET/RESIZED/4II-4I/section/4II_3040SE.png,/home/ikk/renal-calculi-classificaction/DATASET/RESIZED/4II-4I/section/MASKS/4II_3040SE_mask.png,2,4II-4I,section,4II_3040SE,2,2,4,0.20407534,0.10934873,0.6070032,0.062388886,0.017183827
/home/ikk/renal-calculi-classificaction/DATASET/RESIZED/1aI/surface/1aI_COD_sup_1996SE.jpg,/home/ikk/renal-calculi-classificaction/DATASET/RESIZED/1aI/surface/MASKS/1aI_COD_sup_1996SE_mask.png,0,1aI,surface,1aI_COD_sup_1996SE,0,0,4,0.9836622,0.009266463,0.0042807315,0.0012152521,0.0015753459
/home/ikk/renal-calculi-classificaction/DATASET/RESIZED/1aI/surface/1aI_1890SE.jpg,/home/ikk/renal-calculi-classificaction/DATASET/RESIZED/1aI/surface/MASKS/1aI_1890SE_mask.png,0,1aI,surface,1aI_1890SE,0,0,4,0.5044037,0.007934321,0.3884953,0.08442897,0.014737725
/home/ikk/renal-calculi-classificaction/DATASET/RESIZED/1aI/surface/1aI_1986SE.jpg,/home/ikk/renal-calculi-classificaction/DATASET/RESIZED/1aI/surface/MASKS/1aI_1986SE_mask.png,0,1aI,surface,1aI_1986SE,0,0,4,0.9960878,0.0007421808,0.0022994925,0.00037513184,0.0004954015
/home/ikk/renal-calculi-classificaction/DATASET/RESIZED/1aI/surface/1aI_2895SE.jpg,/home/ikk/renal-calculi-classificaction/DATASET/RESIZED/1aI/surface/MASKS/1aI_2895SE_mask.png,0,1aI,surface,1aI_2895SE,2,0,4,0.263187,0.030047607,0.6910343,0.011464042,0.0042670737
/home/ikk/renal-calculi-classificaction/DATASET/RESIZED/1aI/surface/1aI_3199SE.jpg,/home/ikk/renal-calculi-classificaction/DATASET/RESIZED/1aI/surface/MASKS/1aI_3199SE_mask.png,0,1aI,surface,1aI_3199SE,0,0,4,0.8916924,0.0026042114,0.09915543,0.0031838615,0.003364031
/home/ikk/renal-calculi-classificaction/DATASET/RESIZED/1aI/surface/1aI_1777SE.jpg,/home/ikk/renal-calculi-classificaction/DATASET/RESIZED/1aI/surface/MASKS/1aI_1777SE_mask.png,0,1aI,surface,1aI_1777SE,0,0,4,0.6350725,0.027698116,0.27787387,0.018375354,0.04098016
/home/ikk/renal-calculi-classificaction/DATASET/RESIZED/1aI/surface/1aI_1781SE.jpg,/home/ikk/renal-calculi-classificaction/DATASET/RESIZED/1aI/surface/MASKS/1aI_1781SE_mask.png,0,1aI,surface,1aI_1781SE,0,0,4,0.9821592,0.0038344853,0.005956256,0.005029724,0.0030202817
/home/ikk/renal-calculi-classificaction/DATASET/RESIZED/1aI/surface/1aI_COD_sup_1829SE.jpg,/home/ikk/renal-calculi-classificaction/DATASET/RESIZED/1aI/surface/MASKS/1aI_COD_sup_1829SE_mask.png,0,1aI,surface,1aI_COD_sup_1829SE,2,0,4,0.13821374,0.0039377906,0.85469514,0.001125167,0.0020281756
/home/ikk/renal-calculi-classificaction/DATASET/RESIZED/1aI/surface/1aI_COD_sup_3317SE.jpg,/home/ikk/renal-calculi-classificaction/DATASET/RESIZED/1aI/surface/MASKS/1aI_COD_sup_3317SE_mask.png,0,1aI,surface,1aI_COD_sup_3317SE,0,0,4,0.92561704,0.015990734,0.016722998,0.01176482,0.029904412
/home/ikk/renal-calculi-classificaction/DATASET/RESIZED/1aI/surface/1aI_1947SE.jpg,/home/ikk/renal-calculi-classificaction/DATASET/RESIZED/1aI/surface/MASKS/1aI_1947SE_mask.png,0,1aI,surface,1aI_1947SE,0,0,4,0.6139542,0.2702946,0.056142062,0.022722526,0.0368866
/home/ikk/renal-calculi-classificaction/DATASET/RESIZED/1aI/surface/1aI_2016SE.jpg,/home/ikk/renal-calculi-classificaction/DATASET/RESIZED/1aI/surface/MASKS/1aI_2016SE_mask.png,0,1aI,surface,1aI_2016SE,0,0,4,0.940881,0.012052473,0.018943073,0.014346667,0.013776766
/home/ikk/renal-calculi-classificaction/DATASET/RESIZED/1aI/surface/1aI_2798SE.jpg,/home/ikk/renal-calculi-classificaction/DATASET/RESIZED/1aI/surface/MASKS/1aI_2798SE_mask.png,0,1aI,surface,1aI_2798SE,0,0,4,0.6090877,0.0468012,0.30596814,0.02819775,0.009945212
/home/ikk/renal-calculi-classificaction/DATASET/RESIZED/1aI/section/1aI_2779SE.jpg,/home/ikk/renal-calculi-classificaction/DATASET/RESIZED/1aI/section/MASKS/1aI_2779SE_mask.png,0,1aI,section,1aI_2779SE,0,0,4,0.9762507,0.0017271482,0.018613089,0.0014285138,0.0019805478
/home/ikk/renal-calculi-classificaction/DATASET/RESIZED/1aI/section/1aI_1947SE_2.jpg,/home/ikk/renal-calculi-classificaction/DATASET/RESIZED/1aI/section/MASKS/1aI_1947SE_2_mask.png,0,1aI,section,1aI_1947SE,0,0,4,0.92016953,0.013008277,0.06357539,0.0013815706,0.0018652349
/home/ikk/renal-calculi-classificaction/DATASET/RESIZED/6/surface/6_2784SE.jpg,/home/ikk/renal-calculi-classificaction/DATASET/RESIZED/6/surface/MASKS/6_2784SE_mask.png,3,6,surface,6_2784SE,2,3,5,0.01560011,0.05758467,0.78037614,0.13499315,0.011445969
/home/ikk/renal-calculi-classificaction/DATASET/RESIZED/6/surface/6_2351SE.png,/home/ikk/renal-calculi-classificaction/DATASET/RESIZED/6/surface/MASKS/6_2351SE_mask.png,3,6,surface,6_2351SE,2,3,5,0.020083025,0.12429976,0.80943084,0.03325197,0.01293434
/home/ikk/renal-calculi-classificaction/DATASET/RESIZED/6/section/6_2061SE.jpg,/home/ikk/renal-calculi-classificaction/DATASET/RESIZED/6/section/MASKS/6_2061SE_mask.png,3,6,section,6_2061SE,3,3,5,0.020748237,0.0019918291,0.006648476,0.9689878,0.001623599
/home/ikk/renal-calculi-classificaction/DATASET/RESIZED/6/section/6_3253SE.jpg,/home/ikk/renal-calculi-classificaction/DATASET/RESIZED/6/section/MASKS/6_3253SE_mask.png,3,6,section,6_3253SE,3,3,5,0.0050929533,0.0015155795,0.0039538406,0.9874549,0.0019827203
/home/ikk/renal-calculi-classificaction/DATASET/RESIZED/8aI - 8aII/surface/8aII_1930SE.jpg,/home/ikk/renal-calculi-classificaction/DATASET/RESIZED/8aI - 8aII/surface/MASKS/8aII_1930SE_mask.png,4,8aI - 8aII,surface,8aII_1930SE,0,4,5,0.60091937,0.019670475,0.30613953,0.035992865,0.037277736
/home/ikk/renal-calculi-classificaction/DATASET/RESIZED/8aI - 8aII/surface/8aII_COM_min_1808SE.jpg,/home/ikk/renal-calculi-classificaction/DATASET/RESIZED/8aI - 8aII/surface/MASKS/8aII_COM_min_1808SE_mask.png,4,8aI - 8aII,surface,8aII_COM_min_1808SE,4,4,5,0.019362839,0.018327165,0.10743885,0.009027312,0.84584385
/home/ikk/renal-calculi-classificaction/DATASET/RESIZED/8aI - 8aII/surface/8aII_1936SE_surface.jpg,/home/ikk/renal-calculi-classificaction/DATASET/RESIZED/8aI - 8aII/surface/MASKS/8aII_1936SE_surface_mask.png,4,8aI - 8aII,surface,8aII_1936SE,0,4,5,0.8903409,0.0036212695,0.100383036,0.0037269648,0.0019277902
/home/ikk/renal-calculi-classificaction/DATASET/RESIZED/8aI - 8aII/section/8aII_1936SE_section.jpg,/home/ikk/renal-calculi-classificaction/DATASET/RESIZED/8aI - 8aII/section/MASKS/8aII_1936SE_section_mask.png,4,8aI - 8aII,section,8aII_1936SE,0,4,5,0.6881783,0.02599084,0.27073926,0.0070311227,0.008060457
/home/ikk/renal-calculi-classificaction/DATASET/RESIZED/8aI - 8aII/section/8aII_1936SE_2_.jpg,/home/ikk/renal-calculi-classificaction/DATASET/RESIZED/8aI - 8aII/section/MASKS/8aII_1936SE_2__mask.png,4,8aI - 8aII,section,8aII_1936SE,0,4,5,0.9179942,0.006824631,0.07040385,0.0010929349,0.0036843817
/home/ikk/renal-calculi-classificaction/DATASET/RESIZED/8aI - 8aII/section/8aII_1.jpg,/home/ikk/renal-calculi-classificaction/DATASET/RESIZED/8aI - 8aII/section/MASKS/8aII_1_mask.png,4,8aI - 8aII,section,8aII_1,4,4,5,0.16000849,0.024274897,0.045713104,0.030055381,0.73994815
/home/ikk/renal-calculi-classificaction/DATASET/RESIZED/8aI - 8aII/section/8aII_2520SE.png,/home/ikk/renal-calculi-classificaction/DATASET/RESIZED/8aI - 8aII/section/MASKS/8aII_2520SE_mask.png,4,8aI - 8aII,section,8aII_2520SE,0,4,5,0.3728116,0.28279737,0.30995175,0.009134858,0.025304457
/home/ikk/renal-calculi-classificaction/DATASET/RESIZED/8aI - 8aII/section/8aII_3053SE.png,/home/ikk/renal-calculi-classificaction/DATASET/RESIZED/8aI - 8aII/section/MASKS/8aII_3053SE_mask.png,4,8aI - 8aII,section,8aII_3053SE,4,4,5,0.0032390626,0.008757179,0.0029357756,0.0034242657,0.98164374
/home/ikk/renal-calculi-classificaction/DATASET/RESIZED/8aI - 8aII/section/8aII_3118SE.png,/home/ikk/renal-calculi-classificaction/DATASET/RESIZED/8aI - 8aII/section/MASKS/8aII_3118SE_mask.png,4,8aI - 8aII,section,8aII_3118SE,4,4,5,0.0037386469,0.0306357,0.006681832,0.009306547,0.9496373
/home/ikk/renal-calculi-classificaction/DATASET/RESIZED/3aII/surface/3aII_3176SE.jpg,/home/ikk/renal-calculi-classificaction/DATASET/RESIZED/3aII/surface/MASKS/3aII_3176SE_mask.png,1,3aII,surface,3aII_3176SE,2,1,5,0.007344929,0.15374333,0.41635615,0.010591626,0.41196397
/home/ikk/renal-calculi-classificaction/DATASET/RESIZED/3aII/surface/3aII_1994SE.jpg,/home/ikk/renal-calculi-classificaction/DATASET/RESIZED/3aII/surface/MASKS/3aII_1994SE_mask.png,1,3aII,surface,3aII_1994SE,1,1,5,0.02229249,0.8505014,0.03846595,0.043534294,0.045205858
/home/ikk/renal-calculi-classificaction/DATASET/RESIZED/3aII/surface/3aII_2224SE.jpg,/home/ikk/renal-calculi-classificaction/DATASET/RESIZED/3aII/surface/MASKS/3aII_2224SE_mask.png,1,3aII,surface,3aII_2224SE,0,1,5,0.71876836,0.110735275,0.16227394,0.0045204903,0.0037019968
/home/ikk/renal-calculi-classificaction/DATASET/RESIZED/3bII/surface/3bII_2318SE.png,/home/ikk/renal-calculi-classificaction/DATASET/RESIZED/3bII/surface/MASKS/3bII_2318SE_mask.png,2,3bII,surface,3bII_2318SE,1,2,5,0.100942396,0.6429143,0.22066899,0.023050185,0.012424184
/home/ikk/renal-calculi-classificaction/DATASET/RESIZED/3bII/surface/3bII_7.png,/home/ikk/renal-calculi-classificaction/DATASET/RESIZED/3bII/surface/MASKS/3bII_7_mask.png,2,3bII,surface,3bII_7,2,2,5,0.11298445,0.2922409,0.553599,0.025998196,0.015177429
/home/ikk/renal-calculi-classificaction/DATASET/RESIZED/3bII/surface/3bII_1995SE.jpg,/home/ikk/renal-calculi-classificaction/DATASET/RESIZED/3bII/surface/MASKS/3bII_1995SE_mask.png,2,3bII,surface,3bII_1995SE,2,2,5,0.046051,0.23123603,0.68537366,0.008374317,0.028965024
/home/ikk/renal-calculi-classificaction/DATASET/RESIZED/3bII/surface/3bII_1914SE_2.jpg,/home/ikk/renal-calculi-classificaction/DATASET/RESIZED/3bII/surface/MASKS/3bII_1914SE_2_mask.png,2,3bII,surface,3bII_1914SE,2,2,5,0.053665433,0.019346382,0.7485867,0.17306638,0.0053351065
/home/ikk/renal-calculi-classificaction/DATASET/RESIZED/3bII/surface/3bII_1914SE.jpg,/home/ikk/renal-calculi-classificaction/DATASET/RESIZED/3bII/surface/MASKS/3bII_1914SE_mask.png,2,3bII,surface,3bII_1914SE,2,2,5,0.014104787,0.015067816,0.89817196,0.06844059,0.0042148414
/home/ikk/renal-calculi-classificaction/DATASET/RESIZED/3bII/section/3bII_2.png,/home/ikk/renal-calculi-classificaction/DATASET/RESIZED/3bII/section/MASKS/3bII_2_mask.png,2,3bII,section,3bII_2,2,2,5,0.00969764,0.1840972,0.6881961,0.1107393,0.007269729
/home/ikk/renal-calculi-classificaction/DATASET/RESIZED/3bII/section/3bII_1816SE.jpg,/home/ikk/renal-calculi-classificaction/DATASET/RESIZED/3bII/section/MASKS/3bII_1816SE_mask.png,2,3bII,section,3bII_1816SE,4,2,5,0.07511189,0.032946594,0.04697739,0.0076203146,0.8373438
/home/ikk/renal-calculi-classificaction/DATASET/RESIZED/3bII/section/3bII_2495SE.png,/home/ikk/renal-calculi-classificaction/DATASET/RESIZED/3bII/section/MASKS/3bII_2495SE_mask.png,2,3bII,section,3bII_2495SE,2,2,5,0.3568516,0.06400866,0.56241256,0.0102929715,0.0064342148
/home/ikk/renal-calculi-classificaction/DATASET/RESIZED/3bII/section/3bII_111111_inventado.jpg,/home/ikk/renal-calculi-classificaction/DATASET/RESIZED/3bII/section/MASKS/3bII_111111_inventado_mask.png,2,3bII,section,3bII_111111,0,2,5,0.9774599,0.0012352945,0.019295156,0.00082058465,0.0011890559
/home/ikk/renal-calculi-classificaction/DATASET/RESIZED/3bII/section/3bII_2847SE.jpg,/home/ikk/renal-calculi-classificaction/DATASET/RESIZED/3bII/section/MASKS/3bII_2847SE_mask.png,2,3bII,section,3bII_2847SE,2,2,5,0.16054416,0.033183046,0.5876006,0.21483675,0.0038354408
/home/ikk/renal-calculi-classificaction/DATASET/RESIZED/3bII/section/3bII_3476SE.png,/home/ikk/renal-calculi-classificaction/DATASET/RESIZED/3bII/section/MASKS/3bII_3476SE_mask.png,2,3bII,section,3bII_3476SE,1,2,5,0.037902847,0.8843541,0.05892397,0.008816274,0.010002759
/home/ikk/renal-calculi-classificaction/DATASET/RESIZED/3bII/section/3bII_2043SE_2.jpg,/home/ikk/renal-calculi-classificaction/DATASET/RESIZED/3bII/section/MASKS/3bII_2043SE_2_mask.png,2,3bII,section,3bII_2043SE,0,2,5,0.946466,0.006104742,0.040062517,0.0029459335,0.0044207256
/home/ikk/renal-calculi-classificaction/DATASET/RESIZED/2a/surface/2a_1878SE.jpg,/home/ikk/renal-calculi-classificaction/DATASET/RESIZED/2a/surface/MASKS/2a_1878SE_mask.png,0,2a,surface,2a_1878SE,0,0,5,0.9413836,0.0033532772,0.05158322,0.00068762206,0.002992257
/home/ikk/renal-calculi-classificaction/DATASET/RESIZED/2a/surface/2a_3500SE_1.png,/home/ikk/renal-calculi-classificaction/DATASET/RESIZED/2a/surface/MASKS/2a_3500SE_1_mask.png,0,2a,surface,2a_3500SE,0,0,5,0.95222616,0.013304726,0.014653949,0.01736399,0.0024512045
/home/ikk/renal-calculi-classificaction/DATASET/RESIZED/2a/surface/2a_3333SE.jpg,/home/ikk/renal-calculi-classificaction/DATASET/RESIZED/2a/surface/MASKS/2a_3333SE_mask.png,0,2a,surface,2a_3333SE,4,0,5,0.2574761,0.02199599,0.008943686,0.02872918,0.68285507
/home/ikk/renal-calculi-classificaction/DATASET/RESIZED/2a/surface/2a_2485SE_1.png,/home/ikk/renal-calculi-classificaction/DATASET/RESIZED/2a/surface/MASKS/2a_2485SE_1_mask.png,0,2a,surface,2a_2485SE,2,0,5,0.3192986,0.021540023,0.44765234,0.18473583,0.026773242
/home/ikk/renal-calculi-classificaction/DATASET/RESIZED/2a/surface/2a_3469SE_1.png,/home/ikk/renal-calculi-classificaction/DATASET/RESIZED/2a/surface/MASKS/2a_3469SE_1_mask.png,0,2a,surface,2a_3469SE,4,0,5,0.1984554,0.18896835,0.07508381,0.23951839,0.29797405
/home/ikk/renal-calculi-classificaction/DATASET/RESIZED/2a/surface/2a_3337SE.jpg,/home/ikk/renal-calculi-classificaction/DATASET/RESIZED/2a/surface/MASKS/2a_3337SE_mask.png,0,2a,surface,2a_3337SE,0,0,5,0.97090924,0.0025940328,0.01073173,0.015028216,0.0007368076
/home/ikk/renal-calculi-classificaction/DATASET/RESIZED/2a/surface/2a_3098SE.png,/home/ikk/renal-calculi-classificaction/DATASET/RESIZED/2a/surface/MASKS/2a_3098SE_mask.png,0,2a,surface,2a_3098SE,0,0,5,0.96782357,0.015171906,0.0074898736,0.008662575,0.0008520222
/home/ikk/renal-calculi-classificaction/DATASET/RESIZED/2a/surface/2a_2297SE_1.png,/home/ikk/renal-calculi-classificaction/DATASET/RESIZED/2a/surface/MASKS/2a_2297SE_1_mask.png,0,2a,surface,2a_2297SE,0,0,5,0.7258471,0.03862332,0.0850705,0.12719378,0.023265302
/home/ikk/renal-calculi-classificaction/DATASET/RESIZED/2a/section/2a_3500SE_2.png,/home/ikk/renal-calculi-classificaction/DATASET/RESIZED/2a/section/MASKS/2a_3500SE_2_mask.png,0,2a,section,2a_3500SE,0,0,5,0.95269144,0.0048065893,0.03839306,0.002309732,0.001799177
/home/ikk/renal-calculi-classificaction/DATASET/RESIZED/2a/section/2a_COD_sup_2283SE.png,/home/ikk/renal-calculi-classificaction/DATASET/RESIZED/2a/section/MASKS/2a_COD_sup_2283SE_mask.png,0,2a,section,2a_COD_sup_2283SE,0,0,5,0.8961422,0.041432943,0.028612638,0.018166402,0.015645752
/home/ikk/renal-calculi-classificaction/DATASET/RESIZED/2a/section/2a_2077SE.jpg,/home/ikk/renal-calculi-classificaction/DATASET/RESIZED/2a/section/MASKS/2a_2077SE_mask.png,0,2a,section,2a_2077SE,0,0,5,0.9409428,0.007960331,0.034359265,0.004510942,0.012226624
/home/ikk/renal-calculi-classificaction/DATASET/RESIZED/2a/section/2aCOD_sup_1.jpg,/home/ikk/renal-calculi-classificaction/DATASET/RESIZED/2a/section/MASKS/2aCOD_sup_1_mask.png,0,2a,section,2aCOD_sup_1,0,0,5,0.95915955,0.0046006977,0.029132977,0.0050594453,0.0020473106
/home/ikk/renal-calculi-classificaction/DATASET/RESIZED/2a/section/2a_2602SE.png,/home/ikk/renal-calculi-classificaction/DATASET/RESIZED/2a/section/MASKS/2a_2602SE_mask.png,0,2a,section,2a_2602SE,0,0,5,0.97137624,0.004331249,0.017190237,0.0053919917,0.0017102964
/home/ikk/renal-calculi-classificaction/DATASET/RESIZED/2a/section/2a_2869SE.jpg,/home/ikk/renal-calculi-classificaction/DATASET/RESIZED/2a/section/MASKS/2a_2869SE_mask.png,0,2a,section,2a_2869SE,0,0,5,0.96722656,0.0019699016,0.025558986,0.004587747,0.00065678224
/home/ikk/renal-calculi-classificaction/DATASET/RESIZED/2a/section/2a_2049SE.jpg,/home/ikk/renal-calculi-classificaction/DATASET/RESIZED/2a/section/MASKS/2a_2049SE_mask.png,0,2a,section,2a_2049SE,0,0,5,0.9651469,0.0024975068,0.029226609,0.0013590277,0.0017699919
/home/ikk/renal-calculi-classificaction/DATASET/RESIZED/2a/section/2a_2297SE_2.png,/home/ikk/renal-calculi-classificaction/DATASET/RESIZED/2a/section/MASKS/2a_2297SE_2_mask.png,0,2a,section,2a_2297SE,0,0,5,0.97241455,0.005123829,0.017688992,0.0031623796,0.0016102276
/home/ikk/renal-calculi-classificaction/DATASET/RESIZED/2a/section/2a_2485SE_2.png,/home/ikk/renal-calculi-classificaction/DATASET/RESIZED/2a/section/MASKS/2a_2485SE_2_mask.png,0,2a,section,2a_2485SE,0,0,5,0.5593452,0.034339063,0.36957702,0.02871324,0.008025445
/home/ikk/renal-calculi-classificaction/DATASET/RESIZED/2a/section/2a_3469SE_2.png,/home/ikk/renal-calculi-classificaction/DATASET/RESIZED/2a/section/MASKS/2a_3469SE_2_mask.png,0,2a,section,2a_3469SE,2,0,5,0.4318331,0.028077733,0.49990526,0.004177526,0.03600641
/home/ikk/renal-calculi-classificaction/DATASET/RESIZED/2a/section/2a_2710SE.jpg,/home/ikk/renal-calculi-classificaction/DATASET/RESIZED/2a/section/MASKS/2a_2710SE_mask.png,0,2a,section,2a_2710SE,0,0,5,0.9160322,0.050402667,0.021203766,0.007353186,0.005008162
/home/ikk/renal-calculi-classificaction/DATASET/RESIZED/2a/section/2a_1878SE_2.jpg,/home/ikk/renal-calculi-classificaction/DATASET/RESIZED/2a/section/MASKS/2a_1878SE_2_mask.png,0,2a,section,2a_1878SE,2,0,5,0.10942555,0.04896695,0.506321,0.019588606,0.31569788
/home/ikk/renal-calculi-classificaction/DATASET/RESIZED/2a/section/2a_1938SE.jpg,/home/ikk/renal-calculi-classificaction/DATASET/RESIZED/2a/section/MASKS/2a_1938SE_mask.png,0,2a,section,2a_1938SE,0,0,5,0.9439128,0.00825816,0.03948638,0.001657448,0.006685165
/home/ikk/renal-calculi-classificaction/DATASET/RESIZED/4II-4I/surface/4II_1825SE.jpg,/home/ikk/renal-calculi-classificaction/DATASET/RESIZED/4II-4I/surface/MASKS/4II_1825SE_mask.png,2,4II-4I,surface,4II_1825SE,0,2,5,0.6275239,0.043589022,0.2505224,0.022170577,0.05619406
/home/ikk/renal-calculi-classificaction/DATASET/RESIZED/4II-4I/surface/4II_4.jpg,/home/ikk/renal-calculi-classificaction/DATASET/RESIZED/4II-4I/surface/MASKS/4II_4_mask.png,2,4II-4I,surface,4II_4,2,2,5,0.006273791,0.0080079185,0.9208808,0.06073951,0.0040980135
/home/ikk/renal-calculi-classificaction/DATASET/RESIZED/4II-4I/surface/4I_2157SE.jpg,/home/ikk/renal-calculi-classificaction/DATASET/RESIZED/4II-4I/surface/MASKS/4I_2157SE_mask.png,2,4II-4I,surface,4I_2157SE,2,2,5,0.083458744,0.34402832,0.502791,0.041444402,0.028277524
/home/ikk/renal-calculi-classificaction/DATASET/RESIZED/4II-4I/section/4II_1825SE_2.jpg,/home/ikk/renal-calculi-classificaction/DATASET/RESIZED/4II-4I/section/MASKS/4II_1825SE_2_mask.png,2,4II-4I,section,4II_1825SE,2,2,5,0.074101545,0.013352659,0.8937581,0.0064582694,0.012329409
/home/ikk/renal-calculi-classificaction/DATASET/RESIZED/4II-4I/section/4II_2995SE.jpg,/home/ikk/renal-calculi-classificaction/DATASET/RESIZED/4II-4I/section/MASKS/4II_2995SE_mask.png,2,4II-4I,section,4II_2995SE,2,2,5,0.006266147,0.005890892,0.97837055,0.007090906,0.0023814386
/home/ikk/renal-calculi-classificaction/DATASET/RESIZED/4II-4I/section/4I_2427SE.png,/home/ikk/renal-calculi-classificaction/DATASET/RESIZED/4II-4I/section/MASKS/4I_2427SE_mask.png,2,4II-4I,section,4I_2427SE,0,2,5,0.72448957,0.057341635,0.18597822,0.021805752,0.010384873
/home/ikk/renal-calculi-classificaction/DATASET/RESIZED/4II-4I/section/4I_2021SE.jpg,/home/ikk/renal-calculi-classificaction/DATASET/RESIZED/4II-4I/section/MASKS/4I_2021SE_mask.png,2,4II-4I,section,4I_2021SE,2,2,5,0.07844062,0.12345346,0.77351767,0.01777765,0.006810572
/home/ikk/renal-calculi-classificaction/DATASET/RESIZED/4II-4I/section/4II_3012SE.jpg,/home/ikk/renal-calculi-classificaction/DATASET/RESIZED/4II-4I/section/MASKS/4II_3012SE_mask.png,2,4II-4I,section,4II_3012SE,2,2,5,0.024025096,0.0075904876,0.64275086,0.3224866,0.0031469092
/home/ikk/renal-calculi-classificaction/DATASET/RESIZED/4II-4I/section/4I_3380SE.jpg,/home/ikk/renal-calculi-classificaction/DATASET/RESIZED/4II-4I/section/MASKS/4I_3380SE_mask.png,2,4II-4I,section,4I_3380SE,0,2,5,0.63832676,0.005243089,0.17228599,0.17706479,0.0070793517
/home/ikk/renal-calculi-classificaction/DATASET/RESIZED/4II-4I/section/4II_2213SE.jpg,/home/ikk/renal-calculi-classificaction/DATASET/RESIZED/4II-4I/section/MASKS/4II_2213SE_mask.png,2,4II-4I,section,4II_2213SE,2,2,5,0.053373422,0.0061705387,0.8926476,0.037076436,0.01073192
/home/ikk/renal-calculi-classificaction/DATASET/RESIZED/4II-4I/section/4I_COM_3445SE.jpg,/home/ikk/renal-calculi-classificaction/DATASET/RESIZED/4II-4I/section/MASKS/4I_COM_3445SE_mask.png,2,4II-4I,section,4I_COM_3445SE,2,2,5,0.20013258,0.016409596,0.48225957,0.28536853,0.01582974
/home/ikk/renal-calculi-classificaction/DATASET/RESIZED/4II-4I/section/4II_2620SE.png,/home/ikk/renal-calculi-classificaction/DATASET/RESIZED/4II-4I/section/MASKS/4II_2620SE_mask.png,2,4II-4I,section,4II_2620SE,2,2,5,0.32992977,0.16936342,0.46286198,0.031430054,0.006414764
/home/ikk/renal-calculi-classificaction/DATASET/RESIZED/4II-4I/section/4II_8.png,/home/ikk/renal-calculi-classificaction/DATASET/RESIZED/4II-4I/section/MASKS/4II_8_mask.png,2,4II-4I,section,4II_8,2,2,5,0.016508278,0.029155355,0.7497808,0.1994565,0.005099114
/home/ikk/renal-calculi-classificaction/DATASET/RESIZED/1aI/surface/1aI_2004SE_1.jpg,/home/ikk/renal-calculi-classificaction/DATASET/RESIZED/1aI/surface/MASKS/1aI_2004SE_1_mask.png,0,1aI,surface,1aI_2004SE,2,0,5,0.26348883,0.02846425,0.69118345,0.008448877,0.0084145935
/home/ikk/renal-calculi-classificaction/DATASET/RESIZED/1aI/surface/1aI_3206SE_1.jpg,/home/ikk/renal-calculi-classificaction/DATASET/RESIZED/1aI/surface/MASKS/1aI_3206SE_1_mask.png,0,1aI,surface,1aI_3206SE,4,0,5,0.12015703,0.044965133,0.044754338,0.03598076,0.75414276
/home/ikk/renal-calculi-classificaction/DATASET/RESIZED/1aI/surface/1aI_2857SE_1.jpg,/home/ikk/renal-calculi-classificaction/DATASET/RESIZED/1aI/surface/MASKS/1aI_2857SE_1_mask.png,0,1aI,surface,1aI_2857SE,0,0,5,0.8728115,0.020381024,0.025125872,0.07803142,0.0036501698
/home/ikk/renal-calculi-classificaction/DATASET/RESIZED/1aI/surface/1aI_3369SE.jpg,/home/ikk/renal-calculi-classificaction/DATASET/RESIZED/1aI/surface/MASKS/1aI_3369SE_mask.png,0,1aI,surface,1aI_3369SE,0,0,5,0.7799945,0.025084505,0.16404888,0.01600408,0.014868074
/home/ikk/renal-calculi-classificaction/DATASET/RESIZED/1aI/surface/1aI_3292SE_2.jpg,/home/ikk/renal-calculi-classificaction/DATASET/RESIZED/1aI/surface/MASKS/1aI_3292SE_2_mask.png,0,1aI,surface,1aI_3292SE,4,0,5,0.05981602,0.04738648,0.021683035,0.018904435,0.85221
/home/ikk/renal-calculi-classificaction/DATASET/RESIZED/1aI/surface/1aI_3292SE_1.jpg,/home/ikk/renal-calculi-classificaction/DATASET/RESIZED/1aI/surface/MASKS/1aI_3292SE_1_mask.png,0,1aI,surface,1aI_3292SE,4,0,5,0.16644578,0.04697061,0.3798433,0.015094793,0.3916455
/home/ikk/renal-calculi-classificaction/DATASET/RESIZED/1aI/surface/1aI_2046SE_1.jpg,/home/ikk/renal-calculi-classificaction/DATASET/RESIZED/1aI/surface/MASKS/1aI_2046SE_1_mask.png,0,1aI,surface,1aI_2046SE,0,0,5,0.8954968,0.009183209,0.06401492,0.010263058,0.021042066
/home/ikk/renal-calculi-classificaction/DATASET/RESIZED/1aI/surface/1aI_2138SE_1.jpg,/home/ikk/renal-calculi-classificaction/DATASET/RESIZED/1aI/surface/MASKS/1aI_2138SE_1_mask.png,0,1aI,surface,1aI_2138SE,2,0,5,0.42000446,0.057161983,0.49662104,0.016617592,0.009594865
/home/ikk/renal-calculi-classificaction/DATASET/RESIZED/1aI/surface/1aI_2004SE_2.jpg,/home/ikk/renal-calculi-classificaction/DATASET/RESIZED/1aI/surface/MASKS/1aI_2004SE_2_mask.png,0,1aI,surface,1aI_2004SE,0,0,5,0.7714977,0.102325,0.08045078,0.035877272,0.009849244
/home/ikk/renal-calculi-classificaction/DATASET/RESIZED/1aI/surface/1aI_3292SE_3.jpg,/home/ikk/renal-calculi-classificaction/DATASET/RESIZED/1aI/surface/MASKS/1aI_3292SE_3_mask.png,0,1aI,surface,1aI_3292SE,4,0,5,0.078121066,0.077981904,0.03318771,0.04610899,0.76460034
/home/ikk/renal-calculi-classificaction/DATASET/RESIZED/1aI/section/1aI_3292SE_5.jpg,/home/ikk/renal-calculi-classificaction/DATASET/RESIZED/1aI/section/MASKS/1aI_3292SE_5_mask.png,0,1aI,section,1aI_3292SE,0,0,5,0.6400188,0.05890561,0.1560923,0.014484764,0.13049851
/home/ikk/renal-calculi-classificaction/DATASET/RESIZED/1aI/section/1aI_2046SE_3.jpg,/home/ikk/renal-calculi-classificaction/DATASET/RESIZED/1aI/section/MASKS/1aI_2046SE_3_mask.png,0,1aI,section,1aI_2046SE,0,0,5,0.9721281,0.0027401557,0.023544628,0.00083152734,0.0007555573
/home/ikk/renal-calculi-classificaction/DATASET/RESIZED/1aI/section/1aI_COD_sup_2058SE.jpg,/home/ikk/renal-calculi-classificaction/DATASET/RESIZED/1aI/section/MASKS/1aI_COD_sup_2058SE_mask.png,0,1aI,section,1aI_COD_sup_2058SE,0,0,5,0.5267621,0.030905204,0.4349456,0.003807885,0.0035791937
/home/ikk/renal-calculi-classificaction/DATASET/RESIZED/1aI/section/1aI_COD_sup_3291SE_2.jpg,/home/ikk/renal-calculi-classificaction/DATASET/RESIZED/1aI/section/MASKS/1aI_COD_sup_3291SE_2_mask.png,0,1aI,section,1aI_COD_sup_3291SE,0,0,5,0.8003978,0.006305597,0.16634133,0.024096133,0.0028591326
/home/ikk/renal-calculi-classificaction/DATASET/RESIZED/1aI/section/1aI_2046SE_2.jpg,/home/ikk/renal-calculi-classificaction/DATASET/RESIZED/1aI/section/MASKS/1aI_2046SE_2_mask.png,0,1aI,section,1aI_2046SE,0,0,5,0.97540885,0.001788942,0.02141938,0.0006865617,0.0006962916
/home/ikk/renal-calculi-classificaction/DATASET/RESIZED/1aI/section/1aI_2138SE_2.jpg,/home/ikk/renal-calculi-classificaction/DATASET/RESIZED/1aI/section/MASKS/1aI_2138SE_2_mask.png,0,1aI,section,1aI_2138SE,0,0,5,0.99395245,0.0005999739,0.0047860644,0.00042124014,0.00024026699
/home/ikk/renal-calculi-classificaction/DATASET/RESIZED/1aI/section/1aI_3292SE_4.jpg,/home/ikk/renal-calculi-classificaction/DATASET/RESIZED/1aI/section/MASKS/1aI_3292SE_4_mask.png,0,1aI,section,1aI_3292SE,0,0,5,0.8751547,0.012882189,0.026694516,0.0029979565,0.0822706
